merchant_id,merchant_name,merchant_category,mcc,business_type,city,state,has_onboarding_date,onboarding_date,is_masked_account,settlement_account,merchant_status,declared_avg_ticket_size
MCH1001,Anand Kothari,Retail & Groceries,,Partnership / LLP,Pune,Maharashtra,TRUE,17-02-26 06:54,FALSE,7962506762,ACTIVE,332.55
MCH1002,Apte Saha And Edwin,Food & Beverage,5812,Private Limited,Bangalore,Karnataka,TRUE,01-07-26 09:01,TRUE,XXXX8596,ACTIVE,1671.2
MCH1003,Nayar Batta And Barad,Apparel & Fashion,5699,Private Limited,Chennai,Tamil Nadu,FALSE,,FALSE,,ACTIVE,792.91
MCH1004,Pillai Mohan,Travel & Transport,4131,Proprietorship,Lucknow,Uttar Pradesh,TRUE,08-04-23 00:00,FALSE,3448414449,ACTIVE,342.7
MCH1005,Sagar And Sons,Medical & Health,59120,Partnership / LLP,Ludhiana,Punjab,TRUE,06-02-24 00:00,FALSE,IPTY9767700049775,ACTIVE,967.53
MCH1007,Jain Wadhwa,Hotel & Lodging,7011,Private Limited,Chennai,Tamil Nadu,TRUE,30-06-25 00:00,FALSE,,INACTIVE,927.51
MCH1009,Bha11A Dave,Travel & Transport,4121,Individual,Mumbai,Maharashtra,TRUE,08-01-24 00:00,FALSE,BAVP5007663773178,ACTIVE,0.1496
MCH1010,Menon Andra,Retail & Groceries,5411,Private Limited,New Delhi,Delhi,TRUE,17-11-24 00:00,TRUE,XXXX4837,ACTIVE,678.36
MCH1011,Wable And Sons,Retail & Groceries,54110,Private Limited,Ludhiana,Punjab,TRUE,11-02-23 00:00,FALSE,,ACTIVE,6536.07
MCH1014,Agate Saxena And Pandit,Retail & Groceries,5311,Partnership / LLP,Jalandhar,Punjab,TRUE,21-12-23 00:00,FALSE,3851769270,ACTIVE,1096.96
MCH1015,Mannan Subramaniam,Hotel & Lodging,7011,Individual,Hyd,Telangana,TRUE,19-05-24 00:00,FALSE,,ACTIVE,1116.83
MCH1016,Mangat Som And Deshmukh,Books & Stationery,5942,Individual,Pune,Maharashtra,TRUE,02-08-25 00:00,FALSE,OOIR2591293670615,SUSPENDED,756.28
MCH1018,Kannan Khatri,Retail & Groceries,53110,Individual,Jalandhar,Punjab,TRUE,19-03-23 00:00,FALSE,,ACTIVE,0.1791
MCH1019,Iyer Thaker,Apparel & Fashion,5699,Partnership / LLP,Kolkata,West Bengal,TRUE,23-05-25 00:00,TRUE,XXXX9462,ACTIVE,1036.37
MCH1020,Garg Kale,Transprt,4131,Proprietorship,Asr,Punjab,TRUE,09-05-23 00:00,FALSE,,ACTIVE,1015.68
MCH1021,Naik Karpe,Retail & Groceries,5411,Proprietorship,Mumbai,Maharashtra,TRUE,16-11-25 17:48,FALSE,BPUY6277335937444,ACTIVE,2341.57
MCH1022,Ramesh Bhat,Other,,Private Limited,Hyderabad,Telangana,FALSE,,FALSE,,ACTIVE,3026.17
MCH1032,Nori Nigam,Hotel & Lodging,7011,Proprietorship,Pune,Maharashtra,TRUE,21-09-25 00:00,FALSE,DXHQ1859405929058,ACTIVE,652.29
MCH1033,Sidhu And Sons,Phone Service,4814,Individual,Jalandhar,Punjab,TRUE,11-09-23 00:00,FALSE,WXKC0706100279623,ACTIVE,1871.48
MCH1034,Devi Chaudhari,Medical & Health,7011,Private Limited,New Delhi,Delhi,TRUE,17-06-24 22:15,TRUE,XXXX9097,ACTIVE,243.38
MCH1035,Minhas Khatri,Food & Beverage,58120,Proprietorship,Mumbai,Maharashtra,TRUE,24-01-24 00:00,FALSE,LDCT0604920639781,ACTIVE,5777.68
MCH1039,Lal Barad,Electronics & Tech,4814,Proprietorship,Lucknow,Uttar Pradesh,TRUE,28-07-25 00:43,FALSE,,ACTIVE,3062.03
MCH1040,Krishnan And S0Ns,Retail & Groceries,5411,Proprietorship,Jalandhar,Punjab,TRUE,06-01-23 00:00,FALSE,5805252531,ACTIVE,1030.03
MCH1041,Pat1A S0M,Apparel & Fashion,,Private Limited,Kolkata,West Bengal,TRUE,21-04-24 00:00,FALSE,,ACTIVE,3701.53
MCH1044,Jha Salvi And Setty,Retail,5311,Partnership / LLP,Hyderabad,Telangana,TRUE,28-10-24 00:00,FALSE,VZSQ7155957356020,ACTIVE,1084.93
MCH1047,Rana Aurora,Electronics & Tech,4814,Partnership / LLP,Bangalore,Karnataka,TRUE,20-08-23 01:01,FALSE,BJXS0430805448675,ACTIVE,1003.46
MCH1050,Trivedi Zachariah,Apparel & Fashion,5699,Proprietorship,Jaipur,Rajasthan,TRUE,30-01-25 00:00,FALSE,368449602,ACTIVE,2479.88
MCH1053,Gera Grover And Sehgal,Electronics & Tech,4814,Individual,Amritsar,Punjab,TRUE,22-02-25 00:00,FALSE,,ACTIVE,708.11
MCH1054,Cheema Ltd,Retail & Groceries,5311,Private Limited,Pune,Maharashtra,TRUE,27-05-23 00:00,FALSE,,ACTIVE,868.09
MCH1055,Dhingra Kapoor,Retail,5311,Partnership / LLP,Blr,Karnataka,TRUE,30-12-24 03:08,FALSE,6794786904,ACTIVE,770.74
MCH1056,Mital Jhaveri,Retail & Groceries,5311,Partnership / LLP,Asr,Punjab,TRUE,10-09-23 00:09,FALSE,6820698589,ACTIVE,5938.05
MCH1058,Vyas Virkanddatta,Retail & Groceries,5311,Partnership / LLP,Poona,Maharashtra,TRUE,20-01-23 00:00,TRUE,XXXX0826,ACTIVE,1504.39
MCH1059,Prasad Ltd,Phone Service,4814,Partnership / LLP,Hyd,Telangana,TRUE,18-03-23 00:00,TRUE,XXXX9900,ACTIVE,4187.75
MCH1060,Subramaniam Rama And Contractor,Travel & Transport,4131,Individual,Hyderabad,Telangana,TRUE,02-05-24 09:00,FALSE,FXHY9362967598468,ACTIVE,0.48
MCH1063,Samra Sur And Venkataraman,Retail Other,5999,Private Limited,Chennai,Tamil Nadu,TRUE,13-06-23 00:00,FALSE,2476053551,ACTIVE,1297.7
MCH1064,Mishra Badami,Books & Stationery,5942,Proprietorship,Lucknow,Uttar Pradesh,TRUE,03-12-25 00:00,FALSE,,ACTIVE,2393.66
MCH1068,Mall Palan,Other,,Proprietorship,Jaipur,Rajasthan,TRUE,02-09-26 09:23,FALSE,PKRN8629349498422,ACTIVE,663.04
MCH1070,Pandya Plc,Misc Retail,5999,Private Limited,Chennai,Tamil Nadu,TRUE,03-09-24 00:00,FALSE,,ACTIVE,1259.2
MCH1071,Shankargroup,Hotel & Lodging,7011,Individual,Mumbai,Maharashtra,TRUE,23-06-24 13:38,FALSE,6765564160,ACTIVE,389.19
MCH1072,Kalla Khalsa,Food & Beverage,5812,Private Limited,Mumbai,Maharashtra,TRUE,10-11-25 00:00,FALSE,,INACTIVE,422.23
MCH1073,Dasgupta Rayanddara,Medical & Health,,Partnership / LLP,Lucknow,Uttar Pradesh,TRUE,22-09-24 00:00,TRUE,XXXX7293,SUSPENDED,1002.63
MCH1075,Pingle Mohan,Medical & Health,5912,Proprietorship,Ludhiana,Punjab,TRUE,24-02-25 00:00,TRUE,XXXX2118,ACTIVE,1639.19
MCH1077,Taneja Nagar,Retail & Groceries,5411,Individual,Asr,Punjab,TRUE,27-02-26 00:00,FALSE,QQWI6101172213624,ACTIVE,358.21
MCH1079,Sharaf And Sons,Electronics & Tech,,Proprietorship,Poona,Maharashtra,TRUE,20-10-23 00:00,FALSE,,ACTIVE,455.39
MCH1081,Mistry Group,Food & Beverage,5812,Private Limited,Mumbai,Maharashtra,TRUE,27-05-25 00:00,TRUE,XXXX5682,ACTIVE,2299.04
MCH1082,Oommen Inc,Hotel & Lodging,70110,Partnership / LLP,Amritsar,Punjab,FALSE,,FALSE,6717543820,ACTIVE,833.19
MCH1083,Chaudhry Bhat,Food & Beverage,5812,Proprietorship,Jalandhar,Punjab,TRUE,30-04-25 00:00,FALSE,DSMZ2555394666399,INACTIVE,730.39
MCH1084,Krishnamurthy Inc,Other,59990,Private Limited,Jalandhar,Punjab,TRUE,21-04-25 00:00,FALSE,7207827487,ACTIVE,4469.21
MCH1086,Agrawal Sule,Apparel & Fashion,,Individual,Ludhiana,Punjab,TRUE,13-11-23 00:00,FALSE,,ACTIVE,1355.59
MCH1087,Mitter Sawhney And Luthra,Hotel & Lodging,7011,Partnership / LLP,Chennai,Tamil Nadu,TRUE,19-04-25 00:00,FALSE,,SUSPENDED,2381.71
MCH1089,Randhawa Barad,Books & Stationery,5942,Individual,Jalandhar,Punjab,TRUE,06-12-25 00:00,FALSE,,ACTIVE,8714.78
MCH1093,Dubey Uppal And Bhatt,Food & Beverage,5812,Private Limited,Poona,Maharashtra,TRUE,26-04-25 00:00,FALSE,,INACTIVE,4005.67
MCH1095,Mander Group,Phone Service,4814,Partnership / LLP,Kolkata,West Bengal,TRUE,30-01-23 03:08,TRUE,XXXX5510,ACTIVE,1277.94
MCH1096,Subramanian Prasad,Apparel & Fashion,5699,Individual,Hyd,Telangana,TRUE,07-03-25 02:41,FALSE,,ACTIVE,8373.82
MCH1097,Narayan Datta And Chowdhury,Other,5999,Individual,Lucknow,Uttar Pradesh,TRUE,09-05-25 00:00,FALSE,,ACTIVE,343.8
MCH1098,Raval Yadav And Yogi,Hotel & Lodging,7011,Private Limited,Jaipur,Rajasthan,TRUE,12-01-23 00:00,TRUE,XXXX3614,ACTIVE,0.181
MCH1100,Swamy Inc,Retail,5311,Partnership / LLP,Ludhiana,Punjab,TRUE,17-08-24 00:00,FALSE,9084083237,ACTIVE,2008.22
MCH1101,Mangal Inc,Medical & Health,5912,Individual,Chennai,Tamil Nadu,TRUE,19-06-23 00:00,TRUE,XXXX7862,ACTIVE,2025.16
MCH1104,Chander Llc,Electronics & Tech,4814,Private Limited,New Delhi,Delhi,TRUE,09-05-24 00:00,FALSE,,ACTIVE,778.62
MCH1106,Agrawal Ganguly And Kalla,Retail & Groceries,5411,Private Limited,New Delhi,Delhi,TRUE,25-08-24 00:00,FALSE,ZKGK4764088745020,ACTIVE,1100.28
MCH1107,Sen Das,Electronics & Tech,,Private Limited,Chennai,Tamil Nadu,TRUE,16-09-24 00:00,FALSE,VDXT6754486241555,ACTIVE,1021.355
MCH1109,Solanki Ltd,Retail & Groceries,53110,Partnership / LLP,Mumbai,Maharashtra,TRUE,23-07-23 00:00,TRUE,XXXX9384,ACTIVE,1262.18
MCH1115,Nadkarni Llc,Transprt,4131,Partnership / LLP,Jalandhar,Punjab,FALSE,,FALSE,,ACTIVE,0.6943
MCH1118,Chokshiinc,Travel & Transport,4131,Partnership / LLP,Jalandhar,Punjab,TRUE,26-07-25 00:00,TRUE,XXXX1304,ACTIVE,590.75
MCH1122,Rana Choudhury And Garde,Medical & Health,5912,Partnership / LLP,Ludhiana,Punjab,TRUE,30-11-24 00:00,TRUE,XXXX6047,ACTIVE,4792.92
MCH1124,Hayre Chana And Bhasin,Apparel & Fashion,5699,Proprietorship,Jaipur,Rajasthan,TRUE,05-10-24 00:00,FALSE,,ACTIVE,843.01
MCH1126,Nayak Dhaliwal And Soman,Retail & Groceries,5411,Partnership / LLP,Jalandhar,Punjab,TRUE,12-02-26 00:00,FALSE,,ACTIVE,564.83
MCH1128,Natt Keer,Retail Other,5999,Proprietorship,Hyd,Telangana,TRUE,10-01-26 12:42,TRUE,XXXX1918,ACTIVE,1028.32
MCH1130,Bhargava Dara,Retail & Groceries,5311,Individual,Amritsar,Punjab,TRUE,14-06-25 00:00,FALSE,8689036086,ACTIVE,2188.62
MCH1132,Cheema Inc,Retail Other,5999,Proprietorship,Ludhiana,Punjab,TRUE,10-09-23 00:00,FALSE,3299217122,ACTIVE,1269.15
MCH1133,Shere Ltd,Medical & Health,5912,Partnership / LLP,Bengaluru,Karnataka,TRUE,06-10-25 00:00,FALSE,,ACTIVE,11501.53
MCH1134,Shenoy Gokhale And Soman,Retail & Groceries,5411,Individual,New Delhi,Delhi,TRUE,12-11-24 00:00,FALSE,KZYJ5215017385369,ACTIVE,284.86
MCH1136,Bahri Kanda And Seth,Books & Stationery,59420,Private Limited,Chennai,Tamil Nadu,TRUE,17-07-23 00:00,TRUE,XXXX4885,ACTIVE,896.84
MCH1138,Shan Buchandtank,Books & Stationery,5942,Proprietorship,Bangalore,Karnataka,TRUE,07-03-24 21:25,TRUE,XXXX0724,ACTIVE,1369.64
MCH1142,Master Soni And Kapadia,Phone Service,4814,Proprietorship,Chennai,Tamil Nadu,TRUE,06-10-24 12:07,FALSE,4563871051,ACTIVE,252.13
MCH1143,Arya Khanna,Transprt,4131,Proprietorship,Jalandhar,Punjab,TRUE,16-08-23 00:00,FALSE,9953530102,ACTIVE,486.39
MCH1144,Morar Rattan,Apparel & Fashion,5699,Proprietorship,Jaipur,Rajasthan,TRUE,20-01-25 00:00,FALSE,,ACTIVE,1182.28
MCH1147,Dayal Sabharwal,Phone Service,4814,Individual,Kolkata,West Bengal,TRUE,23-11-23 00:00,TRUE,XXXX2380,INACTIVE,939.97
MCH1148,Deep Manda,Travel & Transport,4131,Individual,Asr,Punjab,TRUE,15-06-25 00:35,FALSE,,ACTIVE,0.3461
MCH1152,Raman Choudhury,Retail & Groceries,5411,Partnership / LLP,Chennai,Tamil Nadu,TRUE,19-12-25 00:00,TRUE,XXXX0685,ACTIVE,0.233
MCH1153,Oommen Sastry And Varty,Retail & Groceries,5311,Private Limited,Asr,Punjab,TRUE,17-06-24 00:00,TRUE,XXXX3616,ACTIVE,873.51
MCH1154,Saran And Sons,Medical & Health,5912,Private Limited,Pune,Maharashtra,TRUE,26-12-23 00:00,FALSE,TCTB2753134775657,ACTIVE,871.24
MCH1155,Sha Llc,Travel & Transport,4131,Proprietorship,Amritsar,Punjab,TRUE,03-08-24 00:00,FALSE,,INACTIVE,1753.08
MCH1159,De Ltd,Books & Stationery,5942,Individual,Calcutta,West Bengal,TRUE,05-12-25 15:35,FALSE,,ACTIVE,1672.61
MCH1161,Kuruvilla Pall And Ravel,Retail & Groceries,5411,Private Limited,Jalandhar,Punjab,TRUE,29-12-23 00:00,FALSE,,ACTIVE,549.82
MCH1162,Anand Mistry And Khare,Miscellaneous,5999,Private Limited,New Delhi,Delhi,TRUE,02-12-25 00:00,TRUE,XXXX2346,ACTIVE,0.1311
MCH1163,Gour Comar And Palan,Electronics & Tech,4814,Partnership / LLP,Ludhiana,Punjab,TRUE,25-10-25 00:00,FALSE,BYWD2962302915002,INACTIVE,5449.73
MCH1164,Goda Plc,Travel & Transport,4131,Partnership / LLP,Ludhiana,Punjab,TRUE,27-10-25 00:00,FALSE,,ACTIVE,0.953
MCH1168,Dugal Thaker And Rana,Apparel & Fashion,5699,Partnership / LLP,Hyd,Telangana,TRUE,28-04-23 00:00,FALSE,ZVAL3726006910876,ACTIVE,900.21
MCH1169,Dey Gupta,Food & Beverage,5812,Individual,Blr,Karnataka,TRUE,17-03-23 00:00,FALSE,295503532,ACTIVE,1427.7
MCH1170,Wali Bala And Sanghvi,Retail & Groceries,5311,Proprietorship,Blr,Karnataka,TRUE,04-01-23 15:30,FALSE,,ACTIVE,1109.65
MCH1171,Sampath Shroff,Medical & Health,5912,Partnership / LLP,Dilli,Delhi,TRUE,19-01-26 05:21,FALSE,,ACTIVE,393.94
MCH1174,Mander Kari,Retail & Groceries,5411,Partnership / LLP,Jalandhar,Punjab,TRUE,05-01-23 00:00,FALSE,,ACTIVE,1013.97
MCH1177,Mistry Savant And Jha,Travel & Transport,4131,Proprietorship,Amritsar,Punjab,TRUE,29-08-25 18:32,FALSE,,ACTIVE,1663.99
MCH1179,Suresh Chand,Books & Stationery,5942,Partnership / LLP,Chennai,Tamil Nadu,TRUE,19-11-25 00:00,FALSE,,ACTIVE,975.635
MCH1180,Sangha And Sons,Retail & Groceries,5411,Individual,Hyderabad,Telangana,TRUE,03-11-23 00:00,FALSE,VUOK6265318074983,ACTIVE,993.08
MCH1183,Rajan Llc,Food & Beverage,5812,Private Limited,Bengaluru,Karnataka,TRUE,02-02-23 00:00,FALSE,,ACTIVE,1717.84
MCH1185,Buch Barad And Toor,Other,5999,Partnership / LLP,Jalandhar,Punjab,TRUE,16-06-24 00:00,FALSE,6769671490,ACTIVE,2955.34
MCH1188,M0Rar Ltd,Medical & Health,5912,Individual,Hyderabad,Telangana,TRUE,19-02-24 00:00,FALSE,3674511273,ACTIVE,1156.7
MCH1189,Rai Doctor And Dar,Apparel & Fashion,5699,Proprietorship,Mumbai,Maharashtra,TRUE,13-11-24 20:40,FALSE,8075572970,ACTIVE,0.1513
MCH1191,Raval Ltd,Phone Service,4814,Individual,Kolkata,West Bengal,TRUE,19-01-23 00:18,FALSE,,ACTIVE,1670.52
MCH1193,Padmanabhan Sekhon And Dhawan,Food & Beverage,5812,Partnership / LLP,Lucknow,Uttar Pradesh,TRUE,16-01-25 00:00,FALSE,,ACTIVE,1712.05
MCH1195,Cherian Rana,Travel & Transport,4131,Proprietorship,Jalandhar,Punjab,TRUE,09-09-25 00:00,FALSE,,ACTIVE,364.17
MCH1197,Gaba Wadhwa And Sahni,Retail & Groceries,5411,Private Limited,Mumbai,Maharashtra,TRUE,08-01-24 00:00,FALSE,8143796682,ACTIVE,488.96
MCH1199,Chad Grewal,Food & Beverage,5812,Proprietorship,Hyd,Telangana,TRUE,22-11-24 00:00,FALSE,8520358001,ACTIVE,187.18
MCH1200,Vora And Sons,Apparel & Fashion,,Private Limited,Pune,Maharashtra,TRUE,08-02-23 00:00,FALSE,MQRX2052089170910,ACTIVE,0.1072
MCH1202,Koshy Borde,Retail,5311,Partnership / LLP,Ludhiana,Punjab,TRUE,27-04-23 14:11,FALSE,QMOB6262370066772,ACTIVE,1998.99
MCH1204,Rana Group,Retail & Groceries,5311,Private Limited,Jaipur,Rajasthan,TRUE,24-05-25 15:30,FALSE,,ACTIVE,733.33
MCH1207,Pillai Oak And Barman,Food & Beverage,5812,Individual,New Delhi,Delhi,TRUE,11-04-24 00:00,FALSE,,ACTIVE,1280.08
MCH1210,Dua Buch And Kaul,Books & Stationery,,Private Limited,Bombay,Maharashtra,FALSE,,FALSE,9379400368,SUSPENDED,0.1903
MCH1211,Munshi Pai And Sibal,Retail,5311,Proprietorship,New Delhi,Delhi,TRUE,04-01-23 00:00,FALSE,NHYW6672789857023,ACTIVE,296.16
MCH1213,Ray Llc,Medical & Health,5912,Partnership / LLP,Pune,Maharashtra,TRUE,07-01-24 18:33,FALSE,1805958295,ACTIVE,0.1556
MCH1214,Patel Bhatti,Retail & Groceries,5311,Individual,Jalandhar,Punjab,TRUE,05-10-24 17:31,TRUE,XXXX0366,ACTIVE,1829.91
MCH1216,Mani Ltd,Misc Retail,5999,Proprietorship,Amritsar,Punjab,TRUE,05-04-25 19:50,FALSE,WWHE9096090604868,ACTIVE,0.228
MCH1219,Buta1A Ltd,Apparel & Fashion,5699,Proprietorship,Lucknow,Uttar Pradesh,TRUE,23-10-25 00:00,FALSE,1736220262,ACTIVE,1046.51
MCH1221,Nadig Ray,Books & Stationery,5942,Individual,New Delhi,Delhi,TRUE,22-12-24 00:00,FALSE,7362492315,ACTIVE,0.618
MCH1222,Dass Dugar,Retail & Groceries,5411,Proprietorship,Kolkata,West Bengal,TRUE,07-11-23 18:19,FALSE,,ACTIVE,1076.395
MCH1224,Setty Sami,Books & Stationery,5942,Individual,Kolkata,West Bengal,TRUE,09-02-23 05:59,FALSE,7626814027,ACTIVE,609.48
MCH1226,Apte Pingle And Pal,Hotel & Lodging,7011,Private Limited,Hyderabad,Telangana,TRUE,01-03-24 00:00,FALSE,,ACTIVE,0.229
MCH1227,Dyal Ltd,Other,5999,Individual,Ludhiana,Punjab,TRUE,21-09-25 00:00,FALSE,QLYV4506400926648,ACTIVE,602.09
MCH1229,Sen Dewan And Tripathi,Books & Stationery,5942,Private Limited,Asr,Punjab,TRUE,19-02-25 00:00,FALSE,JECT9983029325791,ACTIVE,2028.74
MCH1233,Upadhyay Lall And Kala,Books & Stationery,5942,Private Limited,Pune,Maharashtra,TRUE,19-07-24 00:00,FALSE,,ACTIVE,1465.98
MCH1234,Comar Kari,Transprt,4131,Proprietorship,Jalandhar,Punjab,FALSE,,FALSE,IUGP6821222732474,ACTIVE,1120.89
MCH1237,Agarwal Kibe,Medical & Health,7011,Partnership / LLP,Mumbai,Maharashtra,TRUE,30-03-23 00:00,FALSE,CKEI2680343648784,ACTIVE,750.84
MCH1243,Buch Atwal And Roy,Medical & Health,59120,Partnership / LLP,Ludhiana,Punjab,TRUE,06-12-25 08:43,FALSE,,ACTIVE,1323.94
MCH1245,Kumer Varghese And Dhawan,Medical & Health,,Partnership / LLP,Poona,Maharashtra,TRUE,23-08-23 00:00,FALSE,,ACTIVE,725.32
MCH1247,Nayak Lala And Pillai,Retail & Groceries,5411,Proprietorship,Bengaluru,Karnataka,TRUE,19-01-23 00:00,FALSE,9109437765,ACTIVE,677.02
MCH1249,Garg Saha And Rattan,Other,5999,Partnership / LLP,Jalandhar,Punjab,TRUE,21-08-23 00:00,FALSE,,ACTIVE,854.43
MCH1250,Bhardwaj Wable,Travel & Transport,4131,Private Limited,Pune,Maharashtra,TRUE,11-04-25 10:39,FALSE,,ACTIVE,0.515
MCH1254,Pant Muni,Travel & Transport,4131,Partnership / LLP,New Delhi,Delhi,TRUE,21-10-23 00:00,FALSE,,ACTIVE,781.27
MCH1255,La1A And S0Ns,Electronics & Tech,4814,Partnership / LLP,Kolkata,West Bengal,TRUE,19-07-23 00:00,FALSE,8344362943,ACTIVE,772.22
MCH1256,Vala Inc,Medical & Health,5912,Proprietorship,Kolkata,West Bengal,TRUE,17-01-25 00:00,FALSE,,SUSPENDED,1415.24
MCH1257,Varma Maharaj,Books & Stationery,5942,Proprietorship,Calcutta,West Bengal,TRUE,15-04-23 16:16,FALSE,VIAW9051693811302,ACTIVE,3059.27
MCH1259,Wagle Verma And Ramanathan,Medical & Health,,Private Limited,Jaipur,Rajasthan,TRUE,12-08-25 00:00,FALSE,,ACTIVE,548.2
MCH1260,Kothari Nadkarni,Apparel & Fashion,56990,Private Limited,Lucknow,Uttar Pradesh,TRUE,15-01-26 00:00,FALSE,6850024093,ACTIVE,2375.4
MCH1261,Cheema Savant And Bakshi,Retail,5311,Proprietorship,Ludhiana,Punjab,TRUE,03-06-24 00:00,FALSE,EXGQ1328686965867,INACTIVE,922.86
MCH1262,Lad And Sons,Medical & Health,7011,Individual,Jalandhar,Punjab,TRUE,17-11-25 01:26,TRUE,XXXX6412,ACTIVE,503.65
MCH1263,Memon Choudhary,Medical & Health,5912,Private Limited,Hyd,Telangana,TRUE,27-11-25 22:51,FALSE,,ACTIVE,1888.17
MCH1267,Master Tiwari,Electronics & Tech,4814,Private Limited,Lucknow,Uttar Pradesh,FALSE,,FALSE,,ACTIVE,1213.17
MCH1268,Vyas Ltd,Retail,5311,Individual,Amritsar,Punjab,TRUE,28-06-23 00:00,FALSE,,ACTIVE,922.86
MCH1269,Shukla Plc,Apparel & Fashion,5699,Individual,Hyd,Telangana,TRUE,03-03-25 19:00,FALSE,,ACTIVE,1758.28
MCH1270,Tiwari And Sons,Retail & Groceries,5311,Private Limited,Hyderabad,Telangana,TRUE,02-06-23 14:56,FALSE,,ACTIVE,1107.02
MCH1272,Garg Inc,Travel & Transport,4131,Partnership / LLP,Jaipur,Rajasthan,TRUE,28-05-23 22:37,FALSE,7553237450,ACTIVE,549.87
MCH1275,Kata Group,Hotel & Lodging,7011,Partnership / LLP,Lucknow,Uttar Pradesh,TRUE,09-11-25 07:33,TRUE,XXXX0284,ACTIVE,252.53
MCH1277,Bhatnagar Borah,Food & Beverage,5812,Individual,Kolkata,West Bengal,FALSE,,FALSE,4086473586,ACTIVE,3540.87
MCH1280,Ben Madan And Dey,Books & Stationery,59420,Private Limited,Lucknow,Uttar Pradesh,TRUE,13-06-25 00:00,FALSE,,ACTIVE,1308.81
MCH1285,Hayer Plc,Medical & Health,5912,Individual,Blr,Karnataka,TRUE,24-09-23 07:15,FALSE,,ACTIVE,436.7
MCH1288,Jain Loke And Zacharia,Transprt,4131,Proprietorship,Blr,Karnataka,TRUE,17-07-23 08:08,TRUE,XXXX2041,ACTIVE,915.81
MCH1292,Gera Nayak,Hotel & Lodging,7011,Proprietorship,Chennai,Tamil Nadu,TRUE,25-09-23 00:00,FALSE,,ACTIVE,0.267
MCH1293,Kohli Rajan And Nair,Apparel & Fashion,5699,Proprietorship,Jaipur,Rajasthan,TRUE,09-04-23 06:47,TRUE,XXXX7079,ACTIVE,915.17
MCH1294,Rajagopalan Group,Medical & Health,5912,Individual,Amritsar,Punjab,TRUE,29-08-24 05:38,TRUE,XXXX1888,ACTIVE,539.82
MCH1296,Gaba Rama,Medical & Health,5912,Individual,New Delhi,Delhi,TRUE,16-01-23 00:00,FALSE,6728414996,ACTIVE,2547.8
MCH1297,Luthra And Sons,Retail & Groceries,54110,Private Limited,New Delhi,Delhi,TRUE,12-06-23 01:16,FALSE,5942366474,ACTIVE,381.86
MCH1298,Raghavan Reddyandsangha,Books & Stationery,5942,Proprietorship,Hyderabad,Telangana,TRUE,28-04-25 00:00,TRUE,XXXX0353,ACTIVE,364.92
MCH1299,Mutti Plc,Apparel & Fashion,5699,Partnership / LLP,Jaipur,Rajasthan,TRUE,27-06-23 00:00,FALSE,8421728078,ACTIVE,605.64
MCH1304,Sama Ltd,Medical & Health,5912,Individual,Bengaluru,Karnataka,TRUE,27-02-24 00:00,FALSE,9710613459,ACTIVE,4095.57
MCH1305,Ghose Batta,Travel & Transport,4131,Individual,Hyd,Telangana,TRUE,20-12-25 00:00,FALSE,,INACTIVE,380.06
MCH1308,Subramaniam Shankar,Medical & Health,5912,Partnership / LLP,Bengaluru,Karnataka,TRUE,28-12-24 00:00,FALSE,RSHZ2134290298030,ACTIVE,2112.78
MCH1309,Jhaveri Dasgupta And Kata,Apparel & Fashion,5699,Individual,Mumbai,Maharashtra,TRUE,20-09-23 00:00,TRUE,XXXX1715,ACTIVE,929.23
MCH1311,Dugal Munshi And Kunda,Electronics & Tech,4814,Individual,Jaipur,Rajasthan,TRUE,27-03-25 21:22,TRUE,XXXX7230,ACTIVE,1605.92
MCH1314,Pant Mammen And Doctor,Apparel & Fashion,5699,Individual,Jaipur,Rajasthan,TRUE,12-11-23 16:47,FALSE,,ACTIVE,1045.43
MCH1318,Gupta Llc,Electronics & Tech,4814,Private Limited,Jaipur,Rajasthan,FALSE,,FALSE,618978505,ACTIVE,1021.355
MCH1320,Babu Khatri,Apparel & Fashion,5699,Individual,Kolkata,West Bengal,TRUE,24-11-23 10:52,TRUE,XXXX8923,SUSPENDED,1036.37
MCH1321,Borah Dhaliwal,Medical & Health,7011,Proprietorship,Amritsar,Punjab,TRUE,06-12-25 00:00,TRUE,XXXX0908,ACTIVE,7973.89
MCH1323,Dhar And Sons,Books & Stationery,5942,Partnership / LLP,Amritsar,Punjab,FALSE,,FALSE,BGGB6995281283064,ACTIVE,3792.9
MCH1324,Edwin Savant And Tandon,Hotel & Lodging,7011,Partnership / LLP,Bangalore,Karnataka,TRUE,26-01-26 00:00,FALSE,,ACTIVE,1192.31
MCH1326,Chaudhry Agrawa1 And Sridhar,Books & Stationery,5942,Proprietorship,Bangalore,Karnataka,TRUE,20-05-24 00:00,FALSE,ZQNQ7613300121760,ACTIVE,177.58
MCH1327,Gandhiplc,Apparel & Fashion,5699,Proprietorship,Lucknow,Uttar Pradesh,TRUE,02-11-23 00:00,TRUE,XXXX1458,ACTIVE,902.09
MCH1328,Buch And Sons,Hotel & Lodging,7011,Proprietorship,Chennai,Tamil Nadu,TRUE,28-03-25 00:00,FALSE,JVTH6188797527471,ACTIVE,0.711
MCH1331,Garg Bobal And Jain,Travel & Transport,4131,Individual,Calcutta,West Bengal,TRUE,29-06-24 00:00,FALSE,,ACTIVE,3720.61
MCH1333,Sastry Plc,Phone Service,4814,Individual,Amritsar,Punjab,TRUE,18-09-25 18:25,FALSE,DIOZ5944277163234,INACTIVE,1548.51
MCH1334,Kalita Sarraf And Bhardwaj,Retail Other,5999,Individual,Bangalore,Karnataka,TRUE,28-09-25 00:00,FALSE,RPOB8162410396498,ACTIVE,1780.83
MCH1335,Wagle Kamdar And Mallick,Medical & Health,7011,Proprietorship,Mumbai,Maharashtra,TRUE,03-05-24 01:55,FALSE,OQHA9321120180853,SUSPENDED,0.398
MCH1336,Tandon Pant,Retail & Groceries,5311,Proprietorship,Jaipur,Rajasthan,TRUE,04-09-25 05:40,FALSE,EOFD1587956050833,ACTIVE,0.991
MCH1340,Dash Saxena And Kara,Travel & Transport,4131,Private Limited,Hyderabad,Telangana,TRUE,03-04-24 00:00,FALSE,,ACTIVE,4203.63
MCH1343,Narasimhan Shetty,Miscellaneous,59990,Individual,Kolkata,West Bengal,TRUE,18-08-23 00:00,FALSE,LWCS5510064722287,ACTIVE,3443.8
MCH1345,Bhat Inc,Retail & Groceries,5311,Private Limited,Hyd,Telangana,TRUE,28-01-25 00:00,TRUE,XXXX9759,ACTIVE,1702.79
MCH1347,D’Alia Group,Medical & Health,70110,Private Limited,Chennai,Tamil Nadu,TRUE,02-07-23 00:00,TRUE,XXXX4418,ACTIVE,0.1739
MCH1349,Bahri And Sons,Medical & Health,5912,Individual,Hyderabad,Telangana,TRUE,08-06-25 00:00,FALSE,BGVV4182827632214,ACTIVE,2320.2
MCH1350,Krishnamurthy Dutt And Sura,Phone Service,4814,Partnership / LLP,Mumbai,Maharashtra,TRUE,25-07-24 00:00,FALSE,3860313878,ACTIVE,1360.18
MCH1352,Bandi Soman And Manne,Food & Beverage,5812,Individual,Jalandhar,Punjab,TRUE,28-01-26 00:00,FALSE,,ACTIVE,0.4146
MCH1353,Chada And Sons,Travel & Transport,4131,Partnership / LLP,Jaipur,Rajasthan,TRUE,25-11-23 07:19,FALSE,,ACTIVE,0.2641
MCH1358,Chaudry Baral And Modi,Travel & Transport,4131,Individual,Ludhiana,Punjab,TRUE,06-07-25 00:00,FALSE,3312553110,ACTIVE,2115.38
MCH1359,Palan Minhas,Apparel & Fashion,,Individual,Chennai,Tamil Nadu,TRUE,24-08-24 00:00,FALSE,,ACTIVE,1891.91
MCH1363,Rattan Shere,Hotel & Lodging,7011,Proprietorship,Chennai,Tamil Nadu,TRUE,19-08-25 00:00,FALSE,,ACTIVE,926.5
MCH1364,Kumar Llc,Books & Stationery,5942,Partnership / LLP,Jalandhar,Punjab,TRUE,15-04-23 00:00,FALSE,UUOX3735339322838,ACTIVE,1017.95
MCH1365,Ahluwalia Choudhary,Retail,53110,Private Limited,Ludhiana,Punjab,TRUE,10-03-23 00:00,TRUE,XXXX5844,ACTIVE,4292.21
MCH1366,Shah Roy And Srinivasan,Retail & Groceries,,Proprietorship,Calcutta,West Bengal,TRUE,03-08-23 07:31,FALSE,5320028837,ACTIVE,935.11
MCH1370,Wable Llc,Electronics & Tech,4814,Private Limited,Jalandhar,Punjab,TRUE,19-11-23 00:00,FALSE,6802604838,ACTIVE,3898.88
MCH1375,Sahota Johal And Shanker,Retail & Groceries,5411,Individual,Jalandhar,Punjab,TRUE,02-03-25 00:00,FALSE,PHOZ2706415438619,SUSPENDED,1836.94
MCH1377,Sinha Gaba,Retail & Groceries,5411,Private Limited,Poona,Maharashtra,TRUE,04-12-25 06:37,FALSE,YBUL0961027329909,INACTIVE,1471.43
MCH1378,Patil Deshmukh,Retail & Groceries,5311,Private Limited,Chennai,Tamil Nadu,TRUE,10-09-23 00:00,FALSE,HYZE0588457086111,ACTIVE,387.99
MCH1379,Chokshi Ltd,Medical & Health,5912,Individual,Chennai,Tamil Nadu,TRUE,23-01-24 00:00,TRUE,XXXX4340,ACTIVE,2729.5
MCH1380,Mahal Khare,Miscellaneous,5999,Private Limited,Mumbai,Maharashtra,TRUE,23-02-25 00:44,FALSE,TLPQ4078335945068,ACTIVE,0.3004
MCH1383,Dubey Group,Retail & Groceries,,Individual,Hyderabad,Telangana,TRUE,09-03-23 16:33,FALSE,JDGO5125225131187,ACTIVE,1076.395
MCH1384,Naidu Bhatti,Food & Beverage,58120,Individual,Ludhiana,Punjab,TRUE,04-03-24 00:00,FALSE,,ACTIVE,3910.34
MCH1387,Handa Talwar,Travel & Transport,4131,Proprietorship,Lucknow,Uttar Pradesh,TRUE,10-05-23 03:18,FALSE,,ACTIVE,0.754
MCH1388,Kala Kunda And Pandit,Medical & Health,5912,Proprietorship,Bengaluru,Karnataka,TRUE,22-07-25 00:00,FALSE,PZDL0297294331143,ACTIVE,3155.43
MCH1389,Munshi Behl,Retail & Groceries,5411,Individual,Pune,Maharashtra,TRUE,17-06-23 00:00,FALSE,,ACTIVE,0.3913
MCH1391,Kale Shroff And Barad,Hotel & Lodging,7011,Individual,Kolkata,West Bengal,TRUE,31-10-25 06:57,FALSE,,SUSPENDED,0.2757
MCH1392,Johal Gaba,Medical & Health,5912,Private Limited,Pune,Maharashtra,TRUE,20-02-24 00:00,TRUE,XXXX9354,ACTIVE,4352.7
MCH1393,Hegde Bahri,Medical & Health,5912,Partnership / LLP,Ludhiana,Punjab,TRUE,15-11-24 00:00,FALSE,BAUM6641100955450,ACTIVE,6478.07
MCH1395,Venkatesh Llc,Food & Beverage,5812,Partnership / LLP,Lucknow,Uttar Pradesh,TRUE,16-04-23 01:21,FALSE,2640758547,ACTIVE,0.641
MCH1397,Memon Llc,Books & Stationery,,Private Limited,Blr,Karnataka,TRUE,18-04-25 00:00,TRUE,XXXX0515,ACTIVE,1062.38
MCH1400,Kapoor Bhalla,Apparel & Fashion,5699,Partnership / LLP,Chennai,Tamil Nadu,TRUE,17-05-23 00:00,FALSE,,ACTIVE,913.08
MCH1401,Din And Sons,Retail & Groceries,5411,Individual,Amritsar,Punjab,TRUE,20-07-25 20:31,FALSE,2717124397,ACTIVE,286.09
MCH1405,Chandra Inc,Retail & Groceries,5311,Partnership / LLP,Ludhiana,Punjab,TRUE,02-10-26 00:00,FALSE,4121935460,INACTIVE,0.1248
MCH1406,Parmer Goswami,Hotel & Lodging,7011,Private Limited,Bengaluru,Karnataka,TRUE,11-07-24 00:00,TRUE,XXXX3050,ACTIVE,2632.53
MCH1409,Baral Llc,Medical & Health,5912,Individual,Hyd,Telangana,TRUE,03-06-23 00:00,FALSE,,ACTIVE,1891.12
MCH1417,Sekhon Parsa And Bandi,Electronics & Tech,4814,Proprietorship,Mumbai,Maharashtra,TRUE,26-01-26 00:00,FALSE,,ACTIVE,1501.66
MCH1420,Aggarwal Garde,Travel & Transport,4131,Proprietorship,Mumbai,Maharashtra,TRUE,18-03-24 00:00,TRUE,XXXX4337,ACTIVE,830.85
MCH1422,Merchant And Sons,Medical & Health,5912,Individual,Hyderabad,Telangana,TRUE,25-04-23 00:00,FALSE,,ACTIVE,4074
MCH1424,Goel Balay And Dua,Hotel & Lodging,7011,Private Limited,Jalandhar,Punjab,TRUE,19-10-25 00:36,FALSE,,ACTIVE,5339.46
MCH1428,De Natarajan,Travel & Transport,4131,Individual,Mumbai,Maharashtra,TRUE,30-12-25 00:00,FALSE,IPNL0786549644750,ACTIVE,0.1289
MCH1429,Pal Ltd,Retail & Groceries,5411,Individual,Jaipur,Rajasthan,TRUE,13-10-24 00:00,FALSE,YBSQ5701995451285,ACTIVE,0.258
MCH1430,Bhavsar Dora And Singh,Food & Beverage,5812,Private Limited,Dilli,Delhi,TRUE,07-03-24 00:00,FALSE,,ACTIVE,238.76
MCH1434,Kale And Sons,Food & Beverage,5812,Private Limited,Jalandhar,Punjab,TRUE,25-04-23 00:00,FALSE,258989067,ACTIVE,985.73
MCH1438,Pandit Menon,Other,5999,Partnership / LLP,Bangalore,Karnataka,TRUE,22-11-23 00:00,FALSE,ZQNR3407194415594,ACTIVE,409.59
MCH1439,Chawla Ltd,Travel & Transport,4121,Individual,Chennai,Tamil Nadu,TRUE,10-05-23 00:00,FALSE,OYZO1535504454366,ACTIVE,6190.53
MCH1441,Kakar Parsa And Sodhi,Miscellaneous,5999,Partnership / LLP,Lucknow,Uttar Pradesh,TRUE,06-09-24 00:00,FALSE,SBUL4886955523512,ACTIVE,1723.15
MCH1442,Wadhwa Walla,Hotel & Lodging,7011,Private Limited,Pune,Maharashtra,TRUE,13-12-25 00:00,FALSE,,ACTIVE,1483.74
MCH1443,Swamy Plc,Misc Retail,59990,Private Limited,Lucknow,Uttar Pradesh,TRUE,06-10-23 00:00,FALSE,,INACTIVE,209.63
MCH1445,Wali Plc,Retail & Groceries,5411,Proprietorship,Hyd,Telangana,TRUE,09-11-23 17:23,FALSE,8128323198,ACTIVE,0.12
MCH1446,Sunder Sathe,Retail & Groceries,5311,Proprietorship,Chennai,Tamil Nadu,TRUE,18-11-24 00:00,TRUE,XXXX0028,ACTIVE,3885.08
MCH1447,Dara Om And Chaudhry,Apparel & Fashion,5699,Private Limited,Bangalore,Karnataka,TRUE,29-04-23 00:00,FALSE,NJHB3866390601882,INACTIVE,0.373
MCH1448,Tak And Sons,Other,5999,Proprietorship,Mumbai,Maharashtra,TRUE,30-03-24 02:02,TRUE,XXXX9348,ACTIVE,2897.23
MCH1449,Chadha Ramakrishnan And Badami,Hotel & Lodging,7011,Partnership / LLP,Hyderabad,Telangana,TRUE,28-09-23 15:52,FALSE,,SUSPENDED,1634.83
MCH1450,Hora Kunda And Dani,Retail & Groceries,5311,Proprietorship,Ludhiana,Punjab,TRUE,30-10-23 00:00,TRUE,XXXX1537,INACTIVE,1853.9
MCH1454,Wableinc,Misc Retail,5999,Individual,Lucknow,Uttar Pradesh,TRUE,18-06-25 00:00,FALSE,7787448001,ACTIVE,0.2617
MCH1456,Madan Ganesh,Apparel & Fashion,5699,Individual,Amritsar,Punjab,TRUE,11-01-25 00:00,FALSE,,ACTIVE,1036.37
MCH1457,Shetty Group,Other,5999,Individual,Jalandhar,Punjab,TRUE,07-11-25 00:00,FALSE,7979475554,ACTIVE,1159.43
MCH1458,Chatterjee Saran,Retail & Groceries,,Proprietorship,Jalandhar,Punjab,TRUE,05-09-25 00:00,TRUE,XXXX1187,ACTIVE,658.54
MCH1459,Palla Saini And Date,Hotel & Lodging,7011,Individual,Ludhiana,Punjab,TRUE,20-02-24 00:00,FALSE,,SUSPENDED,1582.79
MCH1462,Swamy Inc,Medical & Health,5912,Private Limited,Jalandhar,Punjab,TRUE,13-09-23 00:00,FALSE,CPHK2049802773880,ACTIVE,0.1411
MCH1465,Shah Solanki And Rajagopalan,Apparel & Fashion,5699,Individual,Lucknow,Uttar Pradesh,TRUE,10-04-24 00:00,TRUE,XXXX9396,SUSPENDED,725.72
MCH1469,Choudhury Jani And Ramaswamy,Books & Stationery,5942,Proprietorship,Blr,Karnataka,TRUE,28-03-25 00:00,TRUE,XXXX9996,ACTIVE,0.416
MCH1473,Lata Khurana,Medical & Health,,Partnership / LLP,Hyderabad,Telangana,FALSE,,FALSE,,ACTIVE,326.76
MCH1474,Sami Sur And Tank,Travel & Transport,4131,Private Limited,Pune,Maharashtra,FALSE,,TRUE,XXXX6224,ACTIVE,1645.61
MCH1475,Bora Bhakta And Aurora,Retail & Groceries,5411,Private Limited,Calcutta,West Bengal,TRUE,11-06-24 00:00,FALSE,8871048979,ACTIVE,1652.87
MCH1477,Ahluwalia Devan,Medical & Health,5912,Partnership / LLP,Jaipur,Rajasthan,TRUE,15-04-24 00:00,TRUE,XXXX2364,ACTIVE,551.17
MCH1478,Sah0Ta Llc,Medical & Health,5912,Individual,Jaipur,Rajasthan,TRUE,12-09-24 18:14,FALSE,1321864172,INACTIVE,0.2037
MCH1479,Mandal Barad And Srinivasan,Books & Stationery,5942,Partnership / LLP,Kolkata,West Bengal,TRUE,27-07-25 00:00,TRUE,XXXX4686,ACTIVE,975.635
MCH1480,Bala Magar,Misc Retail,5999,Individual,Hyderabad,Telangana,FALSE,,FALSE,,ACTIVE,1214.6
MCH1482,Bahri Sarinandhora,Miscellaneous,5999,Partnership / LLP,Hyderabad,Telangana,TRUE,26-01-24 00:00,FALSE,2731738944,SUSPENDED,0.1651
MCH1483,Mohan Kari,Books & Stationery,59420,Private Limited,Amritsar,Punjab,TRUE,11-02-26 00:00,TRUE,XXXX3338,ACTIVE,1901.08
MCH1484,Uppal Butala And Tata,Medical & Health,7011,Individual,Bangalore,Karnataka,TRUE,18-02-25 00:00,FALSE,,ACTIVE,3825.1
MCH1488,Chada Gopal And Rajagopal,Electronics & Tech,4814,Proprietorship,Jaipur,Rajasthan,TRUE,02-01-26 00:00,FALSE,,ACTIVE,0.1905
MCH1491,Tripathi Ltd,Apparel & Fashion,5699,Private Limited,Calcutta,West Bengal,TRUE,20-06-24 00:00,TRUE,XXXX2255,ACTIVE,1820.04
MCH1492,Ganesan Llc,Other,59990,Partnership / LLP,Hyderabad,Telangana,TRUE,19-08-23 12:27,FALSE,1007001196,ACTIVE,3316.76
MCH1493,Kar Nath And Koshy,Books & Stationery,5942,Individual,Blr,Karnataka,TRUE,28-01-23 00:00,TRUE,XXXX9866,ACTIVE,975.635
MCH1494,Joshi Bala,Retail,53110,Proprietorship,Mumbai,Maharashtra,TRUE,07-12-23 00:00,FALSE,QLRF2864130155210,ACTIVE,997.33
MCH1497,Lanka Plc,Medical & Health,59120,Private Limited,Asr,Punjab,TRUE,24-09-25 00:00,FALSE,,ACTIVE,0.1817
MCH1498,Deo Mand,Retail Other,5999,Proprietorship,Chennai,Tamil Nadu,TRUE,03-01-25 00:00,FALSE,,ACTIVE,1460.33
MCH1501,Anand Bhatt,Electronics & Tech,4814,Partnership / LLP,Hyderabad,Telangana,TRUE,07-11-25 00:00,TRUE,XXXX2933,ACTIVE,4185.6
MCH1506,Gandhi Loke,Medical & Health,5912,Partnership / LLP,Chennai,Tamil Nadu,TRUE,13-06-24 17:59,FALSE,,ACTIVE,0.967
MCH1509,Rajan Dash And Bora,Travel & Transport,4121,Private Limited,Amritsar,Punjab,TRUE,26-04-25 00:00,FALSE,,ACTIVE,0.806
MCH1514,Lata Raja And Parsa,Retail,5311,Private Limited,Jalandhar,Punjab,TRUE,14-06-24 17:26,TRUE,XXXX1457,ACTIVE,553.18
MCH1515,Mall Kara And Sastry,Apparel & Fashion,5699,Partnership / LLP,Hyderabad,Telangana,TRUE,19-07-24 00:00,FALSE,9073071658,ACTIVE,1036.37
MCH1516,Loyal And Sons,Misc Retail,5999,Private Limited,Ludhiana,Punjab,TRUE,01-12-23 14:16,TRUE,XXXX1307,ACTIVE,1471.99
MCH1518,Deol Mand And Bhattacharyya,Travel & Transport,4131,Partnership / LLP,Jaipur,Rajasthan,TRUE,17-09-23 16:16,FALSE,,SUSPENDED,0.862
MCH1522,Mody Inc,Medical & Health,5912,Proprietorship,Jaipur,Rajasthan,TRUE,04-08-24 00:00,FALSE,,ACTIVE,631.57
MCH1525,Sant Bhavsar,Books & Stationery,5942,Individual,Jaipur,Rajasthan,TRUE,10-09-23 00:00,TRUE,XXXX7524,ACTIVE,754.82
MCH1526,Chowdhury And Sons,Electronics & Tech,4814,Proprietorship,Bangalore,Karnataka,TRUE,14-07-23 00:00,FALSE,HWTS1273017978357,ACTIVE,2697.93
MCH1529,Sangha Banerjeeandsengupta,Medical & Health,7011,Private Limited,Ludhiana,Punjab,TRUE,06-02-23 00:00,FALSE,,ACTIVE,1257.59
MCH1530,Parmer Bath,Apparel & Fashion,5699,Individual,Lucknow,Uttar Pradesh,TRUE,29-04-24 00:00,FALSE,JMXE9195425616055,ACTIVE,375.02
MCH1531,Savant And Sons,Hotel & Lodging,7011,Private Limited,New Delhi,Delhi,TRUE,10-02-26 00:00,FALSE,,INACTIVE,1019.94
MCH1532,Sarna Kota,Miscellaneous,5999,Private Limited,New Delhi,Delhi,TRUE,21-10-24 00:00,FALSE,,ACTIVE,4843.68
MCH1533,Wason And Sons,Food & Beverage,5812,Partnership / LLP,Amritsar,Punjab,TRUE,27-03-25 07:32,FALSE,,INACTIVE,419.64
MCH1534,Merchant Sarna And Korpal,Medical & Health,5912,Private Limited,Hyderabad,Telangana,TRUE,04-02-23 14:45,FALSE,,INACTIVE,3752.5
MCH1537,Goswami Sibal,Food & Beverage,5812,Partnership / LLP,Hyderabad,Telangana,TRUE,05-04-23 00:00,FALSE,VFGD4255370364176,ACTIVE,360.35
MCH1540,Dave Llc,Books & Stationery,59420,Proprietorship,Mumbai,Maharashtra,TRUE,21-05-24 00:00,FALSE,,ACTIVE,0.525
MCH1541,Bhattacharyya Hans,Hotel & Lodging,7011,Private Limited,Kolkata,West Bengal,TRUE,24-03-24 00:00,TRUE,XXXX2848,ACTIVE,621.01
MCH1543,Parmer Group,Travel & Transport,4131,Individual,Hyderabad,Telangana,TRUE,02-04-25 20:13,FALSE,,ACTIVE,1064.76
MCH1551,Malhotra Subramanian,Food & Beverage,5812,Partnership / LLP,Pune,Maharashtra,TRUE,13-06-24 00:00,FALSE,,ACTIVE,1909.07
MCH1552,Uppal Plc,Transprt,4131,Proprietorship,Hyderabad,Telangana,FALSE,,FALSE,,ACTIVE,0.1136
MCH1553,Basu Varma,Books & Stationery,5942,Proprietorship,Calcutta,West Bengal,FALSE,,FALSE,,ACTIVE,0.163
MCH1555,Raj Llc,Books & Stationery,5942,Individual,Pune,Maharashtra,TRUE,23-04-23 00:00,FALSE,,ACTIVE,0.602
MCH1558,Shroff Khanna,Electronics & Tech,4814,Partnership / LLP,Blr,Karnataka,TRUE,20-01-23 12:52,FALSE,,ACTIVE,1953.35
MCH1561,Gera Kota,Books & Stationery,5942,Proprietorship,Jaipur,Rajasthan,TRUE,15-06-24 00:00,FALSE,8921681390,INACTIVE,0.53
MCH1563,Mandal Biswas,Electronics & Tech,4814,Partnership / LLP,Jaipur,Rajasthan,TRUE,11-10-23 00:00,FALSE,5466191568,SUSPENDED,376.51
MCH1567,Bhargava Bora,Food & Beverage,5812,Private Limited,Jalandhar,Punjab,TRUE,20-12-24 00:00,FALSE,PRCN9599813480981,ACTIVE,101.33
MCH1568,Chandran Ltd,Hotel & Lodging,7011,Proprietorship,Lucknow,Uttar Pradesh,TRUE,04-09-24 00:00,FALSE,,ACTIVE,3618.31
MCH1569,Bal Wali And Sheth,Electronics & Tech,4814,Private Limited,Chennai,Tamil Nadu,TRUE,11-10-25 00:00,TRUE,XXXX9971,ACTIVE,1678.57
MCH1571,Rao Viswanathan And Joshi,Transprt,4131,Proprietorship,Chennai,Tamil Nadu,TRUE,03-08-23 04:40,FALSE,,ACTIVE,866.2
MCH1573,Tailor Som And Soni,Phone Service,4814,Partnership / LLP,Jalandhar,Punjab,TRUE,11-12-23 00:00,FALSE,,ACTIVE,540.2
MCH1578,Gala Ltd,Miscellaneous,5999,Individual,Blr,Karnataka,TRUE,13-04-23 00:00,FALSE,,ACTIVE,446.42
MCH1580,Subramaniam Krishnamurthy And Din,Miscellaneous,5999,Proprietorship,Kolkata,West Bengal,TRUE,01-08-25 00:00,FALSE,IDJM3876425874680,ACTIVE,2992.77
MCH1581,Nayak Verma And Sawhney,Retail & Groceries,5311,Partnership / LLP,Mumbai,Maharashtra,TRUE,11-01-25 00:00,FALSE,,ACTIVE,3655.93
MCH1583,Sarin More,Food & Beverage,5812,Private Limited,Asr,Punjab,TRUE,05-10-23 00:00,FALSE,1923155303,ACTIVE,1435.48
MCH1585,Khalsa Kulkarni,Retail & Groceries,5311,Partnership / LLP,New Delhi,Delhi,TRUE,22-05-23 00:00,TRUE,XXXX6587,ACTIVE,3398.13
MCH1587,Srivastava Saha,Medical & Health,5912,Private Limited,Kolkata,West Bengal,FALSE,,TRUE,XXXX9260,ACTIVE,0.1502
MCH1588,Doctor Ltd,Travel & Transport,4131,Individual,Ludhiana,Punjab,TRUE,27-07-25 00:00,TRUE,XXXX2866,SUSPENDED,1791.21
MCH1591,Ramaswamy Babu,Retail & Groceries,5311,Partnership / LLP,Amritsar,Punjab,TRUE,18-04-24 00:00,FALSE,,ACTIVE,1638.46
MCH1592,Agateinc,Retail,5311,Private Limited,Hyderabad,Telangana,TRUE,30-01-25 02:00,FALSE,GLPT6683638156046,SUSPENDED,1072.45
MCH1593,Wali Murthy,Miscellaneous,5999,Proprietorship,Blr,Karnataka,TRUE,23-02-26 12:14,TRUE,XXXX7216,ACTIVE,15388.22
MCH1594,Bera Inc,Retail Other,5999,Private Limited,Amritsar,Punjab,TRUE,05-09-24 00:00,FALSE,9659925213,ACTIVE,2187.43
MCH1599,Rastogi Kumer,Retail & Groceries,5311,Partnership / LLP,Jalandhar,Punjab,TRUE,25-12-25 00:00,FALSE,EEOR2299289390848,ACTIVE,361.82
MCH1600,Warrior Anand And Kata,Retail & Groceries,5311,Individual,Chennai,Tamil Nadu,TRUE,10-07-25 00:00,FALSE,DNAN6947992423478,ACTIVE,2937.03
MCH1605,Patla Thaman And Chatterjee,Travel & Transport,41310,Partnership / LLP,Bangalore,Karnataka,TRUE,22-09-25 00:00,TRUE,XXXX0679,ACTIVE,932.8
MCH1609,Ram Palla,Electronics & Tech,4814,Private Limited,Mumbai,Maharashtra,TRUE,17-07-23 21:30,FALSE,8485226822,ACTIVE,554.3
MCH1610,Sodhi Parekh,Retail & Groceries,5411,Partnership / LLP,Amritsar,Punjab,FALSE,,TRUE,XXXX7277,ACTIVE,1488.13
MCH1611,Karan Kibe,Retail & Groceries,,Proprietorship,Jalandhar,Punjab,TRUE,03-06-24 00:00,FALSE,,ACTIVE,343.64
MCH1612,Andra Chana And Saha,Food & Beverage,5812,Proprietorship,Lucknow,Uttar Pradesh,TRUE,27-10-25 00:00,FALSE,5702735332,INACTIVE,655.56
MCH1616,Suresh Borra And Ganesh,Electronics & Tech,4814,Individual,Chennai,Tamil Nadu,TRUE,10-11-23 00:00,FALSE,,ACTIVE,0.2818
MCH1617,Cherian Llc,Retail & Groceries,5311,Individual,Hyderabad,Telangana,TRUE,09-02-24 07:13,FALSE,4300505477,ACTIVE,11340.36
MCH1618,Muni Ltd,Food & Beverage,5812,Individual,New Delhi,Delhi,TRUE,01-11-23 18:31,FALSE,,ACTIVE,1051.73
MCH1619,Divan Bhatti,Medical & Health,5912,Proprietorship,New Delhi,Delhi,TRUE,24-12-25 00:00,FALSE,,ACTIVE,477.85
MCH1621,Pandey Soni,Food & Beverage,5812,Proprietorship,Pune,Maharashtra,TRUE,15-11-23 00:00,TRUE,XXXX4420,INACTIVE,0.769
MCH1625,Saran Ltd,Electronics & Tech,4814,Partnership / LLP,Calcutta,West Bengal,TRUE,17-10-24 02:52,FALSE,6216492189,ACTIVE,1093.54
MCH1626,Pau Iyengar And Khare,Misc Retail,5999,Proprietorship,New Delhi,Delhi,TRUE,12-07-25 00:00,TRUE,XXXX6353,ACTIVE,550.42
MCH1627,Dua Ltd,Miscellaneous,5999,Private Limited,Lucknow,Uttar Pradesh,TRUE,31-07-24 00:00,FALSE,,ACTIVE,160.25
MCH1628,Rao Buch And Kala,Medical & Health,5912,Individual,Lucknow,Uttar Pradesh,TRUE,08-01-25 16:04,FALSE,,ACTIVE,789.95
MCH1630,Yogi Agate,Books & Stationery,5942,Partnership / LLP,Kolkata,West Bengal,TRUE,31-10-23 00:00,TRUE,XXXX1041,ACTIVE,444.27
MCH1636,Natt Mitter And Oza,Hotel & Lodging,7011,Proprietorship,New Delhi,Delhi,TRUE,17-01-25 21:22,FALSE,,ACTIVE,0.987
MCH1639,Borah Dhaliwal And Morar,Misc Retail,5999,Partnership / LLP,Kolkata,West Bengal,TRUE,14-11-24 10:51,TRUE,XXXX3629,ACTIVE,0.7799
MCH1640,Trivedi Agrawal,Retail & Groceries,5411,Private Limited,Jalandhar,Punjab,TRUE,25-01-25 11:29,FALSE,WQQD1666405545072,ACTIVE,2316.65
MCH1641,Bali Llc,Other,5999,Proprietorship,New Delhi,Delhi,FALSE,,FALSE,,ACTIVE,3239.36
MCH1642,Zacharia Dhawan,Retail & Groceries,5411,Partnership / LLP,Kolkata,West Bengal,TRUE,02-01-23 04:08,TRUE,XXXX3812,ACTIVE,0.363
MCH1645,Savant Singha1,Books & Stationery,5942,Proprietorship,Chennai,Tamil Nadu,TRUE,19-04-24 00:00,FALSE,GUUE6743967074534,ACTIVE,0.337
MCH1646,Sane Zacharia And Samra,Medical & Health,5912,Individual,Jaipur,Rajasthan,TRUE,31-12-23 00:00,FALSE,5847905998,ACTIVE,1891.86
MCH1647,Narula Llc,Apparel & Fashion,5699,Individual,Ludhiana,Punjab,TRUE,05-10-24 18:51,FALSE,5628842369,SUSPENDED,1898.14
MCH1649,Venkatesh Plc,Food & Beverage,5812,Private Limited,New Delhi,Delhi,TRUE,03-08-24 17:27,FALSE,6043188789,SUSPENDED,851.41
MCH1651,Kumar Inc,Books & Stationery,5942,Proprietorship,Mumbai,Maharashtra,TRUE,09-03-24 00:00,TRUE,XXXX7749,ACTIVE,1249.76
MCH1652,Tripathi Vasa,Retail & Groceries,5311,Private Limited,Amritsar,Punjab,TRUE,08-03-25 00:00,FALSE,7462856821,ACTIVE,1419.63
MCH1653,Mitra Inc,Hotel & Lodging,70110,Proprietorship,Chennai,Tamil Nadu,FALSE,,TRUE,XXXX9573,ACTIVE,1669.53
MCH1654,More Plc,Retail Other,5999,Individual,Bengaluru,Karnataka,TRUE,18-02-25 00:00,FALSE,,ACTIVE,2598.19
MCH1656,Dhar Plc,Retail & Groceries,5311,Partnership / LLP,Amritsar,Punjab,TRUE,29-05-25 22:52,FALSE,OTBM8790953463908,ACTIVE,0.2992
MCH1657,Kaur Sandhu And Shanker,Apparel & Fashion,5699,Private Limited,Mumbai,Maharashtra,TRUE,14-01-25 15:44,FALSE,,ACTIVE,1224.96
MCH1658,Khatri Mohanty,Food & Beverage,5812,Proprietorship,Jaipur,Rajasthan,TRUE,08-08-25 00:00,FALSE,DGXZ0949885183603,INACTIVE,2016.79
MCH1661,Mani Jayaraman,Food & Beverage,5812,Private Limited,Hyderabad,Telangana,TRUE,16-09-24 22:00,TRUE,XXXX6928,ACTIVE,813.04
MCH1663,Edwin Kala And Barad,Travel & Transport,4131,Individual,Chennai,Tamil Nadu,TRUE,04-07-24 00:00,FALSE,FGIZ0772949946430,ACTIVE,449.21
MCH1664,Karan Ltd,Travel & Transport,4131,Partnership / LLP,Chennai,Tamil Nadu,TRUE,06-02-25 00:00,TRUE,XXXX0248,ACTIVE,1023.91
MCH1665,Salvi Group,Apparel & Fashion,5699,Individual,Bangalore,Karnataka,TRUE,30-11-25 00:00,FALSE,KSUI6181238646481,ACTIVE,946.53
MCH1667,Prashad Samra,Food & Beverage,5812,Private Limited,Dilli,Delhi,TRUE,20-10-25 03:57,TRUE,XXXX1144,ACTIVE,7788.38
MCH1674,Kari Tara,Electronics & Tech,4814,Partnership / LLP,Mumbai,Maharashtra,TRUE,16-08-24 00:00,TRUE,XXXX5872,ACTIVE,1266.21
MCH1675,Dey Sathe And Sibal,Travel & Transport,4131,Private Limited,Chennai,Tamil Nadu,TRUE,09-11-25 00:00,FALSE,DIRY6496511188422,ACTIVE,1577.75
MCH1676,Palla Gupta And Narain,Electronics & Tech,4814,Proprietorship,Jalandhar,Punjab,TRUE,27-11-25 17:23,FALSE,,ACTIVE,750.53
MCH1679,Chawla Sura And Pal,Travel & Transport,41310,Individual,Lucknow,Uttar Pradesh,TRUE,30-01-26 14:56,TRUE,XXXX9878,SUSPENDED,0.103
MCH1680,Dube Sekhon And Nagarajan,Apparel & Fashion,5699,Proprietorship,Ludhiana,Punjab,TRUE,03-02-25 01:50,FALSE,,ACTIVE,0.855
MCH1683,Sampath Anne And Madan,Food & Beverage,5812,Partnership / LLP,Chennai,Tamil Nadu,TRUE,14-02-26 00:00,TRUE,XXXX9435,ACTIVE,2458.98
MCH1686,Chokshi And Sons,Books & Stationery,59420,Individual,Bangalore,Karnataka,TRUE,02-02-24 00:00,FALSE,,ACTIVE,1116.34
MCH1696,Prakash Dhar,Retail & Groceries,5411,Partnership / LLP,Blr,Karnataka,TRUE,09-01-25 00:00,FALSE,TXHI7483173386178,ACTIVE,567.04
MCH1697,Sodhi Ramakrishnan,Electronics & Tech,48140,Private Limited,Lucknow,Uttar Pradesh,TRUE,13-04-23 07:04,FALSE,QYQC0323724202438,SUSPENDED,1234.06
MCH1704,Shukla Hari And Chopra,Transprt,4131,Proprietorship,Lucknow,Uttar Pradesh,TRUE,04-08-23 00:00,FALSE,,INACTIVE,2965.45
MCH1706,Vala Nagarajan And Saxena,Retail & Groceries,53110,Partnership / LLP,Mumbai,Maharashtra,TRUE,27-08-23 00:00,TRUE,XXXX3189,INACTIVE,513.27
MCH1709,Sachdeva Khanna,Other,5999,Partnership / LLP,Chennai,Tamil Nadu,TRUE,25-08-23 07:56,TRUE,XXXX5946,ACTIVE,481.17
MCH1710,Tara Dash And Pau,Medical & Health,59120,Partnership / LLP,Lucknow,Uttar Pradesh,TRUE,26-02-26 00:00,FALSE,,ACTIVE,804.19
MCH1711,Sastry Kota And Merchant,Retail & Groceries,5411,Proprietorship,Ludhiana,Punjab,TRUE,17-12-23 08:04,FALSE,NEUM7554192097058,ACTIVE,1991.22
MCH1713,Dubey Inc,Food & Beverage,5812,Proprietorship,Kolkata,West Bengal,TRUE,06-02-25 00:00,TRUE,XXXX0557,ACTIVE,0.1132
MCH1714,Sampath Llc,Apparel & Fashion,5699,Partnership / LLP,Lucknow,Uttar Pradesh,TRUE,17-02-26 00:00,FALSE,6074080748,ACTIVE,585.92
MCH1718,Wason Vaidya,Retail,5311,Private Limited,Jalandhar,Punjab,TRUE,04-04-25 17:19,FALSE,,ACTIVE,705.66
MCH1721,Mammen Ka1A And Gara,Hotel & Lodging,7011,Individual,Kolkata,West Bengal,TRUE,07-10-23 01:39,FALSE,,ACTIVE,1736.83
MCH1722,Patel Warrior,Hotel & Lodging,7011,Individual,Calcutta,West Bengal,TRUE,15-03-25 00:00,TRUE,XXXX3839,ACTIVE,0.42
MCH1725,Narayanan Thaker And Sandhu,Retail Other,5999,Partnership / LLP,Jaipur,Rajasthan,TRUE,15-02-25 04:37,TRUE,XXXX2721,ACTIVE,385.5
MCH1726,Raja And Sons,Travel & Transport,4131,Private Limited,New Delhi,Delhi,TRUE,13-12-25 00:00,FALSE,,ACTIVE,639.24
MCH1727,Chacko Llc,Retail Other,5999,Partnership / LLP,Amritsar,Punjab,TRUE,23-07-23 00:00,FALSE,,ACTIVE,1914.68
MCH1729,Ganesh Plc,Food & Beverage,58120,Private Limited,Hyderabad,Telangana,TRUE,23-05-25 00:00,TRUE,XXXX6365,ACTIVE,958.85
MCH1730,Buch Ltd,Apparel & Fashion,5699,Individual,Kolkata,West Bengal,TRUE,25-04-23 00:00,FALSE,,ACTIVE,813.32
MCH1732,Bal Loke And Chadha,Retail & Groceries,5411,Private Limited,New Delhi,Delhi,TRUE,24-10-24 00:00,FALSE,9581945425,ACTIVE,3477.98
MCH1736,Barman Inc,Travel & Transport,4131,Partnership / LLP,Jaipur,Rajasthan,TRUE,06-08-25 20:56,FALSE,,ACTIVE,1937.05
MCH1739,Keer Group,Misc Retail,5999,Individual,Kolkata,West Bengal,TRUE,11-02-24 00:00,FALSE,,ACTIVE,2619.15
MCH1740,Dhaliwal Boase And Walla,Medical & Health,7011,Partnership / LLP,Poona,Maharashtra,TRUE,02-09-25 00:00,FALSE,LCLK0132407508023,ACTIVE,0.903
MCH1744,Mani Tara And Mane,Travel & Transport,4131,Proprietorship,Ludhiana,Punjab,TRUE,20-03-23 16:42,FALSE,,INACTIVE,466.22
MCH1747,Ray Inc,Food & Beverage,5812,Proprietorship,Poona,Maharashtra,TRUE,11-04-23 00:00,FALSE,YGJM1546623351510,ACTIVE,115.81
MCH1750,Dube Natt And V0Hra,Transprt,4131,Individual,Pune,Maharashtra,TRUE,18-12-24 12:18,TRUE,XXXX3705,ACTIVE,915.81
MCH1751,Bava Mukherjee,Retail & Groceries,5411,Proprietorship,Jaipur,Rajasthan,TRUE,20-05-23 00:00,FALSE,EFFJ4269274300862,ACTIVE,0.1591
MCH1755,Kulkarni And Sons,Phone Service,4814,Individual,Mumbai,Maharashtra,TRUE,29-12-25 00:00,FALSE,9887027328,ACTIVE,1088.47
MCH1756,Ben And Sons,Miscellaneous,59990,Private Limited,Hyderabad,Telangana,TRUE,02-08-23 00:00,TRUE,XXXX4519,ACTIVE,1706.9
MCH1763,Dhillon Ltd,Retail & Groceries,,Partnership / LLP,Jalandhar,Punjab,TRUE,22-02-26 00:00,FALSE,4567982166,ACTIVE,231.69
MCH1764,Kurian Vaidya And Loyal,Misc Retail,5999,Individual,Lucknow,Uttar Pradesh,TRUE,16-11-25 04:20,FALSE,QLVG4760642998653,SUSPENDED,419.98
MCH1767,Bhatnagar Ka1A,Electronics & Tech,,Individual,Jalandhar,Punjab,FALSE,,FALSE,2537411732,ACTIVE,314.16
MCH1768,Mody Tata And Chatterjee,Travel & Transport,4131,Proprietorship,Chennai,Tamil Nadu,TRUE,08-09-24 00:00,FALSE,,ACTIVE,360.87
MCH1769,Sekhon Goswami And Rajan,Electronics & Tech,4814,Proprietorship,Lucknow,Uttar Pradesh,TRUE,28-06-25 07:25,FALSE,DYOJ7653218721893,ACTIVE,1009.67
MCH1770,Prabhu Inc,Retail & Groceries,5411,Partnership / LLP,Kolkata,West Bengal,TRUE,19-02-26 00:00,FALSE,STER3056508036813,ACTIVE,1130.22
MCH1772,Thakur Talwar And Chahal,Medical & Health,5912,Partnership / LLP,Pune,Maharashtra,TRUE,19-11-25 01:49,TRUE,XXXX1519,ACTIVE,645.09
MCH1773,Prakash Malhotra,Retail & Groceries,5411,Individual,Jalandhar,Punjab,FALSE,,FALSE,XEKJ5137440988369,ACTIVE,1551.73
MCH1774,Sundaram Dani And Mall,Books & Stationery,5942,Partnership / LLP,Lucknow,Uttar Pradesh,TRUE,23-08-24 00:00,TRUE,XXXX1272,ACTIVE,10785.29
MCH1775,Karnik Inc,Retail & Groceries,5411,Private Limited,Lucknow,Uttar Pradesh,TRUE,13-04-23 08:51,FALSE,MCRQ9864671908344,ACTIVE,0.313
MCH1776,Vohra And Sons,Retail Other,5999,Private Limited,Lucknow,Uttar Pradesh,TRUE,16-06-23 00:00,TRUE,XXXX6558,ACTIVE,843.8
MCH1779,Maharaj Jaggi And Reddy,Hotel & Lodging,7011,Partnership / LLP,Bengaluru,Karnataka,TRUE,09-02-24 00:00,FALSE,,ACTIVE,1540.91
MCH1782,Kari Plc,Retail & Groceries,54110,Proprietorship,Mumbai,Maharashtra,TRUE,26-06-24 00:00,FALSE,,ACTIVE,4762.58
MCH1785,Shere Pall,Retail & Groceries,5311,Proprietorship,Calcutta,West Bengal,TRUE,08-05-23 05:22,FALSE,,ACTIVE,2271.85
MCH1786,Ganguly Mammen And Babu,Retail & Groceries,5411,Proprietorship,Pune,Maharashtra,TRUE,22-05-25 00:00,FALSE,YNDF5378176701295,ACTIVE,0.1212
MCH1787,Johal And Sons,Books & Stationery,5942,Proprietorship,Chennai,Tamil Nadu,TRUE,09-04-24 00:00,FALSE,8096098187,ACTIVE,1495.88
MCH1788,Dass Rajagopal And Madan,Electronics & Tech,,Private Limited,Pune,Maharashtra,TRUE,11-12-24 00:00,FALSE,,SUSPENDED,1479.46
MCH1789,Loke Chanda,Books & Stationery,5942,Partnership / LLP,Jaipur,Rajasthan,TRUE,25-02-23 00:00,FALSE,,ACTIVE,15713.68
MCH1792,Palan Naidu,Apparel & Fashion,5699,Partnership / LLP,Bengaluru,Karnataka,TRUE,28-01-23 00:00,FALSE,JXLM1363091809821,ACTIVE,443.5
MCH1793,Jaggi Plc,Hotel & Lodging,7011,Proprietorship,New Delhi,Delhi,TRUE,21-08-24 00:47,FALSE,,ACTIVE,2705.89
MCH1796,Kohli Nagar,Books & Stationery,59420,Individual,Amritsar,Punjab,TRUE,20-07-24 00:00,FALSE,,ACTIVE,741.16
MCH1800,Mall Plc,Retail & Groceries,5311,Private Limited,Hyd,Telangana,TRUE,24-10-25 00:00,FALSE,,ACTIVE,0.103
MCH1806,Thaker Dutt,Apparel & Fashion,,Individual,Ludhiana,Punjab,TRUE,02-05-24 09:16,FALSE,1201362088,ACTIVE,0.6418
MCH1809,Grewal Inc,Retail & Groceries,5311,Private Limited,Blr,Karnataka,TRUE,31-10-25 03:18,FALSE,1597132394,ACTIVE,2181.93
MCH1811,Shukla Ganesan,Hotel & Lodging,,Individual,New Delhi,Delhi,TRUE,14-01-24 13:33,FALSE,9614445611,INACTIVE,871.51
MCH1812,Om Plc,Food & Beverage,5812,Proprietorship,Amritsar,Punjab,TRUE,26-11-24 18:01,FALSE,,ACTIVE,2079.98
MCH1813,Balan Deo,Retail & Groceries,5311,Partnership / LLP,Poona,Maharashtra,TRUE,28-08-24 00:00,FALSE,UAJB1335544875863,ACTIVE,610.94
MCH1815,Saha Varghese,Travel & Transport,4131,Private Limited,New Delhi,Delhi,TRUE,22-04-24 07:33,TRUE,XXXX3927,ACTIVE,846.74
MCH1816,Aurora Kata,Retail,5311,Proprietorship,Lucknow,Uttar Pradesh,TRUE,15-03-25 01:24,FALSE,,ACTIVE,1797.52
MCH1817,Mohanty Behl And Rao,Travel & Transport,4131,Individual,Poona,Maharashtra,TRUE,23-07-25 00:00,FALSE,,INACTIVE,2347.62
MCH1818,Bakshi Golla,Apparel & Fashion,5699,Private Limited,Kolkata,West Bengal,TRUE,04-10-23 00:00,FALSE,7575233501,ACTIVE,4859.19
MCH1823,Patla Bhasin And Parsa,Hotel & Lodging,7011,Partnership / LLP,Lucknow,Uttar Pradesh,TRUE,15-06-23 00:00,FALSE,,ACTIVE,3003.2
MCH1827,Saha Ltd,Other,5999,Partnership / LLP,Pune,Maharashtra,TRUE,12-01-26 00:00,FALSE,GFSK2439344528128,ACTIVE,790.89
MCH1828,Goel Plc,Apparel & Fashion,5699,Private Limited,Chennai,Tamil Nadu,TRUE,15-10-25 00:00,TRUE,XXXX2989,ACTIVE,4227.93
MCH1829,Ramaswamy Group,Travel & Transport,4131,Proprietorship,Calcutta,West Bengal,TRUE,15-03-24 00:00,FALSE,,ACTIVE,2351.23
MCH1830,Shan Llc,Hotel & Lodging,7011,Private Limited,Lucknow,Uttar Pradesh,FALSE,,FALSE,8821748714,ACTIVE,405.35
MCH1832,Mistry Chaudhary,Other,5999,Individual,Hyd,Telangana,TRUE,11-12-24 00:06,FALSE,,ACTIVE,448.33
MCH1833,Sabharwal Chopra And Nayar,Transprt,41310,Private Limited,Poona,Maharashtra,TRUE,26-07-23 05:30,FALSE,8483394590,ACTIVE,1391.53
MCH1836,Nazareth Bahl And Manda,Retail & Groceries,5411,Private Limited,Hyderabad,Telangana,TRUE,15-11-23 00:00,FALSE,IUQT6934618863943,ACTIVE,1076.395
MCH1838,Manda Deshpande,Books & Stationery,5942,Partnership / LLP,Jalandhar,Punjab,TRUE,04-09-25 06:22,FALSE,XYTA4197098019941,ACTIVE,2224.32
MCH1839,Krish Group,Retail & Groceries,5411,Proprietorship,Jalandhar,Punjab,TRUE,29-01-24 20:47,FALSE,,ACTIVE,1503.47
MCH1840,Chahal And Sons,Books & Stationery,5942,Proprietorship,Ludhiana,Punjab,TRUE,06-02-26 00:00,TRUE,XXXX9616,ACTIVE,0.764
MCH1841,Kadakia Rao,Medical & Health,,Proprietorship,Kolkata,West Bengal,TRUE,01-07-25 00:00,FALSE,7706295964,ACTIVE,532.17
MCH1842,Singh Dhillon And Garg,Electronics & Tech,4814,Partnership / LLP,Lucknow,Uttar Pradesh,TRUE,21-10-24 00:00,FALSE,6092011664,ACTIVE,182.82
MCH1843,Edwin And Sons,Miscellaneous,5999,Proprietorship,Dilli,Delhi,TRUE,19-09-24 00:00,FALSE,,ACTIVE,934.62
MCH1845,Goel Inc,Travel & Transport,4131,Private Limited,Dilli,Delhi,TRUE,17-10-23 00:00,FALSE,6579207527,ACTIVE,1675.96
MCH1846,Kurian Chad,Hotel & Lodging,7011,Partnership / LLP,Chennai,Tamil Nadu,TRUE,23-03-23 22:54,FALSE,,ACTIVE,597.53
MCH1848,Acharya Bail,Retail,5311,Partnership / LLP,Poona,Maharashtra,TRUE,05-09-25 00:00,FALSE,3196162533,ACTIVE,0.3044
MCH1852,Prabhu Group,Retail & Groceries,5411,Individual,Mumbai,Maharashtra,TRUE,31-03-24 00:00,FALSE,8479119924,ACTIVE,786.71
MCH1853,Narayanan Chander,Travel & Transport,41310,Proprietorship,Asr,Punjab,TRUE,10-10-23 00:20,FALSE,GGYD8312524893538,ACTIVE,13872.38
MCH1854,Sule Prashad And Balay,Hotel & Lodging,7011,Partnership / LLP,Amritsar,Punjab,TRUE,21-09-23 00:00,TRUE,XXXX8005,ACTIVE,5318.31
MCH1855,Kala Shan,Food & Beverage,5812,Private Limited,Kolkata,West Bengal,TRUE,13-11-23 00:38,FALSE,,SUSPENDED,0.1474
MCH1856,Baria Balay,Retail & Groceries,5311,Proprietorship,Lucknow,Uttar Pradesh,TRUE,26-12-23 15:21,TRUE,XXXX1618,ACTIVE,2071.73
MCH1861,Vora Balan,Retail & Groceries,5411,Proprietorship,Pune,Maharashtra,TRUE,17-10-25 00:39,FALSE,MBHV3858162453364,INACTIVE,2646.57
MCH1862,Puri Inc,Travel & Transport,4131,Individual,Mumbai,Maharashtra,TRUE,15-11-24 12:30,FALSE,6516098644,ACTIVE,1444.68
MCH1863,Sachar Gokhale,Books & Stationery,5942,Private Limited,Hyderabad,Telangana,TRUE,24-03-24 16:08,TRUE,XXXX8775,ACTIVE,760.42
MCH1865,Chandra Pandey,Books & Stationery,5942,Individual,Pune,Maharashtra,TRUE,15-11-25 00:00,FALSE,,ACTIVE,3847.74
MCH1872,Chaudry Group,Other,5999,Private Limited,Blr,Karnataka,TRUE,02-02-24 00:00,FALSE,2703911432,ACTIVE,1044.41
MCH1873,Oak Ramachandran,Phone Service,,Private Limited,Amritsar,Punjab,TRUE,23-05-24 15:31,TRUE,XXXX5817,ACTIVE,942.83
MCH1874,Bail Madan And Mahal,Retail & Groceries,5411,Private Limited,Jalandhar,Punjab,TRUE,03-11-25 21:30,FALSE,723751803,ACTIVE,928.89
MCH1876,Deol Sandal And Nagi,Miscellaneous,5999,Partnership / LLP,Bengaluru,Karnataka,TRUE,29-04-24 00:00,FALSE,KRVT6824787386581,ACTIVE,603.93
MCH1878,Narula Group,Hotel & Lodging,7011,Private Limited,New Delhi,Delhi,TRUE,26-02-25 00:00,TRUE,XXXX5015,ACTIVE,926.71
MCH1879,Muni Sachdeva,Miscellaneous,5999,Individual,Chennai,Tamil Nadu,TRUE,16-12-23 00:00,TRUE,XXXX4876,ACTIVE,687.52
MCH1881,Bawa Ganesan And Oak,Medical & Health,5912,Partnership / LLP,Chennai,Tamil Nadu,TRUE,14-12-23 00:00,FALSE,,SUSPENDED,1349.05
MCH1882,Kamdar Banik,Food & Beverage,5812,Partnership / LLP,Ludhiana,Punjab,FALSE,,FALSE,,ACTIVE,427.5
MCH1883,Bahl Kashyap And Sibal,Food & Beverage,5812,Private Limited,Jalandhar,Punjab,TRUE,04-01-23 00:00,TRUE,XXXX4248,ACTIVE,958.85
MCH1884,Nagi Llc,Transprt,4131,Private Limited,Bengaluru,Karnataka,TRUE,08-01-25 00:00,FALSE,ROSD8740992299086,ACTIVE,628.95
MCH1885,Mahal Ltd,Other,5999,Private Limited,Hyderabad,Telangana,TRUE,07-11-25 18:42,FALSE,,ACTIVE,0.618
MCH1887,Peri Inc,Retail & Groceries,5311,Private Limited,Bangalore,Karnataka,TRUE,26-02-23 00:00,FALSE,,ACTIVE,2706.7
MCH1889,Bakshi Llc,Retail Other,5999,Individual,Jalandhar,Punjab,TRUE,13-02-24 09:50,TRUE,XXXX2818,ACTIVE,2474.04
MCH1892,Shanker De,Hotel & Lodging,7011,Private Limited,Mumbai,Maharashtra,TRUE,12-02-24 01:08,FALSE,4394256877,ACTIVE,987.4
MCH1894,Setty Doshi,Food & Beverage,5812,Partnership / LLP,Blr,Karnataka,TRUE,11-08-25 00:00,FALSE,1742153273,ACTIVE,2961.06
MCH1899,Subramaniam Bedi,Books & Stationery,,Private Limited,Ludhiana,Punjab,TRUE,27-09-25 00:00,TRUE,XXXX4698,ACTIVE,975.635
MCH1904,Sandal Inc,Electronics & Tech,4814,Individual,Jalandhar,Punjab,TRUE,23-03-24 06:08,FALSE,EZBT7024632751925,ACTIVE,1398.65
MCH1906,Taneja Mahajan And Sarna,Retail,5311,Individual,Bangalore,Karnataka,TRUE,16-01-26 00:00,FALSE,ZMCC2986180199571,INACTIVE,0.2772
MCH1908,Raghavan Badami And Mani,Books & Stationery,5942,Partnership / LLP,Kolkata,West Bengal,TRUE,29-05-25 11:41,TRUE,XXXX6948,ACTIVE,0.856
MCH1909,Murthy And Sons,Books & Stationery,5942,Proprietorship,Poona,Maharashtra,TRUE,25-11-23 00:00,FALSE,6570869272,ACTIVE,823
MCH1912,Keer Mitra,Transprt,4131,Proprietorship,Chennai,Tamil Nadu,TRUE,27-10-24 18:55,TRUE,XXXX9508,ACTIVE,3259.24
MCH1913,Sandal Srinivas And Lata,Medical & Health,5912,Partnership / LLP,Lucknow,Uttar Pradesh,TRUE,06-09-23 00:00,FALSE,3453698993,ACTIVE,468.17
MCH1917,Bera Bhakta And Dhillon,Books & Stationery,5942,Proprietorship,Mumbai,Maharashtra,TRUE,06-08-23 01:48,FALSE,9839969668,ACTIVE,0.293
MCH1921,Raj Llc,Miscellaneous,5999,Partnership / LLP,Lucknow,Uttar Pradesh,TRUE,12-02-24 00:00,FALSE,5917860419,ACTIVE,2280.24
MCH1922,Deo Saraf And Kale,Books & Stationery,,Proprietorship,Lucknow,Uttar Pradesh,FALSE,,FALSE,,ACTIVE,2507.85
MCH1923,Barad Devan,Apparel & Fashion,5699,Private Limited,Hyd,Telangana,TRUE,12-08-25 00:00,FALSE,,ACTIVE,300.28
MCH1924,Choudhary Iyer And Boase,Medical & Health,5912,Partnership / LLP,Jaipur,Rajasthan,TRUE,12-11-24 00:00,TRUE,XXXX3944,ACTIVE,7220.04
MCH1926,Bhattacharyya Om,Retail & Groceries,5311,Individual,Mumbai,Maharashtra,TRUE,16-06-25 00:00,FALSE,3013938494,ACTIVE,2425.42
MCH1929,Bahri Daraandsaran,Books & Stationery,5942,Private Limited,Jaipur,Rajasthan,TRUE,26-12-25 09:06,TRUE,XXXX4676,ACTIVE,2563.73
MCH1934,Deol Dugarandparmer,Books & Stationery,5942,Private Limited,Chennai,Tamil Nadu,TRUE,26-06-25 13:50,FALSE,,ACTIVE,2520.96
MCH1936,Batra Ramanathan And Din,Medical & Health,5912,Proprietorship,Hyderabad,Telangana,TRUE,16-07-24 00:00,TRUE,XXXX3173,ACTIVE,143.98
MCH1939,Lal Sahniandchopra,Hotel & Lodging,7011,Private Limited,Ludhiana,Punjab,TRUE,02-05-26 00:00,TRUE,XXXX8735,ACTIVE,0.509
MCH1940,Anne Group,Travel & Transport,4131,Proprietorship,Hyderabad,Telangana,TRUE,16-01-25 19:34,TRUE,XXXX3192,ACTIVE,2525.67
MCH1941,Bath Sunder,Electronics & Tech,4814,Proprietorship,Jaipur,Rajasthan,TRUE,22-05-24 00:00,FALSE,,SUSPENDED,1021.355
MCH1944,Morar Ltd,Food & Beverage,5812,Individual,Pune,Maharashtra,TRUE,23-04-23 00:00,TRUE,XXXX8672,ACTIVE,1207.98
MCH1946,Sibal Llc,Medical & Health,7011,Proprietorship,Jalandhar,Punjab,TRUE,24-01-26 21:05,FALSE,QGEZ9290048707008,ACTIVE,2804.71
MCH1947,Batra Kar And Sodhi,Apparel & Fashion,5699,Partnership / LLP,Blr,Karnataka,TRUE,24-08-25 19:46,FALSE,QPJE6965990436721,ACTIVE,3015.23
MCH1948,Sundaram Sami And Jha,Electronics & Tech,4814,Private Limited,Jaipur,Rajasthan,TRUE,17-07-24 00:00,FALSE,4160009756,ACTIVE,634.29
MCH1952,Madan Inc,Books & Stationery,5942,Partnership / LLP,Chennai,Tamil Nadu,TRUE,28-06-24 00:00,FALSE,7688662215,INACTIVE,1643.17
MCH1953,Banerjee Maharaj And Rege,Hotel & Lodging,7011,Proprietorship,Jalandhar,Punjab,TRUE,14-12-25 00:00,FALSE,QMMB6426177933216,ACTIVE,1226.94
MCH1954,Kunda Kata And Shetty,Electronics & Tech,,Individual,Poona,Maharashtra,TRUE,19-10-25 00:00,FALSE,79661036,ACTIVE,923.81
MCH1955,Srinivas Khurana And Choudhry,Retail Other,5999,Private Limited,Jalandhar,Punjab,TRUE,18-01-25 12:28,TRUE,XXXX5304,ACTIVE,883.05
MCH1956,Sodhi Plc,Medical & Health,5912,Individual,Amritsar,Punjab,TRUE,28-09-25 15:41,FALSE,TLKU2109519549509,ACTIVE,1459.74
MCH1959,Khatri Kumar,Medical & Health,5912,Private Limited,Mumbai,Maharashtra,TRUE,09-01-25 20:33,FALSE,VKRC9106963270153,ACTIVE,0.622
MCH1960,Bail Chand,Retail & Groceries,5411,Partnership / LLP,Hyd,Telangana,TRUE,26-08-24 00:00,TRUE,XXXX7716,ACTIVE,0.613
MCH1965,Chawla Sawhney,Phone Service,4814,Individual,Blr,Karnataka,TRUE,21-08-25 00:00,FALSE,,ACTIVE,4592.95
MCH1966,Munshi Bath,Travel & Transport,4131,Private Limited,Bangalore,Karnataka,TRUE,27-01-26 00:00,FALSE,,SUSPENDED,1858.12
MCH1968,Shroff Mani,Retail & Groceries,5411,Partnership / LLP,Mumbai,Maharashtra,TRUE,04-10-24 00:00,FALSE,FIQR5425866491953,ACTIVE,0.1674
MCH1969,Narain Menon,Retail,5311,Individual,Dilli,Delhi,TRUE,16-11-25 00:00,FALSE,FJVW1497261653850,ACTIVE,453.33
MCH1971,Khanna And Sons,Electronics & Tech,4814,Partnership / LLP,Mumbai,Maharashtra,TRUE,06-02-26 00:00,TRUE,XXXX1386,ACTIVE,2326.17
MCH1973,Walia Khatri And Saha,Books & Stationery,59420,Proprietorship,Lucknow,Uttar Pradesh,TRUE,16-11-25 00:00,FALSE,2944514975,ACTIVE,975.635
MCH1974,Kap00R Llc,Travel & Transport,4131,Partnership / LLP,Chennai,Tamil Nadu,TRUE,12-05-24 08:25,FALSE,5931788473,ACTIVE,1023.91
MCH1976,Mutti Sastry And Jha,Books & Stationery,5942,Private Limited,Amritsar,Punjab,TRUE,04-08-23 00:00,FALSE,,ACTIVE,2928.73
MCH1977,Chahal Kumer,Books & Stationery,5942,Proprietorship,Calcutta,West Bengal,TRUE,01-09-25 00:00,TRUE,XXXX3479,ACTIVE,0.897
MCH1982,Behl Jayaraman And Divan,Apparel & Fashion,5699,Proprietorship,Bombay,Maharashtra,TRUE,10-09-25 00:00,FALSE,,ACTIVE,298.94
MCH1983,Jayaraman Plc,Medical & Health,5912,Proprietorship,Hyderabad,Telangana,TRUE,13-12-24 00:00,FALSE,6619790480,ACTIVE,657.32
MCH1984,Lala Wagle And Bal,Apparel & Fashion,5699,Partnership / LLP,Chennai,Tamil Nadu,TRUE,01-08-25 00:00,FALSE,,ACTIVE,5244.88
MCH1986,Bains Chanda And Gh0Sh,Retail,5311,Individual,Jalandhar,Punjab,TRUE,01-10-26 00:00,FALSE,,ACTIVE,1427.52
MCH1987,Dora Sarma And Biswas,Electronics & Tech,4814,Partnership / LLP,Mumbai,Maharashtra,TRUE,31-01-23 00:00,FALSE,NNVG3490646202999,ACTIVE,3268.84
MCH1990,Mitra Plc,Medical & Health,7011,Partnership / LLP,Amritsar,Punjab,TRUE,12-04-24 00:00,FALSE,5026245001,ACTIVE,1251.23
MCH1993,Dhaliwal Plc,Electronics & Tech,4814,Proprietorship,Amritsar,Punjab,FALSE,,FALSE,8690977818,ACTIVE,428.65
MCH1994,Naik Bhasin And Virk,Hotel & Lodging,7011,Proprietorship,Asr,Punjab,TRUE,24-09-24 12:17,FALSE,3176426647,ACTIVE,886.83
MCH1995,Mand Halder And Rajagopalan,Books & Stationery,5942,Partnership / LLP,Jaipur,Rajasthan,TRUE,04-04-24 00:00,FALSE,COIS3057851068966,INACTIVE,158.78
MCH2003,Rajagopalan Inc,Retail & Groceries,5311,Individual,Poona,Maharashtra,TRUE,16-06-23 00:00,FALSE,3428467704,ACTIVE,0.567
MCH2007,Mahal Divan And Sharaf,Other,5999,Proprietorship,Jalandhar,Punjab,TRUE,02-02-23 22:14,FALSE,4814016835,ACTIVE,435.32
MCH2009,Tiwari Naidu And Muni,Apparel & Fashion,5699,Partnership / LLP,Pune,Maharashtra,TRUE,05-04-24 00:00,FALSE,NVFX6549311428381,ACTIVE,0.732
MCH2013,Nanda Saraf And Halder,Retail & Groceries,5411,Individual,Kolkata,West Bengal,TRUE,22-04-25 00:00,FALSE,,ACTIVE,1721.62
MCH2014,Sundaram And Sons,Miscellaneous,5999,Private Limited,Ludhiana,Punjab,TRUE,27-01-24 00:00,TRUE,XXXX5436,ACTIVE,0.4199
MCH2015,Gulati Llc,Phone Service,4814,Private Limited,Jaipur,Rajasthan,TRUE,22-06-23 07:04,FALSE,,ACTIVE,17945.28
MCH2016,Amble Yadav And Dube,Retail Other,5999,Partnership / LLP,Kolkata,West Bengal,TRUE,18-03-25 00:00,TRUE,XXXX3614,SUSPENDED,10324.69
MCH2019,Walla Ranganathan,Misc Retail,5999,Partnership / LLP,Bengaluru,Karnataka,TRUE,22-05-24 00:00,FALSE,,ACTIVE,1915.39
MCH2020,Prabhu Kar,Apparel & Fashion,56990,Private Limited,Jalandhar,Punjab,TRUE,15-03-25 21:17,TRUE,XXXX1985,SUSPENDED,2649.5
MCH2021,Shenoy Wable,Medical & Health,5912,Proprietorship,New Delhi,Delhi,TRUE,06-05-25 00:00,FALSE,BNOS2436378037599,ACTIVE,2287.51
MCH2022,Nagi Gala,Misc Retail,5999,Individual,Chennai,Tamil Nadu,TRUE,08-04-24 00:00,FALSE,,ACTIVE,3182.35
MCH2024,Ram Manda And Chopra,Travel & Transport,4131,Proprietorship,Pune,Maharashtra,TRUE,24-07-25 00:00,FALSE,,ACTIVE,1122.98
MCH2027,Boase Ghosh And Manda,Retail & Groceries,5311,Partnership / LLP,Chennai,Tamil Nadu,TRUE,16-12-23 00:00,TRUE,XXXX6284,ACTIVE,1163.7
MCH2028,Viswanathan Llc,Electronics & Tech,,Individual,Pune,Maharashtra,TRUE,23-05-24 00:00,TRUE,XXXX2833,ACTIVE,0.634
MCH2029,Bhalla Brahmbhatt,Misc Retail,5999,Proprietorship,Jalandhar,Punjab,TRUE,20-06-23 12:29,FALSE,,ACTIVE,276.02
MCH2030,Singh Banerjee,Travel & Transport,4131,Individual,Ludhiana,Punjab,TRUE,25-02-23 00:00,FALSE,,ACTIVE,0.3976
MCH2032,Doshi Sur And Sarna,Food & Beverage,5812,Private Limited,Pune,Maharashtra,TRUE,15-07-23 00:00,FALSE,,ACTIVE,771.07
MCH2033,Munshi Sundaram And Bhasin,Apparel & Fashion,5699,Private Limited,Poona,Maharashtra,TRUE,30-09-25 00:00,TRUE,XXXX3680,ACTIVE,294.83
MCH2035,Hora Grover,Travel & Transport,4131,Proprietorship,New Delhi,Delhi,TRUE,07-01-26 09:43,FALSE,,ACTIVE,212.97
MCH2037,Kadakia Llc,Retail & Groceries,,Partnership / LLP,New Delhi,Delhi,TRUE,13-10-24 00:00,FALSE,ZTLJ8328872113925,ACTIVE,426.54
MCH2038,Dara Sama,Hotel & Lodging,7011,Individual,Hyderabad,Telangana,TRUE,20-08-23 00:00,FALSE,1467343581,ACTIVE,801.94
MCH2040,Goel Dewan,Miscellaneous,,Individual,New Delhi,Delhi,TRUE,12-07-25 00:00,FALSE,EFTH2141412119625,ACTIVE,320.83
MCH2041,Sagar Chakraborty And Kurian,Travel & Transport,4131,Proprietorship,Ludhiana,Punjab,TRUE,22-03-24 10:36,FALSE,,ACTIVE,1023.91
MCH2042,Rai Das And Bava,Retail,5311,Partnership / LLP,Pune,Maharashtra,TRUE,17-12-23 00:00,FALSE,ZYCY1593553139876,ACTIVE,1564.88
MCH2044,Upadhyay Kapoor And Nazareth,Medical & Health,7011,Individual,Lucknow,Uttar Pradesh,TRUE,02-01-23 00:58,FALSE,3913922043,ACTIVE,368.05
MCH2045,Nadig Bal,Apparel & Fashion,5699,Private Limited,Pune,Maharashtra,TRUE,02-05-24 23:14,FALSE,,ACTIVE,2363.1
MCH2046,Konda Garde,Retail & Groceries,5411,Proprietorship,Lucknow,Uttar Pradesh,TRUE,28-01-26 00:00,FALSE,,ACTIVE,1405.98
MCH2047,Kalita Nagarajan And Joshi,Misc Retail,5999,Individual,Pune,Maharashtra,TRUE,07-07-24 00:00,FALSE,8653452097,INACTIVE,341.63
MCH2051,Deshpande Plc,Medical & Health,5912,Private Limited,Chennai,Tamil Nadu,TRUE,06-10-24 00:00,FALSE,6948597427,ACTIVE,625.93
MCH2052,Saraf Maharaj And Kakar,Misc Retail,5999,Individual,Poona,Maharashtra,TRUE,30-01-25 00:00,TRUE,XXXX8291,ACTIVE,3476.81
MCH2056,Kadakia Nagi And Ramakrishnan,Apparel & Fashion,5699,Proprietorship,Bombay,Maharashtra,TRUE,23-02-23 00:00,TRUE,XXXX6025,ACTIVE,2168
MCH2060,Grover Dugar,Hotel & Lodging,7011,Individual,Chennai,Tamil Nadu,TRUE,02-10-25 05:31,FALSE,DZGT5983407724510,ACTIVE,0.54
MCH2063,Bhavsar Gr0Up,Transprt,4131,Private Limited,Chennai,Tamil Nadu,TRUE,10-10-25 15:34,FALSE,,ACTIVE,2405.73
MCH2064,Date And Sons,Food & Beverage,5812,Private Limited,New Delhi,Delhi,TRUE,08-05-25 00:00,FALSE,,ACTIVE,0.1715
MCH2067,Barad Rai And Kapur,Retail & Groceries,5411,Private Limited,Jaipur,Rajasthan,TRUE,04-03-23 00:00,FALSE,5177364796,ACTIVE,999.18
MCH2071,Dube Kapadia,Electronics & Tech,,Proprietorship,Amritsar,Punjab,TRUE,19-08-24 04:07,FALSE,5736154750,ACTIVE,0.1392
MCH2074,D’Alia Inc,Apparel & Fashion,5699,Partnership / LLP,Jaipur,Rajasthan,TRUE,22-10-25 19:54,FALSE,VRCT7941741947399,ACTIVE,1616.2
MCH2075,Dhar Deoandrau,Medical & Health,5912,Individual,New Delhi,Delhi,TRUE,01-09-24 00:59,FALSE,32289516,ACTIVE,1584.12
MCH2076,Chad Ltd,Books & Stationery,5942,Proprietorship,Jalandhar,Punjab,TRUE,07-03-24 02:08,FALSE,7969775416,ACTIVE,579.16
MCH2077,Kara Plc,Food & Beverage,5812,Individual,Amritsar,Punjab,TRUE,15-11-25 02:48,TRUE,XXXX1473,ACTIVE,239.1
MCH2078,Chada Dubey,Retail & Groceries,5311,Individual,Bengaluru,Karnataka,TRUE,14-03-25 00:00,FALSE,,ACTIVE,1915.85
MCH2081,Date Plc,Retail & Groceries,5311,Private Limited,Lucknow,Uttar Pradesh,TRUE,01-04-23 00:00,TRUE,XXXX3660,ACTIVE,275.64
MCH2083,Patla Basak,Medical & Health,5912,Individual,Calcutta,West Bengal,TRUE,10-08-24 01:26,FALSE,,SUSPENDED,556.93
MCH2084,Murthy Dutt And Bakshi,Travel & Transport,4131,Private Limited,Mumbai,Maharashtra,TRUE,03-04-24 00:00,FALSE,,ACTIVE,659.75
MCH2085,Kala Shah,Transprt,4131,Private Limited,Poona,Maharashtra,TRUE,22-07-24 00:00,TRUE,XXXX7338,ACTIVE,3590.82
MCH2087,Dubey Doctor,Miscellaneous,5999,Individual,Asr,Punjab,TRUE,17-04-25 00:00,FALSE,974736100,ACTIVE,4751.6
MCH2090,Upadhyay Plc,Food & Beverage,58120,Proprietorship,Dilli,Delhi,TRUE,05-01-26 04:15,FALSE,KZDI9850791739312,ACTIVE,439.31
MCH2092,Dubey Tara And Thaker,Travel & Transport,4131,Individual,Kolkata,West Bengal,TRUE,09-11-23 00:00,FALSE,6682311847,ACTIVE,1262.97
MCH2093,Ghosh Gaba,Misc Retail,,Proprietorship,Ludhiana,Punjab,TRUE,02-05-24 00:00,FALSE,IJYU8161082317804,ACTIVE,0.2389
MCH2094,Ratti Ltd,Retail & Groceries,5411,Proprietorship,Bengaluru,Karnataka,FALSE,,FALSE,2357394958,ACTIVE,4897.48
MCH2096,Taneja Basu And Bal,Electronics & Tech,4814,Private Limited,Pune,Maharashtra,TRUE,28-09-24 00:00,FALSE,6426260442,ACTIVE,1660.3
MCH2098,Ranganathan Chopra,Transprt,41310,Private Limited,Chennai,Tamil Nadu,TRUE,13-05-23 00:00,FALSE,,ACTIVE,4538.04
MCH2099,Tara Date And Thakur,Transprt,4131,Proprietorship,Chennai,Tamil Nadu,TRUE,28-06-23 00:00,FALSE,BFBY2666613604973,ACTIVE,1054.15
MCH2100,Jani Bobal And Singhal,Medical & Health,7011,Individual,Bangalore,Karnataka,FALSE,,FALSE,,ACTIVE,0.1281
MCH2102,Mand Bobal And Saini,Food & Beverage,5812,Individual,Ludhiana,Punjab,TRUE,25-04-24 00:00,FALSE,,ACTIVE,2985.52
MCH2104,Iyengar Plc,Apparel & Fashion,,Private Limited,Lucknow,Uttar Pradesh,TRUE,20-03-25 13:20,FALSE,,SUSPENDED,1344.05
MCH2105,Nagar Misra,Medical & Health,5912,Private Limited,Jaipur,Rajasthan,TRUE,17-03-24 02:55,FALSE,DJMK6141720098442,ACTIVE,1101.76
MCH2106,Doctor Karnik And Sridhar,Retail Other,5999,Partnership / LLP,Bengaluru,Karnataka,TRUE,16-08-23 00:00,TRUE,XXXX6082,INACTIVE,871.69
MCH2107,Wali Srinivas And Vyas,Medical & Health,5912,Private Limited,Chennai,Tamil Nadu,TRUE,29-08-23 00:00,FALSE,KNZL1450578164711,ACTIVE,679.27
MCH2108,Sankar Desai,Medical & Health,5912,Proprietorship,Ludhiana,Punjab,TRUE,30-10-23 00:00,FALSE,9695114754,SUSPENDED,1535.43
MCH2111,Dubey Oommen,Hotel & Lodging,7011,Individual,Ludhiana,Punjab,TRUE,26-07-23 08:03,FALSE,,ACTIVE,5111.16
MCH2115,Kohli Doshi,Travel & Transport,4131,Proprietorship,Chennai,Tamil Nadu,TRUE,24-05-24 11:16,TRUE,XXXX7245,ACTIVE,8526.65
MCH2116,Chaudhari And Sons,Apparel & Fashion,5699,Individual,Jaipur,Rajasthan,TRUE,09-02-23 00:00,TRUE,XXXX7517,ACTIVE,947.14
MCH2117,Lal Group,Medical & Health,,Partnership / LLP,Jaipur,Rajasthan,TRUE,28-10-25 00:00,FALSE,,ACTIVE,2615.21
MCH2118,Jani Subramaniam,Books & Stationery,5942,Partnership / LLP,Ludhiana,Punjab,TRUE,30-05-24 00:00,FALSE,TOPO3167206929855,ACTIVE,1546.09
MCH2119,Kashyap Ltd,Apparel & Fashion,5699,Individual,Chennai,Tamil Nadu,TRUE,23-07-23 08:53,FALSE,QOGH2854636021780,INACTIVE,1155.58
MCH2120,Yohannan Patla And Parmer,Hotel & Lodging,7011,Partnership / LLP,New Delhi,Delhi,TRUE,01-01-24 00:00,TRUE,XXXX7380,ACTIVE,3366.53
MCH2122,Bava Bal And Mittal,Medical & Health,,Individual,Pune,Maharashtra,TRUE,01-04-24 00:00,FALSE,,ACTIVE,1119.03
MCH2123,Pandey Swamy And Desai,Medical & Health,5912,Private Limited,Hyderabad,Telangana,TRUE,31-03-24 00:00,FALSE,1343743370,ACTIVE,0.2367
MCH2124,Chander Kohli And Dube,Travel & Transport,4131,Individual,New Delhi,Delhi,TRUE,15-02-24 00:00,TRUE,XXXX2531,ACTIVE,1551.09
MCH2126,Golla And Sons,Retail & Groceries,5311,Partnership / LLP,Hyderabad,Telangana,TRUE,15-04-24 00:00,FALSE,VOOP9800619907319,ACTIVE,0.342
MCH2128,Ghosh Sharaf,Food & Beverage,5812,Partnership / LLP,Amritsar,Punjab,TRUE,21-12-23 00:00,FALSE,6688236722,ACTIVE,3157.17
MCH2129,Bhavsar De,Medical & Health,5912,Proprietorship,Hyderabad,Telangana,FALSE,,FALSE,2500999511,ACTIVE,0.4898
MCH2131,Boase Varghese,Apparel & Fashion,5699,Proprietorship,Poona,Maharashtra,TRUE,29-03-25 00:00,FALSE,,ACTIVE,2157.11
MCH2133,Bose Saraf,Misc Retail,5999,Proprietorship,Mumbai,Maharashtra,TRUE,19-09-24 00:00,FALSE,6035698626,ACTIVE,434.11
MCH2135,Singh Talwar And Sur,Retail & Groceries,54110,Private Limited,Jalandhar,Punjab,TRUE,15-01-25 00:00,FALSE,,SUSPENDED,704.34
MCH2137,Saran And Sons,Apparel & Fashion,56990,Private Limited,New Delhi,Delhi,TRUE,11-10-23 00:00,FALSE,,ACTIVE,2376.86
MCH2139,Bali Mahajan And Oza,Books & Stationery,5942,Proprietorship,Bengaluru,Karnataka,TRUE,12-02-23 00:00,TRUE,XXXX2161,ACTIVE,512.11
MCH2142,Banerjee Ghose And Parekh,Books & Stationery,5942,Proprietorship,New Delhi,Delhi,TRUE,23-08-24 00:00,FALSE,VSPN0134800422309,ACTIVE,3367.02
MCH2144,Choudhary Kashyap,Books & Stationery,5942,Partnership / LLP,Ludhiana,Punjab,TRUE,13-08-24 16:56,TRUE,XXXX3571,ACTIVE,350.72
MCH2148,Dora Ltd,Medical & Health,59120,Private Limited,Asr,Punjab,TRUE,30-05-24 17:40,FALSE,,ACTIVE,343.34
MCH2149,Doctor Varughese And Hans,Books & Stationery,5942,Individual,Bengaluru,Karnataka,TRUE,07-05-25 00:00,TRUE,XXXX2634,ACTIVE,3778.33
MCH2152,Choudhry Chauhan And Dayal,Books & Stationery,5942,Private Limited,Poona,Maharashtra,TRUE,28-11-25 17:27,FALSE,6428134605,ACTIVE,1507.67
MCH2153,Dara Vala And Venkatesh,Apparel & Fashion,5699,Partnership / LLP,Chennai,Tamil Nadu,TRUE,21-06-23 00:00,FALSE,,ACTIVE,1608.19
MCH2154,Badal Yadav And Mane,Miscellaneous,5999,Proprietorship,Lucknow,Uttar Pradesh,TRUE,02-08-23 02:36,TRUE,XXXX9820,ACTIVE,4388.39
MCH2155,Vig Bobal,Electronics & Tech,4814,Private Limited,New Delhi,Delhi,TRUE,03-05-23 00:00,TRUE,XXXX5202,ACTIVE,0.8483
MCH2157,Parmer Sinha,Medical & Health,5912,Partnership / LLP,New Delhi,Delhi,TRUE,22-10-23 03:49,FALSE,,ACTIVE,1536.42
MCH2159,Sawhney Llc,Food & Beverage,5812,Proprietorship,Jalandhar,Punjab,TRUE,16-05-24 00:00,FALSE,MGFR5989061568022,ACTIVE,1420
MCH2165,Venkataraman Seshadri,Medical & Health,5912,Proprietorship,Pune,Maharashtra,TRUE,26-06-24 00:00,FALSE,,ACTIVE,137.68
MCH2166,Sant Venkatesh,Medical & Health,5912,Individual,Asr,Punjab,TRUE,20-09-24 00:00,FALSE,9608426270,ACTIVE,789.14
MCH2169,Yogi Bhakta And Suresh,Food & Beverage,5812,Private Limited,Hyderabad,Telangana,TRUE,25-04-23 08:08,TRUE,XXXX3751,ACTIVE,5225.51
MCH2172,Taneja Raj And Vora,Hotel & Lodging,7011,Proprietorship,Hyderabad,Telangana,TRUE,15-06-25 03:11,FALSE,,ACTIVE,466.45
MCH2174,Sood Chowdhury And Chacko,Hotel & Lodging,7011,Private Limited,New Delhi,Delhi,TRUE,13-03-24 00:00,FALSE,8824000729,INACTIVE,1287.16
MCH2177,Ramakrishnan Inc,Retail & Groceries,5411,Individual,Jaipur,Rajasthan,TRUE,13-10-23 20:27,FALSE,UGOR9246572099156,ACTIVE,1755.18
MCH2179,Chanda Sura,Apparel & Fashion,5699,Private Limited,Jalandhar,Punjab,TRUE,07-01-26 00:00,TRUE,XXXX4523,ACTIVE,1281.24
MCH2180,Chaudry Sidhu,Apparel & Fashion,,Private Limited,Pune,Maharashtra,FALSE,,FALSE,4033666419,ACTIVE,3354.42
MCH2183,Savant Llc,Travel & Transport,4131,Proprietorship,Dilli,Delhi,FALSE,,TRUE,XXXX8842,ACTIVE,202.62
MCH2185,Wagle Inc,Medical & Health,,Private Limited,Poona,Maharashtra,FALSE,,TRUE,XXXX8242,SUSPENDED,0.828
MCH2186,Venkatesh And Sons,Medical & Health,5912,Proprietorship,Lucknow,Uttar Pradesh,TRUE,23-11-25 00:00,FALSE,,ACTIVE,661.82
MCH2187,Balan And Sons,Retail Other,5999,Proprietorship,Bangalore,Karnataka,TRUE,22-10-24 00:00,FALSE,,ACTIVE,0.134
MCH2188,Sundaram Prakash And Sheth,Apparel & Fashion,5699,Proprietorship,Hyderabad,Telangana,TRUE,11-02-25 20:29,FALSE,,ACTIVE,778.36
MCH2189,Mammen Balakrishnan And Prakash,Retail,5311,Proprietorship,Jaipur,Rajasthan,TRUE,14-05-25 00:00,FALSE,,ACTIVE,2363.97
MCH2191,Raval Halder And Brahmbhatt,Retail Other,5999,Proprietorship,Bengaluru,Karnataka,TRUE,15-09-23 00:00,FALSE,,ACTIVE,2745.45
MCH2196,Badal Ghosh,Transprt,41310,Individual,New Delhi,Delhi,TRUE,07-04-24 00:00,TRUE,XXXX7232,ACTIVE,188.84
MCH2197,Palan Bhatti,Retail & Groceries,5311,Partnership / LLP,New Delhi,Delhi,FALSE,,FALSE,YPNI1403413664050,ACTIVE,2800.25
MCH2198,Arya Dalal And Keer,Food & Beverage,58120,Private Limited,Jaipur,Rajasthan,TRUE,08-09-23 16:05,FALSE,,ACTIVE,2776.31
MCH2199,Subramanian Inc,Retail & Groceries,5311,Private Limited,Bangalore,Karnataka,TRUE,14-01-24 00:00,FALSE,,SUSPENDED,369.25
MCH2200,Choudhry Vig,Electronics & Tech,4814,Private Limited,Jaipur,Rajasthan,TRUE,21-04-23 06:16,FALSE,JBNG6240536039384,ACTIVE,207.14
MCH2201,Chandra Sen And Ray,Food & Beverage,5812,Private Limited,Blr,Karnataka,TRUE,17-11-25 00:00,TRUE,XXXX8373,ACTIVE,384.1
MCH2202,Dass Vala And Goda,Medical & Health,59120,Private Limited,Hyd,Telangana,TRUE,19-06-23 00:00,FALSE,EGTB4563622891580,SUSPENDED,1191.83
MCH2203,Dar Khurana And Vasa,Food & Beverage,5812,Proprietorship,Jaipur,Rajasthan,TRUE,07-05-24 09:28,FALSE,,ACTIVE,14312.42
MCH2205,Mannan And Sons,Miscellaneous,5999,Proprietorship,Ludhiana,Punjab,TRUE,23-07-23 00:00,TRUE,XXXX7174,INACTIVE,490.97
MCH2211,Krishnan Sibal,Books & Stationery,5942,Individual,Bengaluru,Karnataka,TRUE,28-05-23 18:32,FALSE,,ACTIVE,1189.37
MCH2212,Parmar Group,Travel & Transport,,Private Limited,Jalandhar,Punjab,TRUE,02-01-25 07:40,FALSE,,ACTIVE,4432.56
MCH2213,Dash Soniandpalla,Hotel & Lodging,7011,Individual,Kolkata,West Bengal,TRUE,30-04-23 00:00,FALSE,,ACTIVE,4392.08
MCH2214,Varkey Seshadri,Travel & Transport,4131,Partnership / LLP,New Delhi,Delhi,TRUE,18-12-24 00:00,FALSE,9016212995,ACTIVE,649.44
MCH2215,Maharaj Kale,Medical & Health,7011,Individual,Calcutta,West Bengal,TRUE,03-08-24 00:00,FALSE,,ACTIVE,3526.35
MCH2217,Rai Bala And Shenoy,Retail & Groceries,5411,Individual,Mumbai,Maharashtra,TRUE,15-08-23 00:00,FALSE,2506258510,ACTIVE,728.77
MCH2218,Upadhyay Sharma And Kothari,Hotel & Lodging,7011,Partnership / LLP,Lucknow,Uttar Pradesh,TRUE,23-04-24 18:51,FALSE,VZAG9844318169851,ACTIVE,341.57
MCH2220,Tailor And Sons,Retail & Groceries,5311,Proprietorship,Mumbai,Maharashtra,TRUE,23-06-25 20:54,FALSE,,ACTIVE,940.64
MCH2222,Mani Ravel And Agrawal,Apparel & Fashion,,Proprietorship,Lucknow,Uttar Pradesh,TRUE,01-10-23 00:00,FALSE,,ACTIVE,815.84
MCH2223,Dhaliwal Llc,Electronics & Tech,4814,Individual,Mumbai,Maharashtra,TRUE,14-07-24 16:20,TRUE,XXXX3669,ACTIVE,543.88
MCH2224,Nadig Varma,Food & Beverage,5812,Private Limited,Chennai,Tamil Nadu,TRUE,29-10-25 00:00,FALSE,,ACTIVE,0.2261
MCH2229,Kala Baral And Subramanian,Retail & Groceries,5311,Private Limited,Mumbai,Maharashtra,TRUE,21-12-25 00:00,FALSE,,ACTIVE,0.577
MCH2231,Goyal Balakrishnan And Patla,Hotel & Lodging,7011,Private Limited,Blr,Karnataka,TRUE,10-11-24 09:09,FALSE,,ACTIVE,1360.71
MCH2232,Borde Sule,Retail & Groceries,5311,Partnership / LLP,Hyderabad,Telangana,TRUE,24-02-25 00:00,FALSE,9040784909,ACTIVE,642.26
MCH2236,Yohannan Chada,Retail & Groceries,53110,Private Limited,Kolkata,West Bengal,TRUE,24-01-23 08:58,FALSE,3926948531,ACTIVE,5340.64
MCH2237,Chatterjee Din,Electronics & Tech,4814,Proprietorship,Lucknow,Uttar Pradesh,TRUE,23-01-23 00:00,FALSE,4350832934,ACTIVE,1021.355
MCH2238,Chakrabarti Lata,Apparel & Fashion,5699,Individual,Amritsar,Punjab,TRUE,19-10-24 10:57,FALSE,636957365,ACTIVE,0.165
MCH2240,Shenoy Tara And Kala,Medical & Health,5912,Partnership / LLP,Chennai,Tamil Nadu,TRUE,25-03-23 00:00,FALSE,,ACTIVE,1500.77
MCH2241,Patla Prabhakar,Books & Stationery,5942,Partnership / LLP,Calcutta,West Bengal,TRUE,15-01-26 00:00,FALSE,,ACTIVE,0.868
MCH2244,Master Plc,Medical & Health,5912,Private Limited,Jalandhar,Punjab,TRUE,06-10-24 01:44,FALSE,,INACTIVE,0.2383
MCH2248,Mutti Manne,Food & Beverage,5812,Partnership / LLP,Ludhiana,Punjab,TRUE,22-11-23 00:00,FALSE,,ACTIVE,0.1021
MCH2249,Bahri Nagarajan,Hotel & Lodging,7011,Proprietorship,Ludhiana,Punjab,TRUE,17-11-24 00:00,FALSE,364290572,ACTIVE,590.8
MCH2250,Sachdev Ma1H0Tra And Saraf,Travel & Transport,4131,Individual,Ludhiana,Punjab,TRUE,17-12-23 00:00,TRUE,XXXX4502,INACTIVE,4090.25
MCH2255,Lal Ltd,Retail & Groceries,5311,Individual,Jaipur,Rajasthan,TRUE,29-05-23 00:00,FALSE,6674150314,ACTIVE,1404.67
MCH2257,Mandal Sankaran,Retail & Groceries,5311,Individual,Mumbai,Maharashtra,TRUE,18-04-24 23:11,FALSE,,ACTIVE,4831.04
MCH2258,Walia Group,Retail & Groceries,5311,Proprietorship,Jalandhar,Punjab,TRUE,14-10-25 00:00,TRUE,XXXX1416,ACTIVE,1902.49
MCH2261,Gr0Ver Inc,Food & Beverage,5812,Proprietorship,Mumbai,Maharashtra,TRUE,25-11-25 01:19,FALSE,,ACTIVE,0.1519
MCH2263,Puri D’Alia,Retail & Groceries,5311,Private Limited,Asr,Punjab,TRUE,29-08-24 00:00,FALSE,CMUQ0128896673333,ACTIVE,2781.79
MCH2264,Sule Sarma And Sur,Retail,5311,Individual,New Delhi,Delhi,TRUE,21-10-25 00:00,FALSE,HGHS4575612385959,SUSPENDED,0.4017
MCH2265,Bail Gopal And Khare,Medical & Health,,Partnership / LLP,Lucknow,Uttar Pradesh,TRUE,04-08-24 00:00,FALSE,VZCP3787385327453,INACTIVE,785.4
MCH2266,Natarajan And Sons,Medical & Health,5912,Individual,Chennai,Tamil Nadu,TRUE,17-04-25 01:53,FALSE,NABB6271790214696,ACTIVE,447.78
MCH2267,Bobal And Sons,Hotel & Lodging,7011,Partnership / LLP,New Delhi,Delhi,TRUE,01-03-23 00:00,FALSE,NKYD4958921832559,ACTIVE,2114.71
MCH2268,Verma Aurora And De,Miscellaneous,5999,Private Limited,Jalandhar,Punjab,FALSE,,FALSE,NBDA6083922141930,ACTIVE,995.42
MCH2269,Dalal Samra And Kala,Hotel & Lodging,7011,Proprietorship,Pune,Maharashtra,TRUE,10-08-25 00:00,FALSE,,ACTIVE,356.96
MCH2274,Kunda Vig And Parsa,Other,5999,Proprietorship,Mumbai,Maharashtra,TRUE,06-06-23 04:13,TRUE,XXXX2871,ACTIVE,0.3028
MCH2278,Mohanty Bobal And Minhas,Hotel & Lodging,7011,Proprietorship,Poona,Maharashtra,TRUE,25-08-23 22:07,FALSE,2573696997,ACTIVE,4540.82
MCH2279,Sarma Inc,Medical & Health,5912,Private Limited,Mumbai,Maharashtra,TRUE,29-07-24 00:00,FALSE,CIPY5229888115398,ACTIVE,2197.82
MCH2282,Mall Group,Retail,,Partnership / LLP,Jalandhar,Punjab,TRUE,08-02-24 23:31,FALSE,935990033,ACTIVE,0.654
MCH2283,Dhawan Pa11A And Krishnan,Hotel & Lodging,7011,Partnership / LLP,Hyd,Telangana,FALSE,,FALSE,2734680306,ACTIVE,954.74
MCH2284,Nayak Group,Apparel & Fashion,5699,Private Limited,Mumbai,Maharashtra,TRUE,01-10-25 04:44,TRUE,XXXX8146,SUSPENDED,998.2
MCH2287,Baral Inc,Medical & Health,5912,Individual,New Delhi,Delhi,TRUE,06-11-25 00:00,FALSE,,ACTIVE,920.82
MCH2289,Tank Datta,Food & Beverage,5812,Private Limited,Hyd,Telangana,TRUE,26-10-25 00:00,FALSE,2288122436,ACTIVE,372.03
MCH2293,Pandit Bhavsar And Barman,Electronics & Tech,4814,Private Limited,Pune,Maharashtra,TRUE,20-03-23 00:50,FALSE,,ACTIVE,792.61
MCH2296,Buch Ltd,Travel & Transport,4131,Partnership / LLP,Ludhiana,Punjab,TRUE,19-06-23 12:35,TRUE,XXXX9780,ACTIVE,8012.35
MCH2297,Mutti And Sons,Books & Stationery,5942,Partnership / LLP,Ludhiana,Punjab,TRUE,15-01-26 05:18,FALSE,,ACTIVE,1134.74
MCH2299,Ahluwalia Inc,Travel & Transport,4131,Partnership / LLP,Ludhiana,Punjab,TRUE,12-02-24 23:31,FALSE,,ACTIVE,2936.54
MCH2302,Sekhon Tak And Dhingra,Books & Stationery,5942,Proprietorship,Amritsar,Punjab,TRUE,11-11-23 00:00,FALSE,8509370195,ACTIVE,852.28
MCH2306,Goswami Inc,Hotel & Lodging,7011,Proprietorship,Bengaluru,Karnataka,FALSE,,FALSE,4771057298,ACTIVE,1562.95
MCH2308,Bhattacharyya Llc,Retail & Groceries,5311,Proprietorship,Jalandhar,Punjab,TRUE,14-10-23 00:00,FALSE,,INACTIVE,4753.89
MCH2309,Bajaj Chakraborty And Malhotra,Retail & Groceries,5311,Individual,Amritsar,Punjab,TRUE,24-01-26 07:59,FALSE,RUZB5463334435942,ACTIVE,355.13
MCH2310,Raj Ltd,Retail & Groceries,5411,Partnership / LLP,Jaipur,Rajasthan,TRUE,13-02-26 22:28,FALSE,,INACTIVE,681.98
MCH2313,Gulati Llc,Retail Other,5999,Private Limited,Kolkata,West Bengal,TRUE,09-06-24 00:00,FALSE,PWIA0473863869043,INACTIVE,3231.31
MCH2314,Tank Bera And Dash,Food & Beverage,,Proprietorship,Kolkata,West Bengal,TRUE,02-01-23 01:03,FALSE,,ACTIVE,2905.93
MCH2327,Kibe Char,Food & Beverage,5812,Partnership / LLP,Hyderabad,Telangana,TRUE,10-09-25 00:00,TRUE,XXXX0303,ACTIVE,848.32
MCH2332,Toor Inc,Medical & Health,7011,Individual,Ludhiana,Punjab,TRUE,20-04-23 08:12,FALSE,PKCI7470482397105,ACTIVE,3555.73
MCH2335,Ganeshltd,Miscellaneous,59990,Private Limited,Poona,Maharashtra,TRUE,03-03-25 00:00,FALSE,,ACTIVE,934.62
MCH2336,Narasimhan Inc,Retail & Groceries,5411,Proprietorship,Jalandhar,Punjab,TRUE,18-06-25 00:00,FALSE,,ACTIVE,791.05
MCH2344,Purohit Rege And Patil,Apparel & Fashion,,Private Limited,Jaipur,Rajasthan,FALSE,,FALSE,,ACTIVE,1036.37
MCH2345,Kibe Verma And Koshy,Phone Service,4814,Individual,Bengaluru,Karnataka,TRUE,28-06-24 00:00,FALSE,2126684184,ACTIVE,808.61
MCH2346,Palla Mannan,Apparel & Fashion,5699,Partnership / LLP,Chennai,Tamil Nadu,TRUE,29-04-25 00:00,TRUE,XXXX3607,ACTIVE,468.76
MCH2347,Dara Ravel And Soni,Medical & Health,5912,Proprietorship,Asr,Punjab,TRUE,09-12-23 00:00,FALSE,LYBJ8156884625938,ACTIVE,3169.93
MCH2350,Gill Sura And Doshi,Food & Beverage,5812,Individual,Pune,Maharashtra,TRUE,19-02-26 21:03,FALSE,,ACTIVE,0.668
MCH2353,Sood Vasa,Retail & Groceries,5411,Proprietorship,Mumbai,Maharashtra,TRUE,24-01-26 05:19,FALSE,,ACTIVE,2728.11
MCH2354,Toor Nagi And Dara,Medical & Health,5912,Proprietorship,Pune,Maharashtra,TRUE,12-04-24 23:57,FALSE,AIXG4946165098881,ACTIVE,1954.79
MCH2356,Vyas Chhabra And Kala,Hotel & Lodging,7011,Private Limited,Chennai,Tamil Nadu,TRUE,07-08-24 00:00,FALSE,,ACTIVE,2064.97
MCH2357,Shan Ltd,Retail Other,59990,Individual,Jalandhar,Punjab,TRUE,16-06-25 00:00,TRUE,XXXX8144,ACTIVE,945.26
MCH2360,Bhakta Nazareth,Books & Stationery,5942,Private Limited,Jaipur,Rajasthan,TRUE,21-06-24 00:00,FALSE,,INACTIVE,755.69
MCH2368,Chadha Barman,Medical & Health,5912,Individual,Jalandhar,Punjab,TRUE,27-11-25 00:00,FALSE,7857705450,SUSPENDED,3326.29
MCH2370,Mutti Sarma,Apparel & Fashion,5699,Individual,New Delhi,Delhi,TRUE,03-08-24 00:00,FALSE,,ACTIVE,6053.56
MCH2376,Lata Krishnamurthy And Lal,Retail,5311,Partnership / LLP,Jalandhar,Punjab,TRUE,05-12-25 00:00,FALSE,,ACTIVE,0.113
MCH2378,Rau Pradhan And Bansa1,Retail & Groceries,5411,Individual,Lucknow,Uttar Pradesh,TRUE,09-02-24 01:00,FALSE,8007526864,ACTIVE,0.6158
MCH2382,Parsa Mandal,Electronics & Tech,4814,Individual,Jalandhar,Punjab,TRUE,30-01-26 05:50,FALSE,,SUSPENDED,16892.62
MCH2383,Dewan Misra,Electronics & Tech,4814,Proprietorship,Ludhiana,Punjab,TRUE,05-09-23 17:41,FALSE,,ACTIVE,923.06
MCH2384,Sarkar Aur0Ra,Medical & Health,5912,Proprietorship,Jaipur,Rajasthan,TRUE,22-01-25 04:54,FALSE,,ACTIVE,4909.55
MCH2387,Dar Dass,Medical & Health,59120,Partnership / LLP,Lucknow,Uttar Pradesh,FALSE,,FALSE,,ACTIVE,1022.15
MCH2390,Bandi Sidhu,Retail,5311,Proprietorship,Jaipur,Rajasthan,FALSE,,TRUE,XXXX9688,ACTIVE,1091.1
MCH2392,Shetty And Sons,Retail & Groceries,5411,Individual,Amritsar,Punjab,TRUE,18-12-25 00:00,TRUE,XXXX1862,ACTIVE,655.01
MCH2394,Rajagopalan Llc,Food & Beverage,5812,Partnership / LLP,Calcutta,West Bengal,FALSE,,TRUE,XXXX3997,ACTIVE,2001.35
MCH2395,Sathe Dixit,Travel & Transport,4131,Private Limited,Chennai,Tamil Nadu,TRUE,24-12-23 00:00,FALSE,,ACTIVE,941.52
MCH2398,Nagarajan Radhakrishnan And Amble,Retail & Groceries,5311,Individual,Calcutta,West Bengal,TRUE,08-10-23 00:00,FALSE,UTUF0431950842048,ACTIVE,3317.39
MCH2402,Dhillon Group,Medical & Health,5912,Individual,Mumbai,Maharashtra,TRUE,12-02-24 07:15,FALSE,IEQW6694363532348,ACTIVE,1477.89
MCH2403,Chana Yohannan,Retail & Groceries,5411,Partnership / LLP,Kolkata,West Bengal,TRUE,28-07-25 00:00,FALSE,,ACTIVE,574.13
MCH2404,Mutti Seshadri,Retail & Groceries,5411,Individual,Ludhiana,Punjab,TRUE,13-01-26 07:54,FALSE,,ACTIVE,233.4
MCH2407,Chaudhry Plc,Medical & Health,,Private Limited,Pune,Maharashtra,FALSE,,FALSE,4475713369,ACTIVE,5215.07
MCH2408,Kumar Din And Sule,Misc Retail,5999,Proprietorship,Bengaluru,Karnataka,FALSE,,FALSE,,ACTIVE,2001.55
MCH2411,Saraf Gola,Travel & Transport,4131,Individual,Jaipur,Rajasthan,TRUE,09-02-23 06:15,FALSE,,ACTIVE,2300.71
MCH2412,Nadig Inc,Books & Stationery,5942,Individual,Hyderabad,Telangana,TRUE,08-12-24 07:03,TRUE,XXXX9581,ACTIVE,144.12
MCH2416,Gokhale Dua And Murty,Retail & Groceries,5411,Proprietorship,New Delhi,Delhi,TRUE,15-09-24 00:00,FALSE,489469400,ACTIVE,4341.41
MCH2417,Reddy Patel And Manda,Medical & Health,5912,Individual,Bengaluru,Karnataka,TRUE,13-03-25 00:00,TRUE,XXXX5551,ACTIVE,1553.29
MCH2418,Doctor Group,Travel & Transport,4131,Proprietorship,Bengaluru,Karnataka,TRUE,25-03-23 11:18,FALSE,8132788390,ACTIVE,523.42
MCH2419,Suri Ltd,Misc Retail,5999,Individual,Mumbai,Maharashtra,TRUE,02-05-24 00:00,FALSE,2248391109,ACTIVE,5184.52
MCH2421,Chanda Plc,Travel & Transport,41310,Partnership / LLP,Lucknow,Uttar Pradesh,TRUE,10-11-23 20:31,FALSE,VAVC3668026777539,ACTIVE,0.146
MCH2422,Sampath Balasubramanian,Phone Service,,Private Limited,Bangalore,Karnataka,TRUE,25-06-25 00:00,FALSE,7967511719,ACTIVE,2352.58
MCH2423,Ratti Gupta,Travel & Transport,4131,Private Limited,Hyderabad,Telangana,TRUE,02-09-23 07:16,FALSE,8487553058,ACTIVE,1549.78
MCH2424,Patil Ltd,Medical & Health,5912,Partnership / LLP,Chennai,Tamil Nadu,TRUE,10-08-23 14:00,FALSE,,ACTIVE,737.41
MCH2425,Suri Kurian,Retail & Groceries,5411,Partnership / LLP,Ludhiana,Punjab,TRUE,06-06-23 04:11,FALSE,,ACTIVE,1800.35
MCH2428,Suresh Varma,Electronics & Tech,4814,Private Limited,Hyd,Telangana,TRUE,31-05-24 00:00,TRUE,XXXX3635,ACTIVE,0.949
MCH2430,Bora Group,Electronics & Tech,4814,Individual,Amritsar,Punjab,TRUE,27-01-26 15:52,FALSE,2955352677,ACTIVE,827.43
MCH2432,Parmar Parmer,Travel & Transport,4131,Individual,Calcutta,West Bengal,FALSE,,FALSE,,ACTIVE,2557.63
MCH2435,Badal Chada And Narang,Apparel & Fashion,5699,Private Limited,Ludhiana,Punjab,FALSE,,FALSE,219895854,ACTIVE,2576.23
MCH2436,Bhagat Amble And Dixit,Travel & Transport,4131,Individual,Lucknow,Uttar Pradesh,TRUE,27-07-24 10:21,TRUE,XXXX8612,ACTIVE,2085.74
MCH2438,Saxena Sagar,Misc Retail,5999,Proprietorship,Amritsar,Punjab,TRUE,21-06-25 03:10,FALSE,TOND5392493573658,ACTIVE,1010.25
MCH2440,Hans Master,Hotel & Lodging,7011,Proprietorship,Ludhiana,Punjab,TRUE,15-02-23 11:47,FALSE,IUZN5055483856054,ACTIVE,0.1395
MCH2441,Bhatnagar Plc,Phone Service,4814,Individual,Jaipur,Rajasthan,TRUE,05-04-24 23:00,FALSE,4907126528,ACTIVE,0.1789
MCH2442,Gole Plc,Food & Beverage,5812,Partnership / LLP,Mumbai,Maharashtra,TRUE,28-08-24 00:00,FALSE,7767111670,ACTIVE,625.13
MCH2444,Sachar Das And Deo,Travel & Transport,4131,Proprietorship,Jalandhar,Punjab,TRUE,12-05-25 00:00,FALSE,,ACTIVE,563.27
MCH2445,Vohra Gill And Saini,Retail & Groceries,5311,Individual,Jaipur,Rajasthan,TRUE,01-05-25 00:00,TRUE,XXXX4477,INACTIVE,887.98
MCH2447,Anand Llc,Travel & Transport,4131,Proprietorship,Jaipur,Rajasthan,FALSE,,FALSE,,INACTIVE,1803.52
MCH2448,Shan Ltd,Apparel & Fashion,5699,Private Limited,New Delhi,Delhi,TRUE,22-03-23 16:55,FALSE,,ACTIVE,331.32
MCH2450,Bail Plc,Food & Beverage,5812,Private Limited,Hyderabad,Telangana,TRUE,25-04-24 12:52,TRUE,XXXX3279,ACTIVE,0.3923
MCH2451,Halder Kannan And Dixit,Hotel & Lodging,7011,Private Limited,Kolkata,West Bengal,TRUE,20-11-25 00:00,TRUE,NIXX7228219214941,INACTIVE,610.7
MCH2459,Gala And Sons,Travel & Transport,4131,Proprietorship,Jaipur,Rajasthan,TRUE,16-04-25 00:00,FALSE,OKFD4897091413997,ACTIVE,789.05
MCH2463,Pillai Tank And Das,Medical & Health,7011,Proprietorship,Chennai,Tamil Nadu,TRUE,13-08-25 00:00,FALSE,1687933229,ACTIVE,1834.3
MCH2470,Mutti Bawa,Medical & Health,,Individual,Jalandhar,Punjab,TRUE,13-12-25 00:00,TRUE,XXXX5194,SUSPENDED,444.91
MCH2471,Das Group,Books & Stationery,5942,Individual,Jalandhar,Punjab,TRUE,30-05-24 00:00,FALSE,SVRE3169162150744,ACTIVE,3177.16
MCH2473,Lanka Inc,Books & Stationery,5942,Individual,Bengaluru,Karnataka,TRUE,20-01-25 01:42,FALSE,7620940119,ACTIVE,1883.19
MCH2474,Setty Reddy And Singh,Medical & Health,,Proprietorship,Kolkata,West Bengal,TRUE,11-12-23 00:00,TRUE,XXXX1604,ACTIVE,3043.1
MCH2475,Bains Sahota,Retail & Groceries,54110,Individual,Bangalore,Karnataka,TRUE,16-08-23 00:00,TRUE,XXXX6630,ACTIVE,619.32
MCH2476,Choudhary Borah,Medical & Health,7011,Private Limited,Kolkata,West Bengal,TRUE,15-10-25 00:00,FALSE,PXIN8486080746921,ACTIVE,1108.38
MCH2478,Bala Sane And Som,Apparel & Fashion,5699,Proprietorship,Hyderabad,Telangana,TRUE,15-02-23 00:00,FALSE,QRPZ8741280654685,ACTIVE,911.53
MCH2480,Banik Nagar,Food & Beverage,5812,Private Limited,Jaipur,Rajasthan,TRUE,27-07-25 00:00,TRUE,XXXX7952,ACTIVE,0.3594
MCH2486,Mohanty Iyer And Sharma,Hotel & Lodging,7011,Individual,Chennai,Tamil Nadu,TRUE,23-10-23 21:00,FALSE,FCPB2927426048520,ACTIVE,0.2266
MCH2487,Virk Ganguly And Saraf,Food & Beverage,5812,Partnership / LLP,Bengaluru,Karnataka,TRUE,24-04-24 00:00,FALSE,,INACTIVE,362.02
MCH2492,Dhawan Salvi And Dara,Food & Beverage,5812,Partnership / LLP,Lucknow,Uttar Pradesh,TRUE,08-07-25 00:00,TRUE,XXXX8560,INACTIVE,3500.9
MCH2493,Tella Lata And Tripathi,Electronics & Tech,48140,Individual,Jaipur,Rajasthan,TRUE,28-10-23 00:00,FALSE,ROFA2679305641354,ACTIVE,4200.08
MCH2494,Sane Ltd,Apparel & Fashion,5699,Partnership / LLP,Amritsar,Punjab,FALSE,,FALSE,8156434201,ACTIVE,0.582
MCH2495,Sibal Shankar And Malhotra,Apparel & Fashion,5699,Individual,Blr,Karnataka,TRUE,20-07-25 20:24,FALSE,,ACTIVE,0.529
MCH2498,Peri Sachdeva,Medical & Health,70110,Individual,Lucknow,Uttar Pradesh,TRUE,22-07-24 00:00,FALSE,7968546113,ACTIVE,1576.69
MCH2501,Ravel Inc,Medical & Health,,Partnership / LLP,Ludhiana,Punjab,TRUE,13-08-24 00:00,TRUE,XXXX9432,ACTIVE,2494.94
MCH2503,Ravel Plc,Electronics & Tech,4814,Individual,Kolkata,West Bengal,TRUE,10-03-25 00:00,FALSE,5029689598,ACTIVE,0.858
MCH2504,Mittal Ltd,Retail Other,5999,Individual,Pune,Maharashtra,TRUE,29-12-24 00:00,TRUE,XXXX5857,ACTIVE,1689.96
MCH2506,Sarna Vora And Seth,Travel & Transport,4131,Individual,Jaipur,Rajasthan,TRUE,13-06-24 02:51,FALSE,,ACTIVE,222.33
MCH2510,Kakar Group,Retail & Groceries,5411,Proprietorship,Hyderabad,Telangana,TRUE,29-03-24 12:22,TRUE,XXXX3606,ACTIVE,744.85
MCH2513,Bhallainc,Apparel & Fashion,,Partnership / LLP,Amritsar,Punjab,TRUE,09-11-23 00:00,FALSE,6553818868,ACTIVE,5544.37
MCH2514,Dua Peri And Sani,Electronics & Tech,,Proprietorship,Kolkata,West Bengal,FALSE,,FALSE,VHRN8113044559744,ACTIVE,937.87
MCH2516,Ben Varghese,Retail & Groceries,5411,Proprietorship,Chennai,Tamil Nadu,TRUE,08-04-23 21:20,FALSE,,SUSPENDED,398.68
MCH2522,Savant Sangha,Retail,5311,Partnership / LLP,Mumbai,Maharashtra,TRUE,03-01-24 15:56,FALSE,1167145374,ACTIVE,702.03
MCH2523,Sarma Inc,Retail Other,5999,Individual,Kolkata,West Bengal,TRUE,05-09-25 00:00,FALSE,,ACTIVE,2146.62
MCH2525,Narayan Mallick,Medical & Health,5912,Proprietorship,Amritsar,Punjab,TRUE,17-03-25 22:22,FALSE,,ACTIVE,1084.48
MCH2528,Cherian Ltd,Miscellaneous,5999,Private Limited,Jalandhar,Punjab,TRUE,03-08-24 00:00,FALSE,,ACTIVE,830.85
MCH2529,Sheth Pal,Books & Stationery,59420,Individual,Lucknow,Uttar Pradesh,TRUE,23-08-23 00:00,FALSE,2709901385,ACTIVE,1398.37
MCH2530,Bal Sant,Retail Other,5999,Partnership / LLP,Kolkata,West Bengal,TRUE,08-06-23 17:36,TRUE,XXXX3441,ACTIVE,372.49
MCH2532,Chad Inc,Retail Other,5999,Partnership / LLP,Jaipur,Rajasthan,TRUE,01-11-23 00:00,FALSE,SDKV0929160095786,ACTIVE,351.38
MCH2533,Khatri Devi,Retail & Groceries,5411,Proprietorship,Jaipur,Rajasthan,TRUE,23-11-24 15:52,FALSE,3534229147,ACTIVE,3147.37
MCH2534,Shetty Sundaram,Retail & Groceries,5411,Private Limited,Pune,Maharashtra,TRUE,10-03-25 16:30,FALSE,,ACTIVE,709.87
MCH2535,Mody Grewal,Apparel & Fashion,5699,Proprietorship,Mumbai,Maharashtra,TRUE,02-11-26 00:00,TRUE,XXXX4471,ACTIVE,1997.41
MCH2536,Divan Radhakrishnan,Transprt,4131,Private Limited,Poona,Maharashtra,TRUE,09-07-25 00:00,FALSE,NWSY9894058484946,ACTIVE,915.81
MCH2542,Thakur Group,Retail & Groceries,54110,Proprietorship,Kolkata,West Bengal,TRUE,15-12-23 00:00,FALSE,7251186427,INACTIVE,3711.74
MCH2546,Kant Group,Medical & Health,,Proprietorship,Amritsar,Punjab,TRUE,04-04-25 00:00,FALSE,VVGC5802490491946,ACTIVE,4120.12
MCH2548,Anne Llc,Food & Beverage,5812,Partnership / LLP,Kolkata,West Bengal,TRUE,28-03-24 00:00,FALSE,,ACTIVE,2367.01
MCH2550,Misra Natarajan,Travel & Transport,4121,Individual,Ludhiana,Punjab,TRUE,02-06-23 04:42,FALSE,7951076714,ACTIVE,1549.99
MCH2551,Krishnamurthy Murthy And Savant,Apparel & Fashion,5699,Private Limited,Pune,Maharashtra,TRUE,27-09-23 00:00,TRUE,XXXX9848,ACTIVE,0.3427
MCH2552,Mukherjee Iyengar And Deo,Books & Stationery,5942,Partnership / LLP,Pune,Maharashtra,TRUE,15-03-25 00:00,FALSE,ZRKN1235329280179,ACTIVE,3414.98
MCH2556,Zachariah Manne And Bedi,Books & Stationery,5942,Partnership / LLP,Calcutta,West Bengal,TRUE,10-05-24 01:12,FALSE,8663284555,ACTIVE,1248.82
MCH2559,Sastry Dhar And Kibe,Hotel & Lodging,7011,Partnership / LLP,Pune,Maharashtra,TRUE,08-05-23 00:00,FALSE,777710681,ACTIVE,1827.84
MCH2564,Bumb And Sons,Hotel & Lodging,7011,Private Limited,Hyd,Telangana,TRUE,18-04-25 00:00,TRUE,XXXX0675,ACTIVE,1155.71
MCH2566,Oommen Inc,Retail Other,5999,Private Limited,New Delhi,Delhi,FALSE,,TRUE,XXXX9507,ACTIVE,2200.23
MCH2567,Magar Hora And Khare,Travel & Transport,4131,Proprietorship,New Delhi,Delhi,TRUE,30-09-24 00:00,FALSE,TLMQ4688047179537,ACTIVE,572.7
MCH2568,Dhaliwal Bhat And Sarin,Retail & Groceries,54110,Partnership / LLP,Mumbai,Maharashtra,TRUE,28-04-23 00:00,FALSE,3925852137,ACTIVE,0.803
MCH2571,Deep Chakraborty,Food & Beverage,5812,Partnership / LLP,New Delhi,Delhi,TRUE,31-07-24 00:00,FALSE,,SUSPENDED,3828.75
MCH2574,Bala And Sons,Apparel & Fashion,5699,Individual,New Delhi,Delhi,FALSE,,FALSE,HZFE1194010260924,SUSPENDED,197.23
MCH2575,Rast0Gi Verma,Medical & Health,5912,Individual,Pune,Maharashtra,TRUE,09-04-25 16:48,TRUE,XXXX2986,ACTIVE,549.08
MCH2576,Shan Semandpau,Retail & Groceries,5311,Partnership / LLP,Hyderabad,Telangana,TRUE,03-12-23 00:00,FALSE,3390811191,ACTIVE,472.21
MCH2577,Dua Inc,Food & Beverage,5812,Proprietorship,Blr,Karnataka,TRUE,23-11-23 00:00,FALSE,,ACTIVE,23536.65
MCH2579,More Inc,Books & Stationery,,Partnership / LLP,Jaipur,Rajasthan,TRUE,05-06-24 00:00,FALSE,,ACTIVE,4068.74
MCH2580,Rajag0Pa1An S0Man,Food & Beverage,5812,Private Limited,Jaipur,Rajasthan,TRUE,17-07-23 00:00,TRUE,XXXX4205,ACTIVE,7864.69
MCH2582,Lal Plc,Medical & Health,5912,Proprietorship,Dilli,Delhi,TRUE,13-09-25 00:00,FALSE,,ACTIVE,1344.48
MCH2583,Gole Prabhakar,Electronics & Tech,4814,Private Limited,Bangalore,Karnataka,TRUE,21-04-25 00:00,TRUE,XXXX1523,ACTIVE,0.323
MCH2585,Roy Llc,Retail & Groceries,,Proprietorship,Jaipur,Rajasthan,TRUE,13-10-25 00:00,FALSE,2320667701,ACTIVE,2233.97
MCH2588,Datta Inc,Apparel & Fashion,5699,Private Limited,Jaipur,Rajasthan,TRUE,28-09-24 00:00,TRUE,XXXX7714,ACTIVE,311.95
MCH2589,Dhawan Thaker,Retail & Groceries,5311,Proprietorship,Hyderabad,Telangana,TRUE,01-12-25 00:00,TRUE,XXXX8775,ACTIVE,611.95
MCH2590,Goyal Group,Medical & Health,7011,Individual,New Delhi,Delhi,TRUE,22-06-25 04:22,TRUE,XXXX8497,ACTIVE,531.43
MCH2591,Deol Palla And Goel,Retail & Groceries,,Individual,Hyderabad,Telangana,TRUE,22-08-25 00:00,FALSE,2241068743,ACTIVE,468.59
MCH2592,Garg Saha And Sampath,Miscellaneous,5999,Private Limited,Hyderabad,Telangana,TRUE,28-03-24 13:13,FALSE,,ACTIVE,3945.98
MCH2593,Gour Inc,Miscellaneous,5999,Proprietorship,Jalandhar,Punjab,TRUE,20-10-25 00:00,FALSE,4362658883,ACTIVE,1307.82
MCH2596,Vasa Plc,Travel & Transport,41310,Proprietorship,Hyderabad,Telangana,TRUE,20-08-25 22:49,FALSE,,ACTIVE,2736.9
MCH2598,Sani Gr0Up,Apparel & Fashion,,Partnership / LLP,Pune,Maharashtra,TRUE,27-11-25 17:05,FALSE,1059212674,ACTIVE,0.489
MCH2600,Prabhakar And Sons,Apparel & Fashion,5699,Partnership / LLP,Kolkata,West Bengal,TRUE,17-12-24 20:12,FALSE,1873277155,ACTIVE,1712.51
MCH2601,Mangal Lalla And Desai,Travel & Transport,4131,Private Limited,Ludhiana,Punjab,TRUE,19-02-25 00:00,TRUE,XXXX7238,ACTIVE,1601.46
MCH2604,Sharaf Kaur,Travel & Transport,4131,Private Limited,Lucknow,Uttar Pradesh,TRUE,30-10-23 00:00,FALSE,CYOT7406673710255,ACTIVE,1813.01
MCH2605,Gera Karpe,Apparel & Fashion,5699,Individual,Bombay,Maharashtra,TRUE,25-02-26 00:00,FALSE,ZUZI7142150561628,ACTIVE,0.1371
MCH2607,Deep Prasad And Dass,Apparel & Fashion,,Private Limited,Hyd,Telangana,TRUE,29-05-23 00:00,FALSE,4668596918,INACTIVE,1570.82
MCH2608,Loyal Ghosh And Gaba,Other,5999,Individual,Hyd,Telangana,TRUE,21-03-25 00:00,FALSE,ZBIP4363265097456,ACTIVE,869.47
MCH2610,Dhar Mahajan And Sarkar,Medical & Health,5912,Private Limited,Dilli,Delhi,TRUE,09-08-25 18:24,FALSE,GLOR5725383010765,ACTIVE,3319.36
MCH2612,Vala Ltd,Hotel & Lodging,7011,Proprietorship,Lucknow,Uttar Pradesh,TRUE,11-08-23 00:00,FALSE,,ACTIVE,926.71
MCH2613,Grewal Gade And Bhattacharyya,Electronics & Tech,4814,Private Limited,Kolkata,West Bengal,TRUE,04-06-23 01:02,FALSE,,SUSPENDED,1066.15
MCH2617,Mander Parmar,Electronics & Tech,4814,Private Limited,Kolkata,West Bengal,TRUE,08-05-23 08:15,FALSE,5203670066,ACTIVE,5191.58
MCH2618,Loyal Nadkarni And Mangal,Books & Stationery,5942,Partnership / LLP,Bangalore,Karnataka,TRUE,27-01-26 20:44,FALSE,NZSX7829638547170,ACTIVE,0.816
MCH2623,Oak Nadig And Doshi,Retail & Groceries,5411,Proprietorship,Jalandhar,Punjab,TRUE,18-03-25 11:32,FALSE,SGLM9352062021997,ACTIVE,1380.47
MCH2624,Pandya Group,Retail & Groceries,5311,Individual,Bombay,Maharashtra,TRUE,12-09-23 00:00,FALSE,3278618323,SUSPENDED,606.95
MCH2627,Gupta And Sons,Apparel & Fashion,56990,Individual,New Delhi,Delhi,TRUE,04-01-25 17:51,FALSE,UVIS7862723743155,ACTIVE,1249.33
MCH2628,Muni Plc,Retail & Groceries,5411,Individual,Pune,Maharashtra,TRUE,13-07-24 00:00,FALSE,1524505804,ACTIVE,1382.04
MCH2632,Agate Gandhi,Retail & Groceries,53110,Partnership / LLP,Chennai,Tamil Nadu,TRUE,14-01-26 00:00,FALSE,ZCSO2053232739383,ACTIVE,243.56
MCH2634,Karnik Bains And Ratti,Retail,5311,Individual,Bengaluru,Karnataka,TRUE,20-03-25 07:33,FALSE,3474601890,ACTIVE,581.71
MCH2636,Rau Plc,Retail & Groceries,5311,Partnership / LLP,New Delhi,Delhi,TRUE,06-04-24 14:07,FALSE,,ACTIVE,5739.27
MCH2637,Joshi Group,Misc Retail,5999,Partnership / LLP,Chennai,Tamil Nadu,TRUE,20-02-25 00:00,FALSE,,ACTIVE,760.41
MCH2639,Sunder Keer,Retail & Groceries,5411,Partnership / LLP,Jaipur,Rajasthan,TRUE,19-04-25 00:00,FALSE,,ACTIVE,853.1
MCH2641,Varma Saha,Other,59990,Individual,Blr,Karnataka,TRUE,09-10-24 00:00,FALSE,,INACTIVE,5621.28
MCH2646,Parsa Gole,Misc Retail,5999,Private Limited,Hyderabad,Telangana,TRUE,18-12-25 03:23,FALSE,JJBK8920317843679,ACTIVE,450.19
MCH2647,Saha Inc,Miscellaneous,5999,Private Limited,Lucknow,Uttar Pradesh,TRUE,06-04-23 00:00,FALSE,,ACTIVE,1551.4
MCH2648,Batta Llc,Retail Other,5999,Partnership / LLP,Jaipur,Rajasthan,TRUE,10-10-24 00:00,FALSE,,ACTIVE,416.94
MCH2649,Pandya Plc,Retail & Groceries,5411,Individual,Pune,Maharashtra,TRUE,31-05-25 00:00,TRUE,XXXX1050,ACTIVE,6206.32
MCH2650,Choudhary Ltd,Books & Stationery,5942,Individual,New Delhi,Delhi,TRUE,22-09-24 00:00,FALSE,,ACTIVE,1197.2
MCH2654,Saxena Sarkar,Electronics & Tech,4814,Proprietorship,Pune,Maharashtra,TRUE,10-01-26 00:00,FALSE,,ACTIVE,3080.46
MCH2655,Brahmbhatt Desai And Sangha,Electronics & Tech,4814,Proprietorship,Amritsar,Punjab,TRUE,04-01-26 00:00,FALSE,4532869649,ACTIVE,0.3102
MCH2656,Patla Deo And Babu,Medical & Health,5912,Partnership / LLP,Jaipur,Rajasthan,TRUE,02-02-26 00:00,FALSE,2362196367,ACTIVE,1217.69
MCH2658,Parmar Purohit And Bhasin,Food & Beverage,5812,Proprietorship,Bengaluru,Karnataka,FALSE,,FALSE,8958415885,ACTIVE,548.82
MCH2665,Arora Bir And Mahal,Retail,5311,Proprietorship,Lucknow,Uttar Pradesh,TRUE,15-11-24 20:23,FALSE,3459659161,ACTIVE,2101.74
MCH2671,Mohanty Chakrabarti,Retail Other,5999,Partnership / LLP,Jalandhar,Punjab,TRUE,08-05-23 18:02,FALSE,,ACTIVE,1187.55
MCH2674,Nair Llc,Travel & Transport,4131,Proprietorship,New Delhi,Delhi,TRUE,24-02-25 00:00,FALSE,PQUC6680227510245,INACTIVE,396.74
MCH2675,Venkataraman Rastogi,Books & Stationery,5942,Private Limited,Asr,Punjab,TRUE,23-06-25 00:00,FALSE,YXGI4135701284971,ACTIVE,877.85
MCH2676,Subramanian Inc,Medical & Health,5912,Partnership / LLP,Calcutta,West Bengal,TRUE,04-01-25 00:00,FALSE,2515678335,ACTIVE,1679.3
MCH2679,Barman Bains And Shan,Medical & Health,5912,Private Limited,Mumbai,Maharashtra,TRUE,25-12-24 00:00,FALSE,2613968880,ACTIVE,1334.82
MCH2681,Upadhyay Bava,Medical & Health,7011,Individual,Pune,Maharashtra,TRUE,16-02-24 00:00,FALSE,YHMW6591611383032,ACTIVE,230.72
MCH2684,Barad Jaggi,Books & Stationery,5942,Proprietorship,New Delhi,Delhi,TRUE,13-04-24 01:13,FALSE,VFSV6228720846838,ACTIVE,0.518
MCH2690,Nagarajan Inc,Medical & Health,59120,Proprietorship,Lucknow,Uttar Pradesh,TRUE,22-06-23 00:00,FALSE,LDEV4758391652112,SUSPENDED,3091.83
MCH2691,Pathak And Sons,Hotel & Lodging,,Private Limited,Lucknow,Uttar Pradesh,TRUE,06-09-24 00:00,FALSE,,ACTIVE,5340.32
MCH2693,Tandon Kaur,Retail,5311,Individual,Chennai,Tamil Nadu,TRUE,06-04-25 00:00,FALSE,3068123352,ACTIVE,1966.59
MCH2694,Misra Plc,Apparel & Fashion,5699,Individual,Pune,Maharashtra,FALSE,,FALSE,,INACTIVE,2669.29
MCH2695,Patil Inc,Retail & Groceries,5411,Partnership / LLP,Pune,Maharashtra,TRUE,26-06-24 00:00,FALSE,9565066028,ACTIVE,792.09
MCH2696,Dave Chaudhari And Bhatti,Retail & Groceries,5411,Individual,New Delhi,Delhi,TRUE,25-11-24 00:00,TRUE,XXXX0248,ACTIVE,9658.06
MCH2697,Shan Warrior,Travel & Transport,4131,Private Limited,Bangalore,Karnataka,TRUE,02-08-24 04:05,FALSE,,INACTIVE,1199.93
MCH2698,Kalallc,Hotel & Lodging,7011,Individual,Lucknow,Uttar Pradesh,TRUE,19-08-23 00:00,FALSE,YXNF3515433387898,ACTIVE,3590.19
MCH2701,Prabhakar Saraf And Mand,Medical & Health,7011,Private Limited,Hyderabad,Telangana,TRUE,25-01-23 00:00,FALSE,1250735780,ACTIVE,2599.41
MCH2704,Sengupta Sarin,Apparel & Fashion,5699,Private Limited,Poona,Maharashtra,TRUE,08-03-23 07:11,FALSE,TSWF3138170868556,ACTIVE,2593.67
MCH2708,Mand Zacharia And Vora,Travel & Transport,4131,Proprietorship,Chennai,Tamil Nadu,TRUE,20-01-26 00:00,TRUE,XXXX2440,ACTIVE,363.56
MCH2709,Iyengar Dugar And Chacko,Hotel & Lodging,7011,Private Limited,Jaipur,Rajasthan,TRUE,16-09-23 04:28,TRUE,XXXX4012,ACTIVE,2413.11
MCH2710,Batta Shetty And Ka1Ita,Apparel & Fashion,5699,Individual,Hyderabad,Telangana,TRUE,17-08-25 02:25,FALSE,2640797887,ACTIVE,109.84
MCH2712,Rai Ghose And Wadhwa,Retail & Groceries,5411,Private Limited,Amritsar,Punjab,TRUE,30-09-23 00:00,TRUE,XXXX9691,ACTIVE,2957.32
MCH2713,Dayal Group,Apparel & Fashion,5699,Individual,Poona,Maharashtra,TRUE,08-10-24 00:00,FALSE,1734751668,SUSPENDED,1199.07
MCH2718,Krishna Prabhu And Kara,Hotel & Lodging,7011,Individual,Bengaluru,Karnataka,TRUE,20-12-24 00:00,FALSE,VEWG4998867762324,ACTIVE,529.14
MCH2719,Ranganathan Mall And Aggarwal,Food & Beverage,58120,Partnership / LLP,Lucknow,Uttar Pradesh,TRUE,24-05-24 21:02,FALSE,,ACTIVE,2283.24
MCH2723,Purohit Dani,Food & Beverage,5812,Individual,Asr,Punjab,TRUE,16-04-24 04:10,TRUE,XXXX6527,ACTIVE,1384.67
MCH2724,Saha Group,Retail & Groceries,5411,Individual,Jaipur,Rajasthan,TRUE,09-02-26 01:33,FALSE,LOPJ0201883436603,ACTIVE,1076.395
MCH2725,Varma Loke,Food & Beverage,5812,Partnership / LLP,Kolkata,West Bengal,TRUE,21-12-23 15:48,FALSE,,INACTIVE,4486.37
MCH2726,Chawla Tata And Chander,Apparel & Fashion,5699,Partnership / LLP,Chennai,Tamil Nadu,TRUE,11-10-25 02:35,TRUE,XXXX2870,INACTIVE,2102.32
MCH2727,Ahluwalia And Sons,Books & Stationery,5942,Partnership / LLP,Blr,Karnataka,TRUE,24-07-23 00:00,FALSE,FLWS4381228751020,ACTIVE,133.58
MCH2730,Nayar And Sons,Hotel & Lodging,7011,Proprietorship,Jaipur,Rajasthan,TRUE,30-06-23 00:00,FALSE,,ACTIVE,1113.62
MCH2731,Krishna Kumar,Retail & Groceries,5311,Private Limited,Ludhiana,Punjab,TRUE,18-12-25 00:00,TRUE,XXXX8549,ACTIVE,1031.53
MCH2733,Chauhan Ltd,Retail & Groceries,5411,Proprietorship,New Delhi,Delhi,TRUE,27-12-24 00:00,FALSE,,ACTIVE,872.28
MCH2737,Sani Chowdhury And Ganesan,Retail Other,5999,Partnership / LLP,Bengaluru,Karnataka,TRUE,01-05-23 00:00,FALSE,1105547451,ACTIVE,610.07
MCH2738,Yadav Group,Other,5999,Individual,Pune,Maharashtra,TRUE,03-11-24 22:47,FALSE,8802607832,ACTIVE,1282.34
MCH2741,Palan Bhalla And Srinivasan,Food & Beverage,5812,Individual,Jaipur,Rajasthan,TRUE,19-12-25 01:05,TRUE,XXXX0289,ACTIVE,0.1319
MCH2742,Manne Patil And Mukhopadhyay,Books & Stationery,5942,Proprietorship,Poona,Maharashtra,TRUE,10-03-25 00:00,FALSE,JAUF9449397976214,ACTIVE,0.1389
MCH2743,Joshi Plc,Medical & Health,,Private Limited,Kolkata,West Bengal,TRUE,02-12-24 17:56,FALSE,,ACTIVE,1030
MCH2744,Divan Narang And Jhaveri,Medical & Health,59120,Partnership / LLP,Lucknow,Uttar Pradesh,TRUE,04-11-25 23:49,FALSE,2199444279,SUSPENDED,734.64
MCH2746,Tella Mane And Pillai,Hotel & Lodging,7011,Private Limited,Ludhiana,Punjab,TRUE,03-12-23 00:00,FALSE,851637180,INACTIVE,395.56
MCH2748,Banerjee Wason And Dyal,Food & Beverage,5812,Private Limited,Pune,Maharashtra,TRUE,16-11-23 23:24,TRUE,XXXX5034,ACTIVE,1037.44
MCH2749,Borde Plc,Hotel & Lodging,7011,Partnership / LLP,Jalandhar,Punjab,TRUE,15-11-25 14:42,FALSE,AKGD7711918524900,ACTIVE,299.85
MCH2750,Rao Narayanan,Books & Stationery,5942,Individual,Ludhiana,Punjab,TRUE,13-05-24 00:00,FALSE,,ACTIVE,3052.68
MCH2752,Palla Llc,Travel & Transport,4131,Proprietorship,Lucknow,Uttar Pradesh,TRUE,13-01-23 21:44,TRUE,XXXX1787,ACTIVE,69.28
MCH2753,Karan Ganguly And Desai,Misc Retail,5999,Private Limited,Amritsar,Punjab,TRUE,31-03-23 00:00,FALSE,,ACTIVE,1254.6
MCH2754,Chahal Group,Food & Beverage,5812,Proprietorship,Amritsar,Punjab,TRUE,27-09-23 00:00,FALSE,,ACTIVE,1452.51
MCH2755,Majumdar Ravi And Dave,Miscellaneous,5999,Partnership / LLP,Mumbai,Maharashtra,TRUE,13-02-26 00:00,FALSE,,ACTIVE,889.32
MCH2757,Chhabra Dugar,Apparel & Fashion,5699,Proprietorship,Kolkata,West Bengal,TRUE,16-11-25 00:00,TRUE,XXXX2280,ACTIVE,1214.2
MCH2761,Sabharwa1 Pati1,Other,5999,Private Limited,Hyderabad,Telangana,TRUE,04-04-25 00:00,FALSE,,INACTIVE,2607.92
MCH2763,Thaman Virk,Medical & Health,5912,Private Limited,Bangalore,Karnataka,TRUE,23-07-25 00:00,TRUE,XXXX7625,ACTIVE,563.88
MCH2764,Yogi Jani And Choudhry,Phone Service,4814,Individual,Ludhiana,Punjab,TRUE,19-04-24 00:00,FALSE,3163531350,ACTIVE,516.18
MCH2765,Mukhopadhyay Inc,Retail & Groceries,5311,Proprietorship,Lucknow,Uttar Pradesh,TRUE,19-11-24 00:00,TRUE,XXXX9677,ACTIVE,3568.4
MCH2766,Kanda Brahmbhatt,Retail & Groceries,5311,Proprietorship,Chennai,Tamil Nadu,TRUE,18-06-25 00:00,FALSE,5339281473,ACTIVE,1540.08
MCH2767,Munshi Kohli And Pai,Apparel & Fashion,,Private Limited,Lucknow,Uttar Pradesh,TRUE,28-02-26 11:47,FALSE,6694122395,ACTIVE,1994.09
MCH2769,Sehgal Plc,Electronics & Tech,4814,Private Limited,Asr,Punjab,TRUE,19-09-23 00:00,FALSE,3613137952,ACTIVE,0.131
MCH2770,Deep Ganguly And Solanki,Apparel & Fashion,5699,Individual,Chennai,Tamil Nadu,TRUE,31-07-25 00:00,FALSE,,ACTIVE,0.66
MCH2772,Rajagopalan Lal,Apparel & Fashion,5699,Partnership / LLP,Jalandhar,Punjab,TRUE,05-03-25 00:00,FALSE,YDTF9778396986125,SUSPENDED,594.07
MCH2776,Datta Ltd,Electronics & Tech,4814,Partnership / LLP,Jaipur,Rajasthan,TRUE,09-11-24 21:59,FALSE,QUCG6914808410390,ACTIVE,1643.13
MCH2778,Madan Plc,Medical & Health,5912,Proprietorship,Amritsar,Punjab,TRUE,25-03-24 00:00,TRUE,XXXX3934,ACTIVE,4029.72
MCH2786,Gola Inc,Apparel & Fashion,5699,Partnership / LLP,Chennai,Tamil Nadu,TRUE,19-12-24 14:34,TRUE,XXXX8423,ACTIVE,576.47
MCH2788,Dash Mallick And Sachdev,Food & Beverage,5812,Individual,Blr,Karnataka,TRUE,06-04-25 04:08,FALSE,WZXG3956270476463,ACTIVE,3989.94
MCH2789,Peri Panchal,Retail & Groceries,5311,Partnership / LLP,Jalandhar,Punjab,FALSE,,FALSE,,ACTIVE,1044.19
MCH2791,Rastogi Mannan And Sabharwal,Medical & Health,,Proprietorship,New Delhi,Delhi,TRUE,21-08-25 00:00,FALSE,,ACTIVE,1030
MCH2792,Varkey Uppal And Mitter,Travel & Transport,4121,Partnership / LLP,New Delhi,Delhi,TRUE,06-11-24 13:47,FALSE,4127542367,ACTIVE,0.13
MCH2797,Sandhu Singh,Hotel & Lodging,7011,Partnership / LLP,Bengaluru,Karnataka,TRUE,27-05-25 00:00,TRUE,XXXX2336,ACTIVE,1083.54
MCH2799,Kadakia Nayak,Food & Beverage,5812,Proprietorship,New Delhi,Delhi,TRUE,04-05-25 23:51,FALSE,LDOE2045126421896,ACTIVE,249.35
MCH2800,Raja Naik,Retail & Groceries,5311,Private Limited,Bangalore,Karnataka,TRUE,18-04-24 00:00,FALSE,9493307388,INACTIVE,1096.85
MCH2801,Khurana Oza And Divan,Electronics & Tech,4814,Private Limited,New Delhi,Delhi,TRUE,14-10-25 00:00,FALSE,,ACTIVE,406.76
MCH2806,Jhaveri Babu,Medical & Health,7011,Proprietorship,Lucknow,Uttar Pradesh,TRUE,15-09-23 11:54,TRUE,XXXX2533,INACTIVE,0.1939
MCH2813,Sha Bhatia And Vig,Retail & Groceries,,Individual,Chennai,Tamil Nadu,TRUE,24-10-24 13:37,FALSE,5399147177,ACTIVE,3821.16
MCH2814,Sani Khare And Ramachandran,Medical & Health,5912,Partnership / LLP,Jalandhar,Punjab,TRUE,24-02-24 00:00,TRUE,XXXX1070,ACTIVE,1581.52
MCH2816,Behl Group,Food & Beverage,5812,Proprietorship,Amritsar,Punjab,TRUE,17-02-23 00:00,FALSE,UHYF4970596803050,INACTIVE,5297.33
MCH2817,Keer And Sons,Misc Retail,5999,Private Limited,Ludhiana,Punjab,TRUE,19-05-25 00:00,TRUE,XXXX7166,ACTIVE,2074.28
MCH2818,Sibal Inc,Retail & Groceries,5411,Proprietorship,Jalandhar,Punjab,TRUE,03-06-25 00:00,FALSE,HHRP3016788161129,ACTIVE,600.04
MCH2825,Koshy Gola,Food & Beverage,5812,Partnership / LLP,Bangalore,Karnataka,TRUE,25-09-25 00:14,FALSE,YLMF2374015161502,ACTIVE,3012.53
MCH2827,Bala Bhatti,Miscellaneous,5999,Individual,Bangalore,Karnataka,TRUE,05-10-24 20:16,FALSE,5191749246,INACTIVE,0.381
MCH2829,Narain Ltd,Retail Other,5999,Proprietorship,Bangalore,Karnataka,TRUE,15-02-23 14:46,FALSE,,ACTIVE,1912.36
MCH2830,Joshi Chaudhariandtoor,Retail & Groceries,5411,Individual,Bangalore,Karnataka,TRUE,15-04-23 14:55,FALSE,,ACTIVE,0.756
MCH2831,Rastogi Devi,Miscellaneous,,Private Limited,New Delhi,Delhi,TRUE,20-10-23 00:00,TRUE,XXXX4746,ACTIVE,501.88
MCH2832,Parmer Inc,Retail,53110,Private Limited,Pune,Maharashtra,TRUE,26-10-25 00:00,FALSE,,ACTIVE,831.48
MCH2833,Kapoor Shankar,Hotel & Lodging,7011,Proprietorship,Jalandhar,Punjab,FALSE,,FALSE,VEQH1532066637768,ACTIVE,474.69
MCH2836,Rai And Sons,Medical & Health,5912,Private Limited,Chennai,Tamil Nadu,TRUE,15-07-24 12:28,TRUE,XXXX2773,INACTIVE,3262.99
MCH2838,Goel Chand And Pai,Retail Other,5999,Partnership / LLP,Poona,Maharashtra,TRUE,28-12-24 00:00,FALSE,,ACTIVE,1086.22
MCH2839,Brar Varughese And Cherian,Retail & Groceries,5411,Partnership / LLP,Poona,Maharashtra,TRUE,21-04-25 03:59,FALSE,,ACTIVE,614.31
MCH2841,Memon Samra And Rajagopal,Books & Stationery,5942,Proprietorship,Mumbai,Maharashtra,TRUE,13-06-24 00:00,FALSE,,ACTIVE,975.635
MCH2842,Anne Ltd,Apparel & Fashion,5699,Partnership / LLP,New Delhi,Delhi,TRUE,04-03-23 00:00,FALSE,,ACTIVE,1642.14
MCH2844,Misra Seth,Travel & Transport,4131,Individual,Asr,Punjab,TRUE,24-05-23 00:00,TRUE,XXXX4860,ACTIVE,162.5
MCH2845,Narasimhan Llc,Other,59990,Partnership / LLP,Amritsar,Punjab,TRUE,01-10-24 00:00,FALSE,2844893176,ACTIVE,5926.94
MCH2846,Sha Ramanathan And Kota,Retail & Groceries,5411,Individual,Jaipur,Rajasthan,TRUE,30-09-25 00:00,FALSE,2763596998,ACTIVE,2995.95
MCH2849,Ba1 Llc,Misc Retail,5999,Proprietorship,Mumbai,Maharashtra,TRUE,02-01-24 00:00,FALSE,HLTP5468154912269,INACTIVE,910.62
MCH2850,Reddy Kara,Travel & Transport,4131,Private Limited,Jaipur,Rajasthan,TRUE,22-04-24 00:00,TRUE,XXXX7186,ACTIVE,953.86
MCH2851,Kalla Jain,Hotel & Lodging,7011,Individual,Mumbai,Maharashtra,TRUE,29-11-25 00:00,TRUE,XXXX3740,ACTIVE,0.3022
MCH2857,Bhattacharyya Inc,Transprt,4131,Private Limited,Jalandhar,Punjab,TRUE,13-07-25 00:00,FALSE,AFIK7241528245690,ACTIVE,4557.38
MCH2859,Doctor Bir And Lanka,Retail & Groceries,5411,Private Limited,Hyderabad,Telangana,TRUE,03-04-25 00:00,FALSE,,ACTIVE,2296.45
MCH2860,Ahluwalia Ltd,Hotel & Lodging,7011,Private Limited,Bengaluru,Karnataka,TRUE,27-01-26 00:00,FALSE,EAAS5526551207941,ACTIVE,0.25
MCH2861,Hayer Inc,Retail & Groceries,5311,Private Limited,Pune,Maharashtra,TRUE,09-11-24 19:09,TRUE,XXXX6916,ACTIVE,0.676
MCH2862,Bhasin Group,Apparel & Fashion,5699,Partnership / LLP,Jaipur,Rajasthan,TRUE,20-07-23 00:00,FALSE,FHYX9050690414655,ACTIVE,544.8
MCH2870,Loyal Buch And Ghose,Food & Beverage,5812,Proprietorship,New Delhi,Delhi,TRUE,27-05-25 02:11,FALSE,,ACTIVE,2213.61
MCH2875,Chander Parmer,Retail & Groceries,5311,Partnership / LLP,Ludhiana,Punjab,TRUE,11-12-24 00:00,TRUE,XXXX0207,ACTIVE,351.55
MCH2879,Pillay Vora And Karnik,Food & Beverage,5812,Individual,Ludhiana,Punjab,TRUE,20-05-24 19:55,FALSE,9486638654,ACTIVE,958.85
MCH2881,J0Ha1 Plc,Food & Beverage,5812,Partnership / LLP,Asr,Punjab,TRUE,16-05-23 23:44,FALSE,WTST5086684279337,ACTIVE,807.63
MCH2884,Malhotra Sarin,Books & Stationery,5942,Proprietorship,Pune,Maharashtra,TRUE,27-02-25 00:00,FALSE,,ACTIVE,683.54
MCH2885,Varkey Goda And Bala,Food & Beverage,5812,Private Limited,Mumbai,Maharashtra,TRUE,23-01-23 00:00,FALSE,317882844,ACTIVE,4853.92
MCH2886,Kurian Dash And Walla,Hotel & Lodging,7011,Private Limited,Bengaluru,Karnataka,TRUE,25-05-23 01:14,TRUE,XXXX6301,SUSPENDED,8233.35
MCH2887,Rau Saha,Apparel & Fashion,5699,Proprietorship,New Delhi,Delhi,TRUE,17-08-23 00:00,TRUE,XXXX7555,ACTIVE,1036.37
MCH2888,Chahal Llc,Medical & Health,5912,Private Limited,Mumbai,Maharashtra,TRUE,21-04-23 00:00,TRUE,XXXX3951,ACTIVE,631.05
MCH2894,Rege Baria,Apparel & Fashion,5699,Private Limited,New Delhi,Delhi,TRUE,22-12-24 00:00,TRUE,XXXX3813,ACTIVE,2107.84
MCH2896,Jayaraman Nazareth,Medical & Health,5912,Private Limited,Calcutta,West Bengal,TRUE,30-07-25 12:10,FALSE,,ACTIVE,1312.79
MCH2897,Bath Ltd,Other,5999,Private Limited,Hyderabad,Telangana,TRUE,23-07-25 05:48,FALSE,,ACTIVE,2239.12
MCH2899,Sampath Mannan,Food & Beverage,58120,Individual,Bangalore,Karnataka,TRUE,27-05-23 00:00,FALSE,,ACTIVE,379.53
MCH2902,Samra Kapur,Retail & Groceries,5411,Individual,Chennai,Tamil Nadu,TRUE,24-04-24 00:00,TRUE,XXXX9404,ACTIVE,1076.395
MCH2903,Swamy Parsa,Apparel & Fashion,5699,Individual,Bombay,Maharashtra,TRUE,14-04-23 00:00,FALSE,,INACTIVE,1218.16
MCH2904,Iyengar Comar,Other,59990,Private Limited,New Delhi,Delhi,TRUE,01-05-26 00:00,TRUE,XXXX7160,ACTIVE,1147.91
MCH2905,Goyal Gopal,Medical & Health,5912,Individual,Dilli,Delhi,TRUE,13-02-24 00:00,FALSE,,SUSPENDED,2312.5
MCH2907,Varughese Mani,Medical & Health,59120,Proprietorship,Chennai,Tamil Nadu,TRUE,25-04-23 00:00,FALSE,,ACTIVE,0.1106
MCH2910,Mall Sankaran And Mittal,Travel & Transport,4131,Private Limited,New Delhi,Delhi,TRUE,28-09-25 00:00,TRUE,XXXX0107,ACTIVE,3631.28
MCH2912,Natt Kohli,Retail & Groceries,,Private Limited,Jalandhar,Punjab,TRUE,09-07-24 22:05,TRUE,XXXX0399,INACTIVE,1895.43
MCH2914,Bassi Varghese,Food & Beverage,5812,Proprietorship,Hyderabad,Telangana,TRUE,01-01-25 00:00,FALSE,VBYI2823908948465,INACTIVE,0.9
MCH2915,Chakrabarti Hora And Sha,Electronics & Tech,48140,Partnership / LLP,Chennai,Tamil Nadu,TRUE,15-03-24 00:00,FALSE,1253622214,ACTIVE,18355.56
MCH2917,Gole Rau,Food & Beverage,5812,Proprietorship,Chennai,Tamil Nadu,TRUE,10-10-25 00:00,TRUE,XXXX0356,INACTIVE,1917.48
MCH2919,Menon Vaidya,Medical & Health,,Proprietorship,New Delhi,Delhi,TRUE,20-03-23 14:46,FALSE,,ACTIVE,3825.85
MCH2921,Bakshi Narayanan,Medical & Health,7011,Private Limited,Lucknow,Uttar Pradesh,TRUE,18-06-24 00:00,TRUE,XXXX0910,ACTIVE,6327.48
MCH2922,Chhabra Jha,Retail Other,5999,Proprietorship,Bombay,Maharashtra,TRUE,10-10-24 00:00,FALSE,FAIS4263479017973,ACTIVE,1096.49
MCH2923,Bahri Plc,Medical & Health,5912,Proprietorship,Bengaluru,Karnataka,TRUE,11-11-24 00:00,FALSE,,ACTIVE,1195.19
MCH2924,Chaudhary Dugar,Books & Stationery,5942,Individual,Bombay,Maharashtra,TRUE,26-12-24 03:07,FALSE,2683760099,ACTIVE,770.99
MCH2926,Sule Thaker,Books & Stationery,5942,Partnership / LLP,Bengaluru,Karnataka,TRUE,16-12-24 18:18,TRUE,XXXX3557,ACTIVE,1590.53
MCH2928,Hans Parmer And Buch,Food & Beverage,5812,Private Limited,Ludhiana,Punjab,TRUE,12-04-25 00:00,FALSE,,INACTIVE,0.1903
MCH2934,Sama Plc,Retail & Groceries,,Individual,Jalandhar,Punjab,TRUE,13-10-23 00:00,FALSE,6130921180,ACTIVE,1759.02
MCH2938,Babu Lata And Zacharia,Retail & Groceries,5411,Private Limited,Poona,Maharashtra,TRUE,06-09-24 00:00,FALSE,ZZOP9174222804228,ACTIVE,823.9
MCH2941,Sengroup,Retail & Groceries,5311,Proprietorship,Mumbai,Maharashtra,TRUE,22-09-24 00:00,TRUE,XXXX4390,ACTIVE,1783.76
MCH2943,Kh0S1A Llc,Food & Beverage,5812,Private Limited,Mumbai,Maharashtra,TRUE,29-03-24 00:00,TRUE,XXXX8006,ACTIVE,2741.64
MCH2945,Agarwa1 Cherian,Electronics & Tech,,Proprietorship,Jalandhar,Punjab,TRUE,06-10-25 00:00,TRUE,XXXX2889,ACTIVE,1759.15
MCH2946,Divan Inc,Electronics & Tech,4814,Private Limited,Jaipur,Rajasthan,TRUE,22-09-24 00:00,TRUE,XXXX7575,ACTIVE,1246.97
MCH2949,Mahal Natt And Ghosh,Miscellaneous,5999,Partnership / LLP,Jaipur,Rajasthan,TRUE,19-07-24 00:00,FALSE,6197525290,ACTIVE,2320.74
MCH2950,Rastogi Bhavsar And Varghese,Books & Stationery,5942,Private Limited,Blr,Karnataka,TRUE,26-11-24 00:00,FALSE,6783380146,ACTIVE,2370.66
MCH2951,Thakur Subramaniam And Agrawal,Hotel & Lodging,70110,Partnership / LLP,Mumbai,Maharashtra,TRUE,02-06-26 00:00,FALSE,506591392,ACTIVE,3115.69
MCH2954,Keer Borra And Hayre,Hotel & Lodging,7011,Private Limited,Ludhiana,Punjab,TRUE,23-12-25 00:00,FALSE,,ACTIVE,1556.07
MCH2956,Wali Khatri And Mistry,Electronics & Tech,4814,Proprietorship,Lucknow,Uttar Pradesh,TRUE,06-02-25 00:00,FALSE,3651063150,ACTIVE,4934.63
MCH2959,Kanda Llc,Food & Beverage,58120,Private Limited,Kolkata,West Bengal,TRUE,10-08-23 00:00,FALSE,,ACTIVE,6588.76
MCH2960,Malhotra Buch,Travel & Transport,4131,Private Limited,Chennai,Tamil Nadu,TRUE,06-01-23 00:00,TRUE,XXXX6660,ACTIVE,2348.07
MCH2962,Naik Ranganathan And Sahota,Electronics & Tech,4814,Partnership / LLP,Pune,Maharashtra,TRUE,23-08-24 00:00,TRUE,XXXX5665,ACTIVE,174.64
MCH2964,Bala Sarkar,Phone Service,4814,Individual,Jalandhar,Punjab,TRUE,20-06-25 00:00,FALSE,4343067882,ACTIVE,1298.45
MCH2965,Shroff Prabhakar,Retail & Groceries,5411,Partnership / LLP,Amritsar,Punjab,FALSE,,FALSE,FISH8890557164281,ACTIVE,0.2028
MCH2969,Randhawa Karnik,Hotel & Lodging,70110,Proprietorship,Bengaluru,Karnataka,TRUE,27-07-23 00:00,FALSE,,ACTIVE,310.59
MCH2970,Golla Vora,Apparel & Fashion,5699,Individual,Calcutta,West Bengal,TRUE,01-02-25 00:00,FALSE,,ACTIVE,326.25
MCH2971,Garg Merchant And Kuruvilla,Apparel & Fashion,5699,Individual,Ludhiana,Punjab,TRUE,28-08-24 00:00,FALSE,,ACTIVE,205.16
MCH2973,Bhargava Dani And Krishnamurthy,Transprt,4131,Partnership / LLP,Ludhiana,Punjab,TRUE,30-08-23 00:00,FALSE,,ACTIVE,3748.31
MCH2975,Bora Mander And Dalal,Books & Stationery,5942,Proprietorship,Chennai,Tamil Nadu,TRUE,05-09-23 00:00,FALSE,,ACTIVE,3477.51
MCH2978,Deshpande Llc,Medical & Health,7011,Private Limited,Lucknow,Uttar Pradesh,TRUE,01-02-23 23:57,TRUE,XXXX0228,ACTIVE,194.6
MCH2979,Kurian Guha And Gaba,Miscellaneous,5999,Individual,Chennai,Tamil Nadu,TRUE,11-03-23 13:48,TRUE,XXXX6692,ACTIVE,7883.21
MCH2980,Mander And Sons,Retail & Groceries,5411,Proprietorship,Calcutta,West Bengal,TRUE,03-04-23 00:00,FALSE,,ACTIVE,1129.72
MCH2981,Sachdeva Iyer And Borra,Books & Stationery,5942,Individual,Calcutta,West Bengal,TRUE,19-07-23 15:05,FALSE,1834855061,ACTIVE,841.65
MCH2986,Kade Anne,Travel & Transport,4131,Partnership / LLP,Amritsar,Punjab,TRUE,29-11-25 00:00,FALSE,,SUSPENDED,736.81
MCH2988,Mangal Gokhale And Malhotra,Food & Beverage,5812,Proprietorship,Mumbai,Maharashtra,TRUE,10-10-23 10:11,FALSE,,ACTIVE,3595.96
MCH2990,Rout And Sons,Hotel & Lodging,7011,Proprietorship,Ludhiana,Punjab,TRUE,30-08-25 00:00,TRUE,XXXX7294,ACTIVE,1050.53
MCH2993,Dube Yadav And Konda,Books & Stationery,5942,Individual,Jaipur,Rajasthan,TRUE,14-07-25 00:00,FALSE,WWQW1736251351915,ACTIVE,2422.76
MCH2994,Ratta Group,Travel & Transport,4131,Partnership / LLP,Ludhiana,Punjab,TRUE,14-11-23 00:00,FALSE,GYYN8574685496959,ACTIVE,2132.38
MCH2995,Patil Ltd,Hotel & Lodging,7011,Private Limited,Amritsar,Punjab,TRUE,25-12-25 00:00,FALSE,2612684538,ACTIVE,492.36
MCH2996,Rege Khanna,Retail & Groceries,5411,Individual,Lucknow,Uttar Pradesh,TRUE,15-10-23 00:00,FALSE,,INACTIVE,745.45
MCH2997,Mohanty Ltd,Hotel & Lodging,7011,Individual,Bengaluru,Karnataka,TRUE,16-10-24 00:00,FALSE,AVZS8243524193975,ACTIVE,2948.35
MCH3002,Dey Chopra And Vig,Apparel & Fashion,56990,Individual,Ludhiana,Punjab,TRUE,27-10-24 00:00,FALSE,7833308029,ACTIVE,761.12
MCH3005,Saxena Narain And Mander,Apparel & Fashion,5699,Private Limited,Kolkata,West Bengal,TRUE,25-03-24 00:00,FALSE,RIGO9314848159457,ACTIVE,1149.79
MCH3006,Biswas Ram,Miscellaneous,5999,Individual,Lucknow,Uttar Pradesh,TRUE,14-08-23 00:00,TRUE,XXXX8226,ACTIVE,0.638
MCH3008,Datta Sarkar And Nori,Retail & Groceries,5311,Partnership / LLP,Ludhiana,Punjab,TRUE,11-11-24 00:00,FALSE,,ACTIVE,522.31
MCH3011,Ahluwalia Contractor And Comar,Retail & Groceries,5311,Proprietorship,Dilli,Delhi,TRUE,30-11-23 00:00,TRUE,XXXX1217,INACTIVE,2626.62
MCH3012,Sathe Llc,Retail & Groceries,,Private Limited,Chennai,Tamil Nadu,TRUE,23-10-24 02:09,FALSE,,SUSPENDED,448.76
MCH3014,Nagarajan Bandi,Retail,5311,Individual,New Delhi,Delhi,TRUE,06-09-25 00:00,TRUE,XXXX4761,ACTIVE,3013.17
MCH3017,Ramanathan And Sons,Retail & Groceries,5311,Partnership / LLP,New Delhi,Delhi,TRUE,07-06-24 00:00,FALSE,,ACTIVE,3967.02
MCH3021,Gupta Mukherjee And Setty,Travel & Transport,4131,Proprietorship,Mumbai,Maharashtra,TRUE,14-02-26 00:00,TRUE,XXXX2366,ACTIVE,614.86
MCH3023,Raj Bajwa,Travel & Transport,4131,Partnership / LLP,Lucknow,Uttar Pradesh,TRUE,10-11-24 00:00,FALSE,YYPA0272541440376,ACTIVE,0.6135
MCH3024,Kade Bhatia,Food & Beverage,58120,Partnership / LLP,New Delhi,Delhi,TRUE,22-09-25 17:31,FALSE,,ACTIVE,0.2093
MCH3025,Sachdeva Bora And Hegde,Travel & Transport,4131,Private Limited,Pune,Maharashtra,TRUE,15-08-24 00:00,FALSE,3805315664,ACTIVE,611.84
MCH3029,Sarma Plc,Transprt,4131,Proprietorship,Bombay,Maharashtra,TRUE,15-06-24 00:00,FALSE,1403660080,ACTIVE,163.28
MCH3030,Sengupta Bhagat And Kota,Books & Stationery,5942,Private Limited,Chennai,Tamil Nadu,TRUE,07-09-25 00:00,FALSE,,ACTIVE,194.19
MCH3031,Morar And Sons,Retail & Groceries,5411,Individual,Pune,Maharashtra,TRUE,23-04-25 00:00,FALSE,,ACTIVE,4053.43
MCH3037,Wagle Ltd,Retail & Groceries,5411,Individual,Hyderabad,Telangana,TRUE,30-01-26 00:00,TRUE,XXXX1382,ACTIVE,2391.24
MCH3039,Murty Inc,Retail & Groceries,54110,Individual,Dilli,Delhi,TRUE,03-12-23 08:34,FALSE,SVKA2268543185915,ACTIVE,1465.47
MCH3040,Dhar Kunda And Desai,Retail & Groceries,5411,Partnership / LLP,Jaipur,Rajasthan,TRUE,05-03-25 00:00,FALSE,,ACTIVE,0.267
MCH3044,Gupta Plc,Books & Stationery,5942,Proprietorship,Blr,Karnataka,TRUE,27-04-23 00:00,FALSE,,ACTIVE,582.54
MCH3046,Walla Plc,Books & Stationery,5942,Private Limited,Jalandhar,Punjab,TRUE,03-12-23 00:00,FALSE,DJCZ8193007555479,SUSPENDED,6756.54
MCH3048,Kala Group,Hotel & Lodging,7011,Private Limited,Jaipur,Rajasthan,TRUE,11-11-23 00:00,FALSE,,ACTIVE,613.58
MCH3051,Hora Mahajan,Apparel & Fashion,56990,Private Limited,Jaipur,Rajasthan,TRUE,03-04-23 00:00,FALSE,,ACTIVE,3699.21
MCH3055,Batta Sha And Dugar,Hotel & Lodging,7011,Private Limited,Chennai,Tamil Nadu,TRUE,18-08-25 17:51,TRUE,XXXX2455,ACTIVE,262.1
MCH3057,Nagy Banik,Retail & Groceries,5311,Partnership / LLP,Kolkata,West Bengal,TRUE,15-03-24 00:00,FALSE,PCQH3034924487610,ACTIVE,764.15
MCH3058,Patla Padmanabhan,Books & Stationery,5942,Individual,Pune,Maharashtra,TRUE,18-10-24 00:00,FALSE,OBXD4944464643223,ACTIVE,974.77
MCH3060,Deep Tata,Retail & Groceries,5311,Individual,Asr,Punjab,TRUE,17-04-23 00:00,FALSE,,ACTIVE,2601.81
MCH3061,Bansal Inc,Retail & Groceries,5311,Private Limited,Chennai,Tamil Nadu,TRUE,02-09-24 00:00,TRUE,XXXX4596,ACTIVE,2114.75
MCH3063,Bansal Inc,Travel & Transport,4131,Individual,Jaipur,Rajasthan,TRUE,02-07-25 00:00,FALSE,,INACTIVE,282.67
MCH3069,Magar Inc,Apparel & Fashion,5699,Individual,Mumbai,Maharashtra,TRUE,18-10-24 00:00,FALSE,,ACTIVE,5346.85
MCH3070,Patel Sandal And Sinha,Electronics & Tech,48140,Individual,Hyderabad,Telangana,TRUE,18-09-25 00:00,TRUE,XXXX6846,ACTIVE,1706.27
MCH3071,Misra Padmanabhan,Food & Beverage,5812,Proprietorship,Ludhiana,Punjab,TRUE,24-07-24 08:52,FALSE,IJYT4830685989652,ACTIVE,958.85
MCH3072,Vora Soman,Apparel & Fashion,5699,Individual,Asr,Punjab,TRUE,13-02-26 04:04,FALSE,DNMO7101498768595,ACTIVE,1993.93
MCH3075,Bedi Ramanathan,Transprt,4131,Individual,Jalandhar,Punjab,TRUE,29-09-23 00:00,TRUE,XXXX7029,ACTIVE,0.1301
MCH3077,Warrior Ltd,Transprt,41310,Partnership / LLP,Kolkata,West Bengal,TRUE,02-04-23 00:00,FALSE,,ACTIVE,1448.69
MCH3078,Gandhi Rout And Sankaran,Hotel & Lodging,7011,Proprietorship,Bengaluru,Karnataka,TRUE,10-07-23 04:10,FALSE,,ACTIVE,752.09
MCH3079,Bobal Balay And Batra,Hotel & Lodging,7011,Private Limited,Bengaluru,Karnataka,FALSE,,TRUE,XXXX1002,ACTIVE,486.3
MCH3080,Lad Soman,Retail & Groceries,5411,Proprietorship,Jalandhar,Punjab,TRUE,01-12-24 13:22,FALSE,,ACTIVE,152.69
MCH3081,Anne Choudhry And Nanda,Medical & Health,5912,Partnership / LLP,Hyderabad,Telangana,TRUE,23-12-24 00:00,FALSE,4317690840,ACTIVE,0.59
MCH3084,Mani Chowdhury,Apparel & Fashion,56990,Partnership / LLP,Hyd,Telangana,TRUE,27-09-23 01:37,FALSE,,ACTIVE,1594.62
MCH3085,Reddy Wagle,Hotel & Lodging,7011,Proprietorship,Blr,Karnataka,TRUE,27-05-25 00:00,FALSE,,ACTIVE,0.258
MCH3086,Pant Inc,Food & Beverage,5812,Private Limited,Chennai,Tamil Nadu,TRUE,13-10-23 11:54,TRUE,XXXX6152,ACTIVE,287.52
MCH3088,Suresh Llc,Retail & Groceries,5411,Partnership / LLP,Chennai,Tamil Nadu,TRUE,08-03-24 00:00,FALSE,,ACTIVE,4739.6
MCH3089,Tata Plc,Books & Stationery,5942,Proprietorship,Jalandhar,Punjab,TRUE,30-08-25 00:00,TRUE,XXXX2474,ACTIVE,2328.32
MCH3092,Dutta Vasa And Jayaraman,Miscellaneous,5999,Private Limited,Amritsar,Punjab,FALSE,,FALSE,4110907056,ACTIVE,1605.55
MCH3093,Dube Venkatesh And Jha,Retail Other,5999,Private Limited,Kolkata,West Bengal,TRUE,22-10-24 10:22,FALSE,PHHT2563139884519,ACTIVE,0.1107
MCH3094,Wag1E Thakkar,Apparel & Fashion,5699,Individual,Bengaluru,Karnataka,TRUE,30-12-24 00:00,FALSE,UIBH7195313053410,ACTIVE,1038.48
MCH3095,Hans Shan,Misc Retail,5999,Partnership / LLP,Calcutta,West Bengal,TRUE,28-05-24 00:00,FALSE,9222512011,ACTIVE,1208.82
MCH3096,Pradhan Anne And Dhillon,Food & Beverage,5812,Individual,Kolkata,West Bengal,TRUE,25-02-25 00:00,TRUE,XXXX9447,ACTIVE,958.85
MCH3099,Peri Parmer,Apparel & Fashion,5699,Partnership / LLP,New Delhi,Delhi,TRUE,22-06-24 00:00,FALSE,,ACTIVE,2046.1
MCH3105,Bandi Plc,Retail & Groceries,53110,Proprietorship,Mumbai,Maharashtra,TRUE,05-01-26 07:13,FALSE,1280850023,ACTIVE,1578.41
MCH3107,Kapoor Inc,Medical & Health,,Partnership / LLP,Pune,Maharashtra,TRUE,28-10-23 00:00,FALSE,7807494643,ACTIVE,1009.16
MCH3111,Cherian G0Swami,Electronics & Tech,,Private Limited,Bengaluru,Karnataka,FALSE,,FALSE,,ACTIVE,1311.29
MCH3119,Chana Deshmukh,Retail & Groceries,5311,Private Limited,Hyderabad,Telangana,TRUE,12-02-24 00:00,FALSE,,ACTIVE,0.4993
MCH3122,Toor Kunda And Munshi,Books & Stationery,5942,Partnership / LLP,Mumbai,Maharashtra,TRUE,14-04-25 21:07,FALSE,3432360123,ACTIVE,797.24
MCH3123,Hegde Bahl And Comar,Travel & Transport,4121,Private Limited,New Delhi,Delhi,TRUE,01-06-23 00:00,FALSE,540867962,ACTIVE,2133.64
MCH3125,Din Dara,Apparel & Fashion,5699,Partnership / LLP,New Delhi,Delhi,TRUE,15-11-25 00:00,FALSE,NBXZ1237892442741,ACTIVE,3672.47
MCH3129,Ghose Hariandgarde,Retail & Groceries,5411,Proprietorship,Ludhiana,Punjab,TRUE,27-06-25 03:24,FALSE,GWXI4589298577824,ACTIVE,1908.27
MCH3130,Arora Karnik And Sarraf,Books & Stationery,5942,Proprietorship,Calcutta,West Bengal,TRUE,10-07-23 21:24,FALSE,,ACTIVE,1573.29
MCH3134,Rajan Plc,Retail & Groceries,5311,Individual,Jaipur,Rajasthan,TRUE,30-09-24 00:49,FALSE,YYBA4456378455566,ACTIVE,0.993
MCH3139,Dhar Kumar And Sawhney,Apparel & Fashion,5699,Partnership / LLP,Pune,Maharashtra,TRUE,24-01-25 00:00,TRUE,XXXX0682,INACTIVE,2338.9
MCH3140,Sarraf Viswanathan,Travel & Transport,4131,Partnership / LLP,Ludhiana,Punjab,TRUE,30-07-23 00:00,FALSE,4937611894,SUSPENDED,0.1614
MCH3142,Dugar Merchant And Kala,Books & Stationery,5942,Private Limited,Jaipur,Rajasthan,TRUE,01-01-24 08:46,FALSE,CUQS1241290775925,ACTIVE,619.08
MCH3143,Zacharia Buch And Yadav,Retail & Groceries,5311,Partnership / LLP,Hyderabad,Telangana,TRUE,13-03-23 00:00,FALSE,UMIZ4082572641807,ACTIVE,0.4822
MCH3144,Raval Korpal,Hotel & Lodging,7011,Partnership / LLP,New Delhi,Delhi,FALSE,,FALSE,,ACTIVE,1879.74
MCH3145,Chaudry And Sons,Retail & Groceries,53110,Individual,Bengaluru,Karnataka,TRUE,29-01-26 00:00,FALSE,,ACTIVE,1076.395
MCH3146,Batta Sharaf,Travel & Transport,4131,Individual,Poona,Maharashtra,TRUE,10-02-24 00:00,FALSE,MHGR0082109008102,ACTIVE,898.04
MCH3147,Acharya Uppal,Travel & Transport,4131,Individual,Chennai,Tamil Nadu,TRUE,02-10-24 02:28,FALSE,1420771239,ACTIVE,0.343
MCH3148,Raoltd,Electronics & Tech,48140,Individual,New Delhi,Delhi,TRUE,16-01-23 00:00,FALSE,,ACTIVE,1684.65
MCH3154,Bhardwaj Ltd,Travel & Transport,4131,Individual,Bombay,Maharashtra,TRUE,28-10-24 07:15,TRUE,XXXX9089,ACTIVE,633.37
MCH3155,Agarwal Ltd,Retail & Groceries,5311,Partnership / LLP,Chennai,Tamil Nadu,TRUE,23-11-23 15:28,FALSE,,ACTIVE,1414.89
MCH3156,Bal Deo And Kala,Miscellaneous,5999,Partnership / LLP,Lucknow,Uttar Pradesh,FALSE,,FALSE,8908434715,ACTIVE,0.2486
MCH3161,Mittal Bawa,Other,59990,Private Limited,Jalandhar,Punjab,TRUE,01-04-23 15:06,FALSE,,ACTIVE,2703.14
MCH3163,Majumdar Minhas,Other,5999,Proprietorship,Chennai,Tamil Nadu,TRUE,05-04-25 12:08,FALSE,OGEJ6099307050342,SUSPENDED,2179.72
MCH3167,Grewal Biswas And Naidu,Retail & Groceries,5411,Proprietorship,Jaipur,Rajasthan,TRUE,19-02-24 00:00,FALSE,,ACTIVE,2704.22
MCH3172,Soni Varty,Electronics & Tech,4814,Proprietorship,Bangalore,Karnataka,TRUE,10-07-25 02:41,TRUE,XXXX7710,ACTIVE,3097.6
MCH3176,Gera Inc,Phone Service,48140,Private Limited,Lucknow,Uttar Pradesh,TRUE,03-10-24 00:00,FALSE,RGRY9601657474373,ACTIVE,1047.58
MCH3177,Ping1E Ra0 And Varty,Travel & Transport,4131,Individual,Calcutta,West Bengal,TRUE,19-04-25 12:39,TRUE,XXXX0077,SUSPENDED,1840.14
MCH3178,Ganesangroup,Apparel & Fashion,5699,Individual,New Delhi,Delhi,TRUE,01-12-25 00:00,FALSE,,ACTIVE,0.136
MCH3179,Din Mukhopadhyayandbawa,Misc Retail,5999,Proprietorship,Chennai,Tamil Nadu,TRUE,31-10-23 00:00,FALSE,UQUU0653302527343,SUSPENDED,1687.99
MCH3180,Sanghvi And S0Ns,Medical & Health,5912,Private Limited,Dilli,Delhi,TRUE,03-06-23 00:00,TRUE,XXXX6774,ACTIVE,0.2608
MCH3181,Kothari Sengupta And Sandal,Travel & Transport,4131,Private Limited,Lucknow,Uttar Pradesh,TRUE,12-06-25 23:52,FALSE,,ACTIVE,9001.75
MCH3184,Sane Dhawan And Prabhakar,Electronics & Tech,4814,Individual,Mumbai,Maharashtra,TRUE,12-09-23 00:00,FALSE,,ACTIVE,1192.54
MCH3187,Mand Singhal And Raman,Medical & Health,5912,Proprietorship,Calcutta,West Bengal,TRUE,11-07-23 07:10,FALSE,ZOEN9168175383897,ACTIVE,4276.66
MCH3189,Kapoor Hegde,Retail & Groceries,5411,Partnership / LLP,Hyderabad,Telangana,TRUE,01-02-23 03:59,TRUE,XXXX4992,ACTIVE,3153.88
MCH3191,Dhawan Warrior,Travel & Transport,4131,Proprietorship,Hyderabad,Telangana,TRUE,12-09-24 01:09,FALSE,,ACTIVE,1885.9
MCH3199,Deshmukh Karnik,Retail & Groceries,5311,Partnership / LLP,Jaipur,Rajasthan,TRUE,10-08-23 00:00,FALSE,GHWA0359999214011,ACTIVE,2251.19
MCH3201,Bahl And Sons,Books & Stationery,5942,Proprietorship,Asr,Punjab,TRUE,27-05-24 00:00,FALSE,4264935431,ACTIVE,576.96
MCH3203,Randhawa Pant,Retail,5311,Partnership / LLP,Jaipur,Rajasthan,TRUE,16-12-24 07:20,TRUE,XXXX9443,ACTIVE,922.86
MCH3206,Ahuja Din,Retail,5311,Proprietorship,Hyderabad,Telangana,TRUE,11-01-26 13:50,TRUE,XXXX4117,ACTIVE,0.1244
MCH3207,Gala Khatri And Khalsa,Medical & Health,5912,Partnership / LLP,Amritsar,Punjab,TRUE,23-04-24 00:00,FALSE,7398854821,ACTIVE,929.51
MCH3211,Mani Hora And Hayer,Medical & Health,59120,Private Limited,Bengaluru,Karnataka,TRUE,31-01-26 00:00,FALSE,SYDI3812560844687,ACTIVE,3678.27
MCH3212,Merchant Llc,Miscellaneous,5999,Private Limited,Bengaluru,Karnataka,TRUE,06-07-23 11:16,FALSE,9377229545,ACTIVE,980.37
MCH3214,Dubey Inc,Transprt,4131,Individual,Bangalore,Karnataka,TRUE,24-07-24 00:45,FALSE,1238686450,ACTIVE,0.2052
MCH3216,K0Thari Bhatia,Retail & Groceries,5411,Proprietorship,Hyderabad,Telangana,TRUE,28-01-25 12:09,FALSE,3754349166,ACTIVE,1987.15
MCH3218,Keer Soni And Deshpande,Medical & Health,5912,Proprietorship,Bombay,Maharashtra,TRUE,10-03-24 00:00,FALSE,8214766650,ACTIVE,3727.56
MCH3219,Aggarwal Group,Retail & Groceries,5311,Partnership / LLP,Lucknow,Uttar Pradesh,TRUE,29-08-25 00:00,FALSE,RNPG2912069741191,ACTIVE,1058.64
MCH3221,Baria Dube,Hotel & Lodging,7011,Proprietorship,Kolkata,West Bengal,FALSE,,FALSE,CKDG4069954350716,INACTIVE,338.34
MCH3229,Keer Kale,Medical & Health,5912,Proprietorship,Mumbai,Maharashtra,TRUE,28-02-24 21:40,FALSE,UDDZ7214972649948,ACTIVE,276.23
MCH3231,Gokhale Group,Retail & Groceries,5411,Individual,Jalandhar,Punjab,FALSE,,FALSE,,ACTIVE,0.205
MCH3232,Shroff Bobal,Food & Beverage,58120,Partnership / LLP,Kolkata,West Bengal,TRUE,26-04-24 00:00,FALSE,,ACTIVE,613.79
MCH3233,Dada Pingle And Date,Apparel & Fashion,5699,Individual,Poona,Maharashtra,TRUE,23-11-25 00:00,FALSE,,INACTIVE,5434.84
MCH3234,Lad Inc,Electronics & Tech,,Individual,Calcutta,West Bengal,TRUE,21-02-24 00:00,FALSE,LTGH4419649542857,ACTIVE,9763.29
MCH3237,Gaba Inc,Miscellaneous,5999,Proprietorship,New Delhi,Delhi,TRUE,03-06-23 15:03,FALSE,YPVB7296650386869,SUSPENDED,934.62
MCH3240,Roy Dash And Bobal,Retail & Groceries,5411,Partnership / LLP,Pune,Maharashtra,TRUE,13-11-23 00:00,FALSE,CMDO7903517998811,ACTIVE,1077.02
MCH3242,Upadhyay Dash And Vaidya,Misc Retail,59990,Partnership / LLP,Jaipur,Rajasthan,FALSE,,FALSE,,ACTIVE,1731.73
MCH3244,Murthy Group,Medical & Health,5912,Private Limited,Jalandhar,Punjab,TRUE,07-03-25 05:29,FALSE,,ACTIVE,3366.47
MCH3247,Nagarajan Shan,Medical & Health,,Individual,Chennai,Tamil Nadu,TRUE,04-07-25 21:55,FALSE,5730507447,INACTIVE,2666.23
MCH3250,Bose Kalita,Retail & Groceries,5311,Proprietorship,Mumbai,Maharashtra,FALSE,,FALSE,,INACTIVE,1514.47
MCH3251,Balan Kunda,Retail & Groceries,5411,Individual,Ludhiana,Punjab,TRUE,14-12-24 00:00,FALSE,,ACTIVE,3266.06
MCH3252,Patel Saran And Bala,Apparel & Fashion,5699,Individual,Poona,Maharashtra,TRUE,18-06-23 00:00,FALSE,4243165999,ACTIVE,1917.91
MCH3253,Khatri Krishnamurthy,Books & Stationery,59420,Partnership / LLP,Lucknow,Uttar Pradesh,TRUE,19-12-23 08:58,FALSE,,ACTIVE,2086.58
MCH3254,Chanda Maharaj And Chandra,Travel & Transport,4131,Partnership / LLP,Hyd,Telangana,TRUE,03-11-25 00:00,FALSE,TXWB1746078464859,ACTIVE,1842.04
MCH3255,Shah Kala And Sarraf,Hotel & Lodging,7011,Private Limited,Jalandhar,Punjab,TRUE,09-06-24 00:00,TRUE,XXXX8773,ACTIVE,0.807
MCH3256,Patil Tripathi And Seshadri,Books & Stationery,5942,Partnership / LLP,Ludhiana,Punjab,TRUE,11-02-25 00:00,FALSE,74721461,ACTIVE,4035.32
MCH3259,Bajaj Mann,Transprt,4131,Individual,Amritsar,Punjab,TRUE,09-05-24 00:00,FALSE,VUFB9274060732272,ACTIVE,0.426
MCH3260,Viswanathan Inc,Travel & Transport,4131,Individual,Asr,Punjab,TRUE,24-09-25 18:33,FALSE,,INACTIVE,2698.89
MCH3263,Sarna Chauhan,Food & Beverage,5812,Proprietorship,Lucknow,Uttar Pradesh,TRUE,18-05-25 00:00,FALSE,4897875203,ACTIVE,2348.1
MCH3264,Narayanan Krishnan And Bail,Retail & Groceries,5411,Proprietorship,Jaipur,Rajasthan,TRUE,25-03-25 00:00,TRUE,XXXX4525,ACTIVE,3885.91
MCH3265,Mittal Ltd,Books & Stationery,5942,Private Limited,Hyd,Telangana,TRUE,15-08-24 00:38,FALSE,GNXO4175681425980,ACTIVE,4170.98
MCH3266,Lalla Baral And Pau,Retail & Groceries,5311,Private Limited,Chennai,Tamil Nadu,TRUE,17-09-25 12:56,FALSE,ZAAY3109374136824,ACTIVE,1627.34
MCH3267,Balasubramanian Butala,Apparel & Fashion,,Individual,Chennai,Tamil Nadu,TRUE,20-10-25 00:00,TRUE,XXXX4438,ACTIVE,1843.39
MCH3268,Kadakia Rajan,Apparel & Fashion,5699,Proprietorship,Pune,Maharashtra,TRUE,16-11-24 14:24,FALSE,,ACTIVE,2055.32
MCH3269,Kara Ramaswamy,Food & Beverage,5812,Partnership / LLP,Poona,Maharashtra,TRUE,07-12-23 00:00,FALSE,,ACTIVE,1481
MCH3270,Chokshi Dash And Srivastava,Travel & Transport,4131,Partnership / LLP,Chennai,Tamil Nadu,TRUE,07-10-24 00:00,FALSE,,ACTIVE,1910.46
MCH3272,Gera Group,Apparel & Fashion,56990,Proprietorship,Chennai,Tamil Nadu,TRUE,03-04-23 12:44,FALSE,EMXM6349169987807,ACTIVE,2272.01
MCH3274,Sen Chawla,Retail & Groceries,5311,Private Limited,Chennai,Tamil Nadu,TRUE,25-02-23 00:00,FALSE,8919947096,ACTIVE,1472.57
MCH3275,Sridhar And Sons,Apparel & Fashion,56990,Partnership / LLP,New Delhi,Delhi,TRUE,15-04-24 07:33,FALSE,,SUSPENDED,1036.37
MCH3277,Issac Lata,Phone Service,,Partnership / LLP,Dilli,Delhi,TRUE,22-09-25 00:00,FALSE,RPRG9004987881265,ACTIVE,1571.63
MCH3279,Zachariah Gill And Palla,Food & Beverage,5812,Individual,Pune,Maharashtra,TRUE,25-12-25 00:00,FALSE,,ACTIVE,958.85
MCH3280,Vohra Bora And Vasa,Retail & Groceries,54110,Private Limited,Pune,Maharashtra,TRUE,16-10-23 16:01,FALSE,,SUSPENDED,412.76
MCH3281,Ranganathan And Sons,Retail,5311,Partnership / LLP,Kolkata,West Bengal,TRUE,01-03-24 00:00,TRUE,XXXX9655,ACTIVE,649.49
MCH3284,Lal And Sons,Electronics & Tech,,Private Limited,Ludhiana,Punjab,TRUE,18-02-24 00:00,TRUE,XXXX5805,INACTIVE,3943.29
MCH3285,Prasad Luthra And Suri,Retail,53110,Partnership / LLP,Bangalore,Karnataka,TRUE,22-02-23 00:00,FALSE,3068852550,ACTIVE,669.58
MCH3287,Dave Ganesan And Biswas,Retail,5311,Individual,Bengaluru,Karnataka,FALSE,,FALSE,7925995111,ACTIVE,0.1007
MCH3288,Bains Arya And Sanghvi,Hotel & Lodging,7011,Partnership / LLP,Mumbai,Maharashtra,TRUE,26-11-25 00:00,FALSE,ZNEZ2979868781030,SUSPENDED,3587.5
MCH3289,Tripathi Mandal,Electronics & Tech,4814,Individual,Chennai,Tamil Nadu,TRUE,29-12-24 00:00,TRUE,XXXX2012,ACTIVE,1368.37
MCH3291,Sanghvi Nair,Hotel & Lodging,7011,Private Limited,Bangalore,Karnataka,TRUE,25-09-23 00:00,FALSE,,ACTIVE,0.3917
MCH3292,Murthy Plc,Books & Stationery,5942,Individual,Chennai,Tamil Nadu,TRUE,21-06-23 00:00,TRUE,XXXX2688,INACTIVE,2151.78
MCH3294,Murty Vala And Pall,Travel & Transport,4131,Individual,Ludhiana,Punjab,TRUE,10-12-24 00:00,FALSE,7450449470,ACTIVE,822.03
MCH3296,Sampath Chopra,Miscellaneous,5999,Individual,Bangalore,Karnataka,TRUE,18-11-25 00:00,TRUE,XXXX2813,ACTIVE,1074.2
MCH3298,Kurian Sheth And Bains,Apparel & Fashion,56990,Individual,New Delhi,Delhi,TRUE,20-04-25 00:00,TRUE,XXXX3758,ACTIVE,0.3789
MCH3299,Varghese Tripathi And Ganesh,Retail Other,5999,Proprietorship,Bengaluru,Karnataka,TRUE,12-07-23 00:00,FALSE,,INACTIVE,2177.34
MCH3301,Reddy And Sons,Books & Stationery,5942,Partnership / LLP,Jaipur,Rajasthan,TRUE,25-06-23 03:39,FALSE,5060880178,ACTIVE,2571.65
MCH3307,Uppal And Sons,Hotel & Lodging,7011,Private Limited,Poona,Maharashtra,TRUE,07-03-23 20:38,FALSE,WQAU2336118593269,ACTIVE,1033.39
MCH3308,Dhawan Ranganathan And Luthra,Apparel & Fashion,5699,Partnership / LLP,Amritsar,Punjab,TRUE,01-09-26 00:00,TRUE,XXXX7835,INACTIVE,2438.38
MCH3311,Sule Ltd,Books & Stationery,5942,Proprietorship,Pune,Maharashtra,TRUE,30-01-26 17:36,TRUE,XXXX2539,ACTIVE,1079.15
MCH3313,Comar Sidhu,Retail & Groceries,5311,Proprietorship,Lucknow,Uttar Pradesh,TRUE,30-07-23 00:00,FALSE,GKCY1460435380907,INACTIVE,408.55
MCH3319,Jani Tailor And Radhakrishnan,Apparel & Fashion,5699,Proprietorship,Jalandhar,Punjab,TRUE,26-08-24 05:30,FALSE,IUQF4655993827398,ACTIVE,516.88
MCH3321,Barad Trivedi,Transprt,,Proprietorship,Amritsar,Punjab,TRUE,19-09-25 04:50,FALSE,,ACTIVE,2096.6
MCH3323,Dey Plc,Electronics & Tech,4814,Proprietorship,Jaipur,Rajasthan,TRUE,24-12-24 05:37,TRUE,XXXX2284,INACTIVE,559.08
MCH3324,Char Gera,Apparel & Fashion,56990,Partnership / LLP,Pune,Maharashtra,TRUE,20-02-26 00:00,FALSE,DLMI3626046968894,SUSPENDED,2076.73
MCH3325,Varty Vig,Medical & Health,5912,Partnership / LLP,Kolkata,West Bengal,TRUE,29-10-23 00:00,TRUE,XXXX1753,ACTIVE,0.4212
MCH3327,Balay Ltd,Medical & Health,5912,Partnership / LLP,Asr,Punjab,TRUE,06-10-24 00:00,FALSE,4132109142,ACTIVE,799.92
MCH3328,Singh Comar,Medical & Health,5912,Proprietorship,Pune,Maharashtra,TRUE,14-12-25 00:00,TRUE,XXXX6840,ACTIVE,3993.96
MCH3330,Keer Gupta And Som,Retail & Groceries,5311,Private Limited,Jalandhar,Punjab,TRUE,26-11-25 00:00,FALSE,LOCM5644673929837,ACTIVE,3134.69
MCH3331,Shukla Kadakia And Kata,Apparel & Fashion,5699,Private Limited,Ludhiana,Punjab,TRUE,18-03-25 00:00,FALSE,,ACTIVE,1008.43
MCH3333,Dada Plc,Miscellaneous,5999,Private Limited,Mumbai,Maharashtra,TRUE,18-03-24 00:00,FALSE,,ACTIVE,0.668
MCH3334,Majumdar Raja,Electronics & Tech,4814,Private Limited,Hyd,Telangana,TRUE,09-02-23 04:50,FALSE,7204878806,ACTIVE,2941.2
MCH3335,Choudhary Ltd,Apparel & Fashion,5699,Partnership / LLP,Lucknow,Uttar Pradesh,TRUE,08-11-25 00:00,FALSE,,ACTIVE,413.6
MCH3338,Mistry Majumdar And Ghosh,Electronics & Tech,4814,Individual,Ludhiana,Punjab,TRUE,26-04-24 08:50,FALSE,KYYU5062619258958,ACTIVE,0.1989
MCH3340,Bhargava Llc,Apparel & Fashion,5699,Proprietorship,Kolkata,West Bengal,TRUE,12-10-25 02:52,FALSE,,SUSPENDED,4266.92
MCH3341,Ramesh Inc,Medical & Health,5912,Individual,Mumbai,Maharashtra,TRUE,15-11-24 02:33,FALSE,,ACTIVE,1745.15
MCH3348,Chauhan Chowdhury And Dhillon,Books & Stationery,5942,Individual,Amritsar,Punjab,TRUE,16-12-23 00:00,FALSE,MCSB8481417353125,ACTIVE,3038.21
MCH3351,Loke Narasimhan And Gandhi,Medical & Health,5912,Partnership / LLP,Asr,Punjab,TRUE,22-06-23 00:00,FALSE,,SUSPENDED,1029.99
MCH3353,Sachar Ltd,Books & Stationery,5942,Private Limited,Jalandhar,Punjab,TRUE,06-06-23 00:00,FALSE,,INACTIVE,0.446
MCH3354,Barad Ahluwalia And Mahal,Books & Stationery,5942,Partnership / LLP,Lucknow,Uttar Pradesh,TRUE,06-02-26 09:23,TRUE,XXXX7924,ACTIVE,906.14
MCH3357,Sundaram Kara And Sibal,Medical & Health,7011,Partnership / LLP,Asr,Punjab,TRUE,14-11-25 12:11,FALSE,XVJC4162540658234,ACTIVE,246.81
MCH3358,Suri Dhillon,Travel & Transport,4131,Individual,Kolkata,West Bengal,TRUE,22-09-23 00:00,FALSE,3713072949,ACTIVE,665.29
MCH3361,Sabharwal Shah,Transprt,,Partnership / LLP,Jalandhar,Punjab,TRUE,06-01-24 00:00,FALSE,KQNB2621280715561,INACTIVE,887.23
MCH3362,Chander Sangha,Retail & Groceries,54110,Private Limited,Asr,Punjab,TRUE,26-02-26 04:43,FALSE,,SUSPENDED,12795.59
MCH3369,Yadav Deep And Bassi,Misc Retail,5999,Individual,Lucknow,Uttar Pradesh,TRUE,16-05-24 00:00,FALSE,407364103,ACTIVE,0.786
MCH3371,Raju Inc,Travel & Transport,41310,Partnership / LLP,Hyderabad,Telangana,TRUE,19-04-25 05:25,FALSE,ENEX5677212292143,ACTIVE,4057.11
MCH3376,Sama Gaba,Retail & Groceries,5411,Individual,Hyderabad,Telangana,FALSE,,TRUE,XXXX4890,ACTIVE,732.24
MCH3379,Sura Inc,Retail & Groceries,5411,Proprietorship,Chennai,Tamil Nadu,TRUE,28-11-23 00:00,FALSE,,ACTIVE,851.53
MCH3382,Patla Thakur And Kaur,Travel & Transport,4131,Private Limited,Pune,Maharashtra,TRUE,06-02-25 19:20,FALSE,,ACTIVE,470.22
MCH3383,Muni Inc,Other,5999,Proprietorship,New Delhi,Delhi,TRUE,21-04-23 22:36,TRUE,XXXX2845,ACTIVE,5804.6
MCH3384,Gill Bakshi,Misc Retail,5999,Partnership / LLP,Kolkata,West Bengal,TRUE,27-06-23 00:00,FALSE,8993037640,ACTIVE,1223.35
MCH3386,Balay Chacko And Dani,Retail & Groceries,5311,Private Limited,Jaipur,Rajasthan,TRUE,27-10-25 15:17,TRUE,XXXX2339,ACTIVE,2775.53
MCH3387,Boase Ltd,Electronics & Tech,4814,Proprietorship,Chennai,Tamil Nadu,TRUE,20-10-24 00:00,FALSE,,ACTIVE,4926.8
MCH3388,Ha1Der Chander And Krishnamurthy,Retail & Groceries,5311,Individual,Ludhiana,Punjab,TRUE,23-03-25 00:51,FALSE,FTJO6113858465780,INACTIVE,447.14
MCH3389,Barad Murthy And Muni,Medical & Health,,Individual,Amritsar,Punjab,TRUE,19-03-25 00:00,FALSE,,ACTIVE,234.09
MCH3391,Dass Inc,Transprt,4131,Partnership / LLP,Lucknow,Uttar Pradesh,FALSE,,TRUE,XXXX1148,ACTIVE,0.1298
MCH3393,Panchal Mistry And Sawhney,Retail & Groceries,5411,Proprietorship,Amritsar,Punjab,FALSE,,FALSE,,ACTIVE,0.612
MCH3395,Boase Dutt And Sami,Medical & Health,5912,Partnership / LLP,Jaipur,Rajasthan,TRUE,22-07-24 00:00,FALSE,,INACTIVE,0.619
MCH3398,Chaudhary Ltd,Apparel & Fashion,5699,Proprietorship,Chennai,Tamil Nadu,TRUE,18-11-23 08:31,FALSE,5865246306,INACTIVE,1864.25
MCH3399,Muni And Sons,Apparel & Fashion,56990,Private Limited,Amritsar,Punjab,TRUE,07-04-24 00:00,FALSE,2117257070,ACTIVE,3737.76
MCH3401,Chana Llc,Retail & Groceries,5411,Individual,Chennai,Tamil Nadu,FALSE,,TRUE,XXXX4048,ACTIVE,3703.23
MCH3402,Lala Loyal And Trivedi,Miscellaneous,5999,Partnership / LLP,Poona,Maharashtra,TRUE,14-12-25 00:00,FALSE,4812392751,INACTIVE,1152.61
MCH3404,Parekh Lad And Soman,Retail & Groceries,5311,Individual,Mumbai,Maharashtra,TRUE,16-02-23 00:00,FALSE,PSMJ2500672647390,ACTIVE,1405.46
MCH3405,Dara Boase And Chada,Misc Retail,59990,Partnership / LLP,Pune,Maharashtra,TRUE,03-06-24 00:00,TRUE,XXXX5690,ACTIVE,210.2
MCH3406,Swamy Borah And Sampath,Retail,5311,Individual,Mumbai,Maharashtra,TRUE,22-05-24 03:05,TRUE,XXXX9630,ACTIVE,438.79
MCH3407,Lal Llc,Other,,Private Limited,Jalandhar,Punjab,TRUE,27-09-23 00:00,TRUE,XXXX9006,ACTIVE,3232.78
MCH3409,Badami And Sons,Hotel & Lodging,7011,Proprietorship,Bengaluru,Karnataka,TRUE,31-05-24 00:00,FALSE,,ACTIVE,1179.18
MCH3410,Mutti Plc,Hotel & Lodging,7011,Proprietorship,Chennai,Tamil Nadu,TRUE,23-05-23 00:00,FALSE,5994810528,ACTIVE,4042.64
MCH3412,Tak And Sons,Hotel & Lodging,70110,Proprietorship,Jaipur,Rajasthan,TRUE,31-10-24 00:00,TRUE,XXXX3873,ACTIVE,4884.39
MCH3414,Sahota Ltd,Electronics & Tech,4814,Private Limited,Amritsar,Punjab,TRUE,29-12-25 00:00,FALSE,4026065439,ACTIVE,1607.54
MCH3415,Keer Inc,Food & Beverage,5812,Proprietorship,Chennai,Tamil Nadu,TRUE,05-06-25 05:53,TRUE,XXXX8129,ACTIVE,184.25
MCH3416,Rau Baral And Karan,Phone Service,48140,Private Limited,Ludhiana,Punjab,TRUE,02-02-24 00:00,FALSE,,ACTIVE,0.894
MCH3418,Parsa Parikh,Medical & Health,5912,Partnership / LLP,Hyderabad,Telangana,TRUE,15-07-24 00:00,FALSE,CWGO5653761986608,ACTIVE,8725.31
MCH3419,Bansal Naidu And Baria,Medical & Health,5912,Private Limited,Pune,Maharashtra,TRUE,26-03-24 00:00,FALSE,,ACTIVE,357.64
MCH3420,Mani Kota And Deol,Travel & Transport,4131,Individual,Jaipur,Rajasthan,TRUE,18-01-24 11:43,FALSE,,ACTIVE,453.43
MCH3421,Sandhu Saxena And Talwar,Books & Stationery,5942,Proprietorship,New Delhi,Delhi,FALSE,,TRUE,XXXX6543,SUSPENDED,1117.58
MCH3423,Sant Singh,Hotel & Lodging,7011,Partnership / LLP,New Delhi,Delhi,TRUE,01-01-23 09:47,FALSE,9051549967,ACTIVE,11283.23
MCH3424,Tandon Raja,Retail & Groceries,5411,Private Limited,Pune,Maharashtra,TRUE,09-08-23 00:00,FALSE,LJDU7390595746498,INACTIVE,1643.97
MCH3426,Morar Dar And Raja,Retail & Groceries,5311,Individual,Jalandhar,Punjab,TRUE,25-10-23 00:00,TRUE,XXXX0393,INACTIVE,0.1252
MCH3431,Ghosh And Sons,Food & Beverage,5812,Proprietorship,Mumbai,Maharashtra,TRUE,24-11-25 00:00,FALSE,LTDQ5015892785519,SUSPENDED,1904.92
MCH3433,Pathak Sathe And Rama,Retail & Groceries,5411,Private Limited,Kolkata,West Bengal,TRUE,22-12-25 00:00,TRUE,XXXX0746,INACTIVE,0.3697
MCH3435,Mitter Chakrabarti And Swaminathan,Food & Beverage,5812,Individual,Ludhiana,Punjab,TRUE,23-04-23 00:00,TRUE,XXXX3745,ACTIVE,1050.63
MCH3438,Murty Parmar,Electronics & Tech,,Private Limited,Amritsar,Punjab,TRUE,10-04-24 00:00,FALSE,LRSK8249071074897,ACTIVE,621.11
MCH3439,Palan Bora And Puri,Retail & Groceries,5411,Private Limited,Ludhiana,Punjab,TRUE,03-05-24 00:36,FALSE,AHWJ3061043363701,ACTIVE,1840.58
MCH3440,Sahni Thakur And Kale,Retail & Groceries,5411,Partnership / LLP,Hyderabad,Telangana,TRUE,14-10-24 11:53,FALSE,SWXL8005196412661,ACTIVE,0.797
MCH3441,Naidu Nayar And Chand,Books & Stationery,5942,Partnership / LLP,Ludhiana,Punjab,TRUE,29-05-23 00:00,FALSE,1623488849,ACTIVE,0.817
MCH3442,Choudhry Ravi,Apparel & Fashion,5699,Partnership / LLP,Bombay,Maharashtra,TRUE,09-09-25 00:00,TRUE,XXXX0565,ACTIVE,0.3189
MCH3445,Madan Naidu And Andra,Hotel & Lodging,7011,Private Limited,Jaipur,Rajasthan,TRUE,09-07-23 00:00,FALSE,2270103966,ACTIVE,983.3
MCH3446,Ganesan Contractor,Retail & Groceries,54110,Proprietorship,Lucknow,Uttar Pradesh,TRUE,24-01-26 03:27,FALSE,7922786735,ACTIVE,348.14
MCH3447,Andra Edwin,Apparel & Fashion,5699,Individual,Hyd,Telangana,TRUE,09-10-23 13:58,TRUE,XXXX8236,ACTIVE,1619.69
MCH3449,Nigam Agate,Miscellaneous,5999,Partnership / LLP,Bombay,Maharashtra,TRUE,13-02-26 03:43,FALSE,UOSM0726239882457,ACTIVE,236.02
MCH3451,Amble Nair,Medical & Health,5912,Proprietorship,Amritsar,Punjab,TRUE,06-10-25 00:00,TRUE,XXXX8569,SUSPENDED,1030
MCH3452,Tandon Oza And Sharma,Retail & Groceries,5411,Proprietorship,Poona,Maharashtra,TRUE,08-04-25 00:00,FALSE,,INACTIVE,186.45
MCH3453,Sangha Minhas And Patil,Medical & Health,7011,Private Limited,Jaipur,Rajasthan,TRUE,15-11-23 00:00,FALSE,5047749653,ACTIVE,1768.03
MCH3454,Rajagopal Wason,Food & Beverage,5812,Partnership / LLP,Hyderabad,Telangana,TRUE,22-08-24 15:32,TRUE,XXXX7731,ACTIVE,1479.06
MCH3455,Singhal Llc,Retail & Groceries,5311,Individual,Jalandhar,Punjab,TRUE,01-06-26 05:10,FALSE,,ACTIVE,11222.95
MCH3459,Nagi Saini,Electronics & Tech,4814,Proprietorship,Hyderabad,Telangana,TRUE,03-09-23 00:00,FALSE,CIPH7138178222112,ACTIVE,2617.26
MCH3460,Chand Bora,Retail & Groceries,5411,Individual,Calcutta,West Bengal,TRUE,05-02-25 10:51,FALSE,,ACTIVE,1076.395
MCH3461,Balakrishnan Sachdeva And Sekhon,Miscellaneous,5999,Individual,Mumbai,Maharashtra,TRUE,23-09-25 02:42,FALSE,QTCR6301966166012,ACTIVE,1049.37
MCH3465,Patla Tiwari And Bobal,Electronics & Tech,4814,Private Limited,Amritsar,Punjab,TRUE,09-10-24 22:44,FALSE,BMXM3313589371926,ACTIVE,0.662
MCH3468,Aurora Ben,Medical & Health,,Private Limited,Hyd,Telangana,TRUE,16-03-25 00:00,FALSE,,ACTIVE,0.199
MCH3469,Ha1Der Bains,Electronics & Tech,,Private Limited,Ludhiana,Punjab,FALSE,,FALSE,AHBB0158183764134,ACTIVE,943.76
MCH3470,Chopra Garde,Electronics & Tech,4814,Individual,Bangalore,Karnataka,TRUE,02-03-25 00:00,FALSE,,ACTIVE,509.62
MCH3473,Mahal Butala And Shenoy,Travel & Transport,4131,Individual,Amritsar,Punjab,TRUE,20-11-25 23:26,FALSE,9906876351,ACTIVE,456.8
MCH3475,Wadhwa Banik And Prakash,Food & Beverage,5812,Private Limited,Jaipur,Rajasthan,TRUE,16-01-25 00:00,FALSE,4792307270,ACTIVE,335.53
MCH3477,Mangal Comar And Krish,Retail & Groceries,5311,Proprietorship,Mumbai,Maharashtra,TRUE,30-03-25 09:40,FALSE,,ACTIVE,13897.21
MCH3481,Raja Brar And Nagar,Retail & Groceries,5411,Private Limited,New Delhi,Delhi,TRUE,13-03-23 00:00,TRUE,XXXX8620,ACTIVE,1791.83
MCH3483,Puri Sachdeva And Jhaveri,Food & Beverage,5812,Private Limited,Jaipur,Rajasthan,TRUE,15-08-25 00:00,TRUE,XXXX0583,INACTIVE,1128.9
MCH3484,Sidhu Llc,Misc Retail,5999,Individual,Ludhiana,Punjab,FALSE,,FALSE,,ACTIVE,876.31
MCH3487,Soni And Sons,Medical & Health,5912,Proprietorship,Lucknow,Uttar Pradesh,TRUE,16-05-23 03:23,TRUE,XXXX5287,ACTIVE,1671.71
MCH3488,Sarna Ramaswamy,Apparel & Fashion,5699,Private Limited,Kolkata,West Bengal,TRUE,10-12-25 17:02,TRUE,XXXX7182,ACTIVE,1118.6
MCH3489,Bahl Bhavsar,Travel & Transport,4131,Partnership / LLP,New Delhi,Delhi,FALSE,,TRUE,XXXX6898,ACTIVE,908.03
MCH3490,Sachdev Din,Retail & Groceries,5411,Individual,New Delhi,Delhi,TRUE,21-02-23 00:00,FALSE,VNMY8994386086089,SUSPENDED,570
MCH3491,Chawla Tella And Madan,Electronics & Tech,,Proprietorship,Lucknow,Uttar Pradesh,TRUE,23-05-25 00:00,FALSE,,ACTIVE,1044.7
MCH3497,Gokhale Parmer And Contractor,Travel & Transport,4121,Individual,Jalandhar,Punjab,TRUE,03-11-23 21:39,FALSE,,ACTIVE,403.24
MCH3498,Agate And Sons,Electronics & Tech,4814,Individual,Chennai,Tamil Nadu,FALSE,,FALSE,,ACTIVE,1499.04
MCH3499,Mand Munshi And Bali,Retail,5311,Proprietorship,Chennai,Tamil Nadu,TRUE,01-02-26 00:00,FALSE,,ACTIVE,1115.88
MCH3501,Chandran Tripathi,Miscellaneous,5999,Private Limited,Mumbai,Maharashtra,FALSE,,FALSE,1873775978,ACTIVE,1658.21
MCH3502,Bail Sawhney And Majumdar,Food & Beverage,5812,Individual,Hyd,Telangana,TRUE,05-02-24 16:37,FALSE,,ACTIVE,4792.39
MCH3504,Ram Dora And Bhatti,Books & Stationery,59420,Individual,Pune,Maharashtra,TRUE,08-05-25 00:00,FALSE,OOSJ0277155475198,ACTIVE,520.17
MCH3506,Peri Group,Medical & Health,7011,Individual,Bengaluru,Karnataka,FALSE,,FALSE,PINF7358781184682,ACTIVE,3808.09
MCH3507,Sundaram Shan And Subramanian,Hotel & Lodging,7011,Individual,Amritsar,Punjab,TRUE,28-01-23 00:00,FALSE,7115308153,ACTIVE,950.31
MCH3508,Prabhu And Sons,Travel & Transport,41310,Private Limited,New Delhi,Delhi,TRUE,26-07-24 00:00,FALSE,,ACTIVE,0.185
MCH3509,Tandon Thakur,Other,59990,Private Limited,Poona,Maharashtra,TRUE,27-03-24 19:41,FALSE,TBRS8526244076916,ACTIVE,253.7
MCH3510,Sankaran Inc,Apparel & Fashion,5699,Individual,Hyderabad,Telangana,TRUE,18-02-26 00:00,FALSE,9848495819,ACTIVE,0.2317
MCH3511,Konda Venkatesh And Jha,Retail & Groceries,5411,Individual,Lucknow,Uttar Pradesh,TRUE,28-06-25 00:00,FALSE,BGWP5416829581598,ACTIVE,1076.395
MCH3512,Bhatti Khosla And Chhabra,Phone Service,,Private Limited,Amritsar,Punjab,TRUE,04-05-23 23:36,FALSE,,ACTIVE,0.1112
MCH3513,Gade Raghavan And Ben,Books & Stationery,5942,Individual,Chennai,Tamil Nadu,TRUE,21-07-24 08:51,FALSE,EGJQ8131249829529,ACTIVE,1116.95
MCH3518,Borah And Sons,Travel & Transport,4131,Proprietorship,Mumbai,Maharashtra,TRUE,02-06-26 15:51,FALSE,GCBI5958315675126,ACTIVE,451.33
MCH3520,Kannan Bail And Sundaram,Apparel & Fashion,56990,Proprietorship,Ludhiana,Punjab,TRUE,16-09-24 08:13,TRUE,XXXX2156,ACTIVE,383.3
MCH3523,Khare Radhakrishnan And Gala,Food & Beverage,5812,Individual,Jaipur,Rajasthan,TRUE,04-12-25 00:00,FALSE,,ACTIVE,577.79
MCH3530,Dugar Plc,Apparel & Fashion,5699,Individual,Ludhiana,Punjab,TRUE,10-08-24 01:53,FALSE,,ACTIVE,1036.37
MCH3533,Tiwari Gulati,Hotel & Lodging,7011,Private Limited,Mumbai,Maharashtra,TRUE,07-10-25 00:00,FALSE,SWEX6777199199579,ACTIVE,709.41
MCH3535,Kaur Llc,Hotel & Lodging,7011,Individual,Ludhiana,Punjab,TRUE,22-04-23 12:53,TRUE,XXXX4614,ACTIVE,438.79
MCH3536,Chaudry Halder And Kota,Food & Beverage,5812,Partnership / LLP,Jaipur,Rajasthan,TRUE,05-11-23 00:00,FALSE,UYBS8259834217447,ACTIVE,3533.21
MCH3539,Korpal Nair And Chana,Apparel & Fashion,5699,Proprietorship,Mumbai,Maharashtra,TRUE,29-05-24 00:00,FALSE,QRQK3185986773369,INACTIVE,2681.05
MCH3541,Srivastava Tella And Konda,Electronics & Tech,4814,Private Limited,New Delhi,Delhi,TRUE,31-10-24 00:00,TRUE,XXXX6960,ACTIVE,2341.43
MCH3545,Chacko Oza And Jaggi,Hotel & Lodging,7011,Proprietorship,Hyd,Telangana,TRUE,30-09-23 00:00,FALSE,,ACTIVE,867.82
MCH3547,Ramanathan Dada,Food & Beverage,5812,Private Limited,Dilli,Delhi,TRUE,03-02-25 00:00,FALSE,,ACTIVE,5262.6
MCH3548,Bhakta Dhaliwal And Comar,Phone Service,4814,Individual,Jaipur,Rajasthan,FALSE,,FALSE,VZDR7391504338268,ACTIVE,1931.09
MCH3549,Khalsa And Sons,Food & Beverage,5812,Individual,Amritsar,Punjab,TRUE,01-07-25 00:00,FALSE,AXNC2296857054867,ACTIVE,1756.73
MCH3551,Chaudry Toor And Lala,Phone Service,4814,Proprietorship,Bengaluru,Karnataka,TRUE,15-12-23 17:19,FALSE,,ACTIVE,941.64
MCH3552,Morar Ahuja And Ravel,Books & Stationery,5942,Proprietorship,Pune,Maharashtra,TRUE,03-08-24 00:00,FALSE,4264827743,ACTIVE,0.8846
MCH3553,Bajwa Tata And Narula,Medical & Health,59120,Private Limited,Lucknow,Uttar Pradesh,TRUE,01-02-23 19:20,FALSE,7783034910,ACTIVE,1334.71
MCH3554,Chowdhury Mann And Mitter,Travel & Transport,4131,Individual,Jalandhar,Punjab,TRUE,27-04-25 19:48,TRUE,XXXX2146,ACTIVE,893.92
MCH3555,Chaudhari Dutta,Retail & Groceries,5311,Partnership / LLP,Calcutta,West Bengal,TRUE,31-03-23 00:00,FALSE,FYRB6292482908836,ACTIVE,712.21
MCH3556,Andra Nagar,Misc Retail,5999,Proprietorship,Pune,Maharashtra,TRUE,04-05-25 18:43,FALSE,,ACTIVE,1107.13
MCH3558,Bhattacharyya Mahal And Setty,Transprt,4131,Partnership / LLP,Jaipur,Rajasthan,TRUE,28-07-23 00:00,FALSE,7325110455,ACTIVE,4448.97
MCH3559,Chokshi Inc,Food & Beverage,58120,Private Limited,Bengaluru,Karnataka,TRUE,23-12-24 00:00,TRUE,XXXX5330,SUSPENDED,535.7
MCH3561,Kumar Llc,Food & Beverage,5812,Partnership / LLP,Chennai,Tamil Nadu,TRUE,18-10-25 00:00,FALSE,9204267445,ACTIVE,0.715
MCH3563,Shan Inc,Medical & Health,5912,Proprietorship,Bengaluru,Karnataka,TRUE,01-04-24 06:07,TRUE,XXXX8095,ACTIVE,335.55
MCH3564,Chadha Sarin,Food & Beverage,5812,Individual,Lucknow,Uttar Pradesh,TRUE,09-06-24 00:00,TRUE,XXXX4527,ACTIVE,506.02
MCH3567,Kala Ltd,Electronics & Tech,4814,Proprietorship,Amritsar,Punjab,TRUE,15-05-23 00:00,FALSE,120134197,ACTIVE,1794.62
MCH3568,Choudhury Trivedi And Bhatnagar,Retail & Groceries,5311,Private Limited,Ludhiana,Punjab,TRUE,04-10-25 00:00,TRUE,XXXX4927,ACTIVE,1208.3
MCH3569,Choudhury Prashad,Books & Stationery,5942,Proprietorship,Lucknow,Uttar Pradesh,TRUE,17-02-25 00:00,FALSE,,ACTIVE,0.1411
MCH3570,Sura Barman,Other,59990,Private Limited,Jalandhar,Punjab,TRUE,22-05-23 22:03,FALSE,5640847872,INACTIVE,0.1099
MCH3571,Aurora Kamdar And Vasa,Retail & Groceries,5411,Private Limited,Lucknow,Uttar Pradesh,TRUE,03-02-23 00:00,FALSE,,ACTIVE,583.65
MCH3572,Kohli Plc,Travel & Transport,4121,Proprietorship,New Delhi,Delhi,TRUE,20-11-25 00:00,TRUE,XXXX5864,ACTIVE,1042.66
MCH3574,Sodhi Shan,Travel & Transport,4131,Partnership / LLP,Poona,Maharashtra,TRUE,31-05-25 00:00,FALSE,YFPD1472473488670,ACTIVE,0.4407
MCH3577,Ratta Mane And Kapadia,Food & Beverage,58120,Individual,Amritsar,Punjab,FALSE,,TRUE,XXXX9384,ACTIVE,1820.36
MCH3578,Badal Gopal And Walla,Travel & Transport,4131,Individual,Amritsar,Punjab,TRUE,19-05-24 20:33,FALSE,CBPY2495238962575,ACTIVE,0.14795
MCH3581,Chadha Sankaran And Pau,Apparel & Fashion,5699,Partnership / LLP,Kolkata,West Bengal,TRUE,05-07-24 00:00,FALSE,,ACTIVE,1036.37
MCH3586,Ghose Ganesh And Edwin,Electronics & Tech,4814,Proprietorship,Kolkata,West Bengal,TRUE,15-09-23 06:20,FALSE,ZJVL8370026948243,INACTIVE,0.1437
MCH3587,Sagar Raval,Hotel & Lodging,7011,Partnership / LLP,Jalandhar,Punjab,TRUE,31-07-24 00:00,FALSE,,ACTIVE,1064.25
MCH3591,Panchal Balasubramanian And Dey,Books & Stationery,5942,Private Limited,Kolkata,West Bengal,TRUE,15-03-25 00:00,FALSE,9832386733,ACTIVE,2193.61
MCH3592,Sem Chandran And Dara,Other,5999,Proprietorship,Dilli,Delhi,TRUE,15-11-23 09:32,FALSE,8281028913,INACTIVE,1166.62
MCH3593,Kara Brarandapte,Phone Service,4814,Private Limited,Mumbai,Maharashtra,TRUE,04-12-23 15:44,FALSE,,ACTIVE,474.6
MCH3594,Om Tiwari,Travel & Transport,4121,Partnership / LLP,Poona,Maharashtra,TRUE,28-07-24 00:22,FALSE,VPIP7717372044916,ACTIVE,1023.26
MCH3595,Srivastava Merchant And Kota,Retail,5311,Private Limited,Ludhiana,Punjab,TRUE,01-03-25 13:32,FALSE,3018831600,INACTIVE,0.1153
MCH3596,Choudhry Ltd,Travel & Transport,41310,Private Limited,Lucknow,Uttar Pradesh,TRUE,11-11-24 00:00,FALSE,NDFD6315987877623,ACTIVE,311.69
MCH3598,Kapur Sahni,Phone Service,4814,Private Limited,Bangalore,Karnataka,TRUE,07-12-24 15:58,FALSE,759983753,ACTIVE,7252.05
MCH3600,Gole And Sons,Travel & Transport,4131,Proprietorship,New Delhi,Delhi,TRUE,09-10-23 00:00,FALSE,,SUSPENDED,1548.59
MCH3601,Deshpande Nigam,Travel & Transport,4131,Partnership / LLP,Bengaluru,Karnataka,TRUE,12-06-24 06:21,FALSE,7464108463,ACTIVE,2765.11
MCH3602,Panchal Karpe And Bhatti,Hotel & Lodging,7011,Partnership / LLP,Asr,Punjab,TRUE,29-08-23 00:00,FALSE,NJWF8221387776765,ACTIVE,754.95
MCH3604,Shetty Bali And Sama,Retail & Groceries,5411,Partnership / LLP,Ludhiana,Punjab,TRUE,04-01-23 01:07,FALSE,IQHJ3383226507557,ACTIVE,0.394
MCH3605,Bhasin Ltd,Travel & Transport,4131,Partnership / LLP,Ludhiana,Punjab,TRUE,15-11-23 00:00,FALSE,,ACTIVE,1858.98
MCH3607,Va1A D0Ra,Food & Beverage,5812,Individual,Ludhiana,Punjab,TRUE,09-11-24 00:00,FALSE,,ACTIVE,1953.09
MCH3608,Raj Sarin And Sibal,Electronics & Tech,4814,Partnership / LLP,Jaipur,Rajasthan,TRUE,08-12-24 00:00,TRUE,XXXX8045,INACTIVE,1956.65
MCH3610,Deo Krish And Lanka,Apparel & Fashion,5699,Private Limited,Chennai,Tamil Nadu,TRUE,07-01-25 11:18,FALSE,3505089399,ACTIVE,1036.37
MCH3611,Ratti Sunder And Kapoor,Travel & Transport,4131,Private Limited,Blr,Karnataka,FALSE,,TRUE,XXXX2260,ACTIVE,787.19
MCH3612,Kala Inc,Food & Beverage,5812,Proprietorship,Mumbai,Maharashtra,TRUE,17-08-25 02:43,FALSE,GCWT7054433892701,ACTIVE,0.577
MCH3613,Lad Chacko,Electronics & Tech,4814,Private Limited,Jaipur,Rajasthan,TRUE,02-04-25 00:00,TRUE,XXXX9897,ACTIVE,466.16
MCH3614,Morar Sundaram,Food & Beverage,5812,Individual,Mumbai,Maharashtra,TRUE,09-08-23 00:00,TRUE,XXXX5060,ACTIVE,1484.85
MCH3616,Trivedi Ramachandran,Retail & Groceries,5411,Partnership / LLP,Jalandhar,Punjab,TRUE,02-07-25 00:00,TRUE,XXXX1853,INACTIVE,181.96
MCH3618,Narang Atwal And Merchant,Medical & Health,,Proprietorship,Mumbai,Maharashtra,TRUE,25-07-23 00:00,FALSE,LZII0053942814377,ACTIVE,1728.22
MCH3619,Mody Sami And Batta,Retail Other,5999,Proprietorship,Kolkata,West Bengal,TRUE,27-01-26 07:14,FALSE,7469875023,ACTIVE,3456.23
MCH3625,Singhal Ltd,Food & Beverage,5812,Proprietorship,Mumbai,Maharashtra,TRUE,28-10-25 12:02,TRUE,XXXX0908,ACTIVE,10079.36
MCH3627,Chandra Venkataraman And Palla,Medical & Health,5912,Proprietorship,Jaipur,Rajasthan,TRUE,10-09-25 00:00,FALSE,1981451941,ACTIVE,379.66
MCH3628,Mitra Ltd,Apparel & Fashion,5699,Proprietorship,New Delhi,Delhi,TRUE,05-08-23 00:00,FALSE,,ACTIVE,3214.64
MCH3630,Chacko Ltd,Food & Beverage,5812,Partnership / LLP,Mumbai,Maharashtra,TRUE,11-06-23 00:00,FALSE,,ACTIVE,2433.39
MCH3637,Lalla Deep And Sama,Apparel & Fashion,5699,Individual,Poona,Maharashtra,TRUE,27-05-23 00:00,FALSE,GKWZ9818461335290,ACTIVE,560.03
MCH3640,Parikh Raghavan,Hotel & Lodging,70110,Proprietorship,Hyderabad,Telangana,TRUE,04-11-23 22:07,FALSE,58678829,ACTIVE,400.1
MCH3641,Khurana Barman And Suresh,Apparel & Fashion,5699,Individual,New Delhi,Delhi,TRUE,08-06-25 08:41,TRUE,XXXX0826,ACTIVE,2224.44
MCH3642,Prabhu Pai,Retail & Groceries,5411,Proprietorship,Calcutta,West Bengal,TRUE,24-11-25 00:00,FALSE,,ACTIVE,3223.63
MCH3649,Jain Sama And Sarma,Miscellaneous,5999,Partnership / LLP,Mumbai,Maharashtra,TRUE,06-08-25 21:51,TRUE,XXXX8840,ACTIVE,671.85
MCH3652,Varghese Plc,Other,,Partnership / LLP,Ludhiana,Punjab,FALSE,,FALSE,,ACTIVE,0.2254
MCH3654,Ganesan Ltd,Food & Beverage,5812,Proprietorship,Jalandhar,Punjab,TRUE,11-02-24 00:00,TRUE,XXXX6762,ACTIVE,286.1
MCH3655,Batra Llc,Medical & Health,5912,Proprietorship,Poona,Maharashtra,TRUE,17-08-24 00:00,FALSE,,ACTIVE,528.59
MCH3656,Sani Rajagopalan And Sachar,Retail & Groceries,5411,Individual,Chennai,Tamil Nadu,TRUE,26-11-24 00:00,FALSE,EFFS9159320721097,ACTIVE,901.19
MCH3659,Rege Raja,Books & Stationery,5942,Individual,Amritsar,Punjab,TRUE,27-12-24 00:00,TRUE,XXXX6878,ACTIVE,2311.5
MCH3661,Deshmukh Patla And Goel,Travel & Transport,41310,Individual,Ludhiana,Punjab,TRUE,17-11-23 00:00,TRUE,XXXX0412,SUSPENDED,0.1439
MCH3662,Mand Walia And Bhalla,Retail & Groceries,5411,Private Limited,Chennai,Tamil Nadu,TRUE,04-08-23 17:49,FALSE,KFML5342009384721,ACTIVE,677.63
MCH3663,Saini Gaba,Apparel & Fashion,5699,Proprietorship,Jaipur,Rajasthan,TRUE,03-02-25 00:00,FALSE,,ACTIVE,377.05
MCH3666,Gera Ranganathan,Travel & Transport,4131,Partnership / LLP,Jaipur,Rajasthan,TRUE,12-04-23 00:00,FALSE,,ACTIVE,243.55
MCH3668,Pandey Uppal,Travel & Transport,4131,Proprietorship,Pune,Maharashtra,TRUE,03-09-24 18:09,TRUE,XXXX9816,ACTIVE,795.26
MCH3669,Dutta Banerjee And Saini,Misc Retail,5999,Private Limited,Lucknow,Uttar Pradesh,TRUE,03-09-24 00:00,FALSE,9041253658,ACTIVE,2883.4
MCH3671,Vala Dhar And Wason,Medical & Health,5912,Individual,Chennai,Tamil Nadu,FALSE,,FALSE,,ACTIVE,0.2167
MCH3672,Ray Radhakrishnan And Parmar,Hotel & Lodging,7011,Private Limited,Lucknow,Uttar Pradesh,TRUE,30-11-24 20:09,FALSE,GKAL4059180951446,ACTIVE,801.35
MCH3674,Wason And Sons,Food & Beverage,5812,Individual,New Delhi,Delhi,TRUE,19-07-25 21:11,FALSE,6823891084,ACTIVE,582.77
MCH3675,Grewal And Sons,Phone Service,4814,Private Limited,Pune,Maharashtra,TRUE,19-10-25 00:00,FALSE,YCGE0713459513460,INACTIVE,263.38
MCH3677,Toor And Sons,Medical & Health,5912,Proprietorship,Amritsar,Punjab,TRUE,03-03-25 06:28,TRUE,XXXX6857,ACTIVE,4703.03
MCH3678,Ramanathan Oza And Aggarwal,Apparel & Fashion,56990,Partnership / LLP,Jalandhar,Punjab,TRUE,04-03-23 10:00,FALSE,9191196267,ACTIVE,1617.86
MCH3679,Kumer Llc,Electronics & Tech,4814,Private Limited,Hyd,Telangana,TRUE,15-12-25 00:00,FALSE,1741377762,ACTIVE,587.47
MCH3680,Pradhan Ltd,Travel & Transport,4131,Private Limited,Hyderabad,Telangana,TRUE,22-11-25 00:00,FALSE,HAKD1990878179577,ACTIVE,519.26
MCH3682,Upadhyay Soni And Dhawan,Transprt,4131,Proprietorship,Chennai,Tamil Nadu,TRUE,16-09-25 00:00,TRUE,XXXX0969,ACTIVE,3236.27
MCH3683,Mander Group,Retail & Groceries,5411,Individual,Mumbai,Maharashtra,TRUE,10-09-23 00:00,FALSE,3019047562,ACTIVE,4247.99
MCH3684,Chahal Reddy,Retail & Groceries,,Partnership / LLP,New Delhi,Delhi,FALSE,,FALSE,,ACTIVE,629.48
MCH3686,Prasad Inc,Food & Beverage,5812,Proprietorship,Mumbai,Maharashtra,TRUE,09-04-24 03:46,FALSE,GHWB3739951927219,ACTIVE,1179.14
MCH3688,Nayak Brar And Sahni,Electronics & Tech,4814,Individual,Chennai,Tamil Nadu,TRUE,20-08-25 00:00,FALSE,,SUSPENDED,2787.88
MCH3689,Palla Gara And Malhotra,Books & Stationery,5942,Partnership / LLP,Bengaluru,Karnataka,TRUE,04-02-25 00:00,FALSE,JSVI9099789537273,INACTIVE,1319.27
MCH3690,Aurora Inc,Travel & Transport,4131,Partnership / LLP,Blr,Karnataka,TRUE,26-04-25 00:00,TRUE,XXXX3060,ACTIVE,915.55
MCH3693,Rajagopal Savant And Ganesan,Electronics & Tech,4814,Individual,Jalandhar,Punjab,TRUE,26-02-25 00:00,TRUE,XXXX6831,ACTIVE,893.17
MCH3694,Date Naidu And Raja,Medical & Health,5912,Partnership / LLP,Jalandhar,Punjab,TRUE,22-11-24 04:13,FALSE,GPTO7610757270352,ACTIVE,4933.54
MCH3696,Pandya Maharaj And Sundaram,Books & Stationery,59420,Individual,Poona,Maharashtra,TRUE,08-07-25 00:00,FALSE,,SUSPENDED,416.04
MCH3697,Cherian Llc,Hotel & Lodging,7011,Individual,Chennai,Tamil Nadu,TRUE,11-04-23 13:30,FALSE,,ACTIVE,2525.65
MCH3698,Prashad Viswanathan And Sama,Retail,5311,Partnership / LLP,Amritsar,Punjab,TRUE,09-02-26 00:00,FALSE,,ACTIVE,0.514
MCH3699,Lal Ltd,Other,5999,Private Limited,Jaipur,Rajasthan,TRUE,25-06-23 06:53,FALSE,MSXL7767787846316,ACTIVE,479.97
MCH3700,Sinha Purohit And Shetty,Medical & Health,5912,Individual,Bengaluru,Karnataka,TRUE,04-01-25 00:00,FALSE,2727095091,INACTIVE,1238.03
MCH3701,Mand Bhat,Retail Other,5999,Proprietorship,Lucknow,Uttar Pradesh,TRUE,07-05-24 00:00,FALSE,3078444164,INACTIVE,231.29
MCH3703,Khatri Shuk1A,Food & Beverage,5812,Private Limited,Jalandhar,Punjab,FALSE,,FALSE,,SUSPENDED,3523.05
MCH3705,Prakash Korpal And Narasimhan,Food & Beverage,5812,Proprietorship,Jaipur,Rajasthan,TRUE,10-11-25 00:00,FALSE,,ACTIVE,753.96
MCH3712,Narain Vaidya,Hotel & Lodging,7011,Individual,Hyderabad,Telangana,TRUE,07-05-25 00:23,FALSE,PUJI3728932216325,ACTIVE,0.333
MCH3715,Bansal Inc,Books & Stationery,5942,Individual,Lucknow,Uttar Pradesh,TRUE,27-11-24 00:00,FALSE,,SUSPENDED,2025.81
MCH3718,S0M Barman And Bhavsar,Retail & Groceries,5411,Proprietorship,Pune,Maharashtra,FALSE,,FALSE,2345441898,ACTIVE,312.19
MCH3720,Bedi Sanghvi And Balakrishnan,Retail & Groceries,5411,Individual,New Delhi,Delhi,TRUE,14-04-24 08:30,FALSE,ECCR6940813795514,ACTIVE,0.61
MCH3722,Jhaveri Ltd,Medical & Health,5912,Private Limited,Ludhiana,Punjab,TRUE,29-06-24 00:00,FALSE,6603889131,ACTIVE,0.4309
MCH3723,Wagle Dugar,Retail & Groceries,5411,Individual,Bengaluru,Karnataka,TRUE,31-05-23 00:00,FALSE,970612973,ACTIVE,1906.51
MCH3725,Balan Inc,Medical & Health,5912,Proprietorship,Calcutta,West Bengal,TRUE,10-04-24 18:42,TRUE,XXXX4682,ACTIVE,2579.6
MCH3726,Varughese Plc,Phone Service,4814,Individual,Lucknow,Uttar Pradesh,TRUE,13-11-24 08:40,FALSE,,ACTIVE,3572.06
MCH3732,Bhat Sarin And Wag1E,Hotel & Lodging,7011,Proprietorship,Lucknow,Uttar Pradesh,TRUE,23-06-25 19:32,FALSE,,ACTIVE,0.604
MCH3733,Ramakrishnan Chaudhuri,Hotel & Lodging,7011,Proprietorship,Amritsar,Punjab,TRUE,15-03-25 00:00,FALSE,,ACTIVE,1213.25
MCH3736,Morar Roy And Bali,Retail & Groceries,5411,Private Limited,Ludhiana,Punjab,TRUE,18-05-23 00:00,FALSE,1010746003,ACTIVE,1684.27
MCH3737,Raval Kurian,Food & Beverage,5812,Individual,Bombay,Maharashtra,TRUE,23-01-26 00:00,FALSE,,ACTIVE,352.99
MCH3739,Murty Ltd,Retail & Groceries,5311,Private Limited,Chennai,Tamil Nadu,TRUE,15-09-25 00:00,TRUE,XXXX2052,ACTIVE,571.15
MCH3742,Mall Sarma And Merchant,Miscellaneous,5999,Partnership / LLP,Jalandhar,Punjab,TRUE,19-06-25 08:34,FALSE,,ACTIVE,330.87
MCH3743,Doctor Ltd,Medical & Health,5912,Proprietorship,Hyd,Telangana,TRUE,16-01-23 20:06,FALSE,BRVO9557812490695,ACTIVE,12417.3
MCH3748,Bedi Cherian,Retail,5311,Individual,Mumbai,Maharashtra,TRUE,19-03-25 00:00,TRUE,XXXX2002,SUSPENDED,1343.58
MCH3753,Vohra Din,Apparel & Fashion,5699,Private Limited,Calcutta,West Bengal,TRUE,30-03-25 00:00,FALSE,8109513390,ACTIVE,754.9
MCH3754,Dugal Chawla,Food & Beverage,5812,Partnership / LLP,Calcutta,West Bengal,TRUE,18-01-25 00:00,FALSE,MIWY6996336112119,ACTIVE,581.93
MCH3755,Hayer And Sons,Food & Beverage,5812,Private Limited,Poona,Maharashtra,TRUE,02-08-25 17:59,FALSE,1710186455,ACTIVE,1098.64
MCH3757,Chokshi Plc,Electronics & Tech,4814,Private Limited,Jaipur,Rajasthan,TRUE,23-10-25 10:04,FALSE,KUIQ2748561079701,ACTIVE,2492.69
MCH3758,Dube Ltd,Misc Retail,5999,Proprietorship,New Delhi,Delhi,TRUE,10-09-23 22:18,FALSE,7052831071,ACTIVE,1607.42
MCH3760,Das Ahuja,Food & Beverage,5812,Proprietorship,Lucknow,Uttar Pradesh,TRUE,13-01-23 00:00,FALSE,QOFI2681256583657,ACTIVE,755
MCH3761,Bal Mittalandprabhakar,Other,5999,Private Limited,Poona,Maharashtra,TRUE,11-06-25 00:00,FALSE,,ACTIVE,6900.33
MCH3764,Tandon And Sons,Medical & Health,5912,Partnership / LLP,Mumbai,Maharashtra,TRUE,30-12-25 00:00,FALSE,,ACTIVE,0.3428
MCH3765,Mohanty Llc,Retail & Groceries,5311,Partnership / LLP,Hyderabad,Telangana,TRUE,20-06-23 05:11,FALSE,770998127,ACTIVE,1911.75
MCH3771,Bumb Inc,Retail Other,5999,Partnership / LLP,Lucknow,Uttar Pradesh,TRUE,06-11-24 00:00,FALSE,,ACTIVE,2602.75
MCH3776,Kapadia Sathe And Shenoy,Retail & Groceries,5311,Partnership / LLP,New Delhi,Delhi,FALSE,,FALSE,2896927884,ACTIVE,1854.99
MCH3778,Bhagat Sama And Murthy,Phone Service,,Individual,Amritsar,Punjab,TRUE,18-01-26 00:00,FALSE,ETOX8271252256292,INACTIVE,2790.66
MCH3779,Aggarwal Hans,Retail & Groceries,5311,Private Limited,Calcutta,West Bengal,TRUE,04-12-24 08:30,FALSE,VKLU5024337304270,ACTIVE,1502.01
MCH3780,Hegde Group,Retail & Groceries,5311,Private Limited,Lucknow,Uttar Pradesh,TRUE,27-02-26 20:38,TRUE,XXXX3079,SUSPENDED,315.62
MCH3786,Ratta Bhasin,Misc Retail,5999,Partnership / LLP,Bengaluru,Karnataka,TRUE,22-08-23 00:00,FALSE,,ACTIVE,1037.97
MCH3787,Boase Mand And Khatri,Retail & Groceries,5411,Partnership / LLP,Pune,Maharashtra,TRUE,21-03-25 00:49,FALSE,4292433603,ACTIVE,1436.68
MCH3788,Bhargava And Sons,Travel & Transport,4131,Partnership / LLP,Bengaluru,Karnataka,TRUE,18-12-25 00:00,FALSE,SFPS7075877461991,ACTIVE,2495.65
MCH3793,Sankar Parsa And Shere,Medical & Health,7011,Proprietorship,Ludhiana,Punjab,TRUE,30-03-25 00:00,FALSE,3431564371,ACTIVE,6906.85
MCH3795,Sinha Ramesh,Electronics & Tech,4814,Partnership / LLP,Hyderabad,Telangana,TRUE,19-06-24 00:00,TRUE,XXXX9092,ACTIVE,1083.1
MCH3796,Mani Saha,Food & Beverage,5812,Individual,Chennai,Tamil Nadu,TRUE,06-08-23 00:00,FALSE,GQAE5409560780073,ACTIVE,860.72
MCH3797,Dhaliwal Parekh And Dey,Hotel & Lodging,7011,Partnership / LLP,Jalandhar,Punjab,TRUE,02-11-24 00:00,TRUE,XXXX1096,SUSPENDED,926.71
MCH3801,Arya Sachar And Khanna,Medical & Health,5912,Partnership / LLP,Blr,Karnataka,TRUE,03-01-24 13:59,TRUE,XXXX2457,SUSPENDED,639.86
MCH3803,Tara Wali And Sachdev,Books & Stationery,5942,Individual,Lucknow,Uttar Pradesh,TRUE,14-10-25 23:06,FALSE,,ACTIVE,2461.72
MCH3804,Pingle Choudhry And Sastry,Books & Stationery,5942,Proprietorship,New Delhi,Delhi,TRUE,13-10-25 00:00,FALSE,,ACTIVE,729.5
MCH3805,Issac Munshi,Misc Retail,5999,Private Limited,Bengaluru,Karnataka,TRUE,19-02-23 00:00,FALSE,2364539164,ACTIVE,0.7651
MCH3806,Parmerllc,Retail & Groceries,5411,Proprietorship,Jaipur,Rajasthan,TRUE,04-11-24 00:00,FALSE,6810844450,ACTIVE,0.1939
MCH3810,Mallick Lall,Retail & Groceries,5411,Private Limited,Lucknow,Uttar Pradesh,TRUE,12-07-25 00:00,TRUE,XXXX7137,SUSPENDED,630.92
MCH3811,Bhat Anand And Bakshi,Hotel & Lodging,7011,Individual,Bengaluru,Karnataka,FALSE,,FALSE,4680162216,ACTIVE,563.14
MCH3817,Subramanian Group,Retail & Groceries,5311,Proprietorship,Ludhiana,Punjab,FALSE,,TRUE,XXXX6376,ACTIVE,3916.72
MCH3818,Gopal Khalsa,Electronics & Tech,4814,Partnership / LLP,Asr,Punjab,FALSE,,FALSE,,ACTIVE,200.35
MCH3819,Butala Patla,Misc Retail,5999,Individual,New Delhi,Delhi,TRUE,08-04-23 00:00,TRUE,XXXX5729,ACTIVE,2466.12
MCH3820,Behl Llc,Retail & Groceries,5311,Partnership / LLP,Jalandhar,Punjab,TRUE,30-05-23 00:00,FALSE,8600214749,INACTIVE,983.06
MCH3822,Anne And Sons,Retail & Groceries,5411,Private Limited,Amritsar,Punjab,TRUE,21-01-26 20:10,FALSE,,ACTIVE,2115.91
MCH3824,Chand Sarna,Food & Beverage,5812,Proprietorship,Calcutta,West Bengal,TRUE,24-08-25 00:00,FALSE,,ACTIVE,733.85
MCH3829,Seshadri Bansal And Ahluwalia,Retail & Groceries,5311,Proprietorship,Pune,Maharashtra,TRUE,20-09-24 00:00,FALSE,8781513092,ACTIVE,0.1296
MCH3835,Pillai Ratti And Chaudhuri,Electronics & Tech,4814,Partnership / LLP,Ludhiana,Punjab,TRUE,15-01-23 10:05,FALSE,4590776710,ACTIVE,6901.65
MCH3837,Char Naik And Sachdev,Other,5999,Private Limited,New Delhi,Delhi,TRUE,25-01-26 00:00,TRUE,XXXX8517,ACTIVE,0.5233
MCH3841,Sandhu Khosla And Guha,Miscellaneous,5999,Partnership / LLP,Bangalore,Karnataka,TRUE,16-09-24 00:00,FALSE,7616513593,INACTIVE,2207.18
MCH3842,Rao Rajagopal And Ratti,Travel & Transport,4131,Private Limited,Jaipur,Rajasthan,TRUE,27-01-24 00:00,FALSE,,ACTIVE,444.1
MCH3845,Hora Bath,Transprt,4131,Individual,Bengaluru,Karnataka,TRUE,16-08-24 14:46,FALSE,8760940800,ACTIVE,2098.39
MCH3846,Khanna Badal,Retail,5311,Private Limited,New Delhi,Delhi,TRUE,18-04-25 21:01,FALSE,9124984839,ACTIVE,3521.78
MCH3847,Nair Plc,Retail,5311,Proprietorship,Poona,Maharashtra,FALSE,,FALSE,,ACTIVE,660.47
MCH3849,Das Ratta,Phone Service,48140,Individual,Chennai,Tamil Nadu,TRUE,13-06-24 00:11,FALSE,MLDH2446114366761,ACTIVE,0.4368
MCH3853,Bhat Dutt,Retail & Groceries,5411,Proprietorship,Hyderabad,Telangana,TRUE,05-03-23 00:00,FALSE,,ACTIVE,1076.395
MCH3854,Was0N Chauhan And Gh0Se,Food & Beverage,5812,Private Limited,Hyderabad,Telangana,TRUE,01-09-25 00:00,FALSE,FZNK7723155067265,ACTIVE,0.528
MCH3856,Sankaran Anne And Buch,Food & Beverage,5812,Individual,Kolkata,West Bengal,TRUE,06-05-25 17:56,TRUE,XXXX0835,ACTIVE,0.454
MCH3859,Mall Bassi And Seshadri,Retail & Groceries,5411,Partnership / LLP,Mumbai,Maharashtra,FALSE,,FALSE,,ACTIVE,0.61
MCH3860,Sama Group,Apparel & Fashion,5699,Proprietorship,Chennai,Tamil Nadu,TRUE,03-10-23 00:00,FALSE,,ACTIVE,448.66
MCH3869,Hegde Ltd,Retail & Groceries,5411,Partnership / LLP,Pune,Maharashtra,TRUE,28-01-26 22:35,FALSE,,ACTIVE,342.59
MCH3872,Krish Group,Apparel & Fashion,5699,Partnership / LLP,Asr,Punjab,TRUE,14-03-24 00:00,FALSE,,ACTIVE,3660.6
MCH3873,Dugal Thakur And Puri,Hotel & Lodging,7011,Private Limited,Jalandhar,Punjab,TRUE,07-02-23 00:00,FALSE,,ACTIVE,1499.22
MCH3874,Dora Deshpandeandseth,Phone Service,,Private Limited,Jalandhar,Punjab,TRUE,18-05-24 00:12,TRUE,XXXX2093,ACTIVE,1119.69
MCH3875,Natt Ltd,Food & Beverage,5812,Private Limited,Jalandhar,Punjab,TRUE,04-07-25 00:00,FALSE,,ACTIVE,4372.03
MCH3880,Sankaran M0Dy,Travel & Transport,4131,Proprietorship,Hyderabad,Telangana,TRUE,26-02-26 18:34,TRUE,XXXX4851,ACTIVE,794.44
MCH3882,Kannan Plc,Medical & Health,5912,Individual,Poona,Maharashtra,TRUE,06-08-24 00:00,FALSE,4780136395,ACTIVE,1470.9
MCH3883,Vohra And Sons,Hotel & Lodging,7011,Individual,Mumbai,Maharashtra,TRUE,17-11-23 00:00,FALSE,1962011949,ACTIVE,2320.22
MCH3885,Thakur Inc,Transprt,4131,Private Limited,Chennai,Tamil Nadu,FALSE,,FALSE,8680968188,ACTIVE,618.81
MCH3886,Gandhi Inc,Food & Beverage,5812,Proprietorship,Kolkata,West Bengal,TRUE,18-12-25 00:00,TRUE,XXXX0009,ACTIVE,3831
MCH3887,Pa11A Sah0Ta,Hotel & Lodging,7011,Partnership / LLP,Calcutta,West Bengal,TRUE,19-11-25 10:50,FALSE,EUVX7549332799238,ACTIVE,1596.95
MCH3888,Gandhi Cherian And Chhabra,Phone Service,4814,Partnership / LLP,Hyderabad,Telangana,TRUE,27-02-25 00:00,FALSE,8744798624,ACTIVE,1400.8
MCH3889,Bhagat Sarna,Hotel & Lodging,7011,Proprietorship,Kolkata,West Bengal,TRUE,21-06-24 09:31,TRUE,XXXX2885,ACTIVE,2088.06
MCH3890,Tata Bal,Medical & Health,,Individual,Poona,Maharashtra,TRUE,22-02-26 00:00,FALSE,,ACTIVE,0.668
MCH3893,Dhingra Chaudhuri,Medical & Health,5912,Proprietorship,Chennai,Tamil Nadu,TRUE,03-08-25 00:00,TRUE,XXXX2466,ACTIVE,2445.5
MCH3895,Wable Sarna,Hotel & Lodging,7011,Private Limited,Jaipur,Rajasthan,TRUE,20-06-24 00:00,FALSE,,INACTIVE,797.39
MCH3896,Bansal Thakkar And Dar,Books & Stationery,5942,Proprietorship,Bangalore,Karnataka,TRUE,20-04-23 00:00,FALSE,HRLW3110428710394,ACTIVE,975.635
MCH3898,Wadhwa Sahni,Apparel & Fashion,5699,Private Limited,Ludhiana,Punjab,TRUE,05-08-25 00:00,FALSE,,ACTIVE,1036.37
MCH3899,Goswami Bath,Travel & Transport,4131,Proprietorship,Hyderabad,Telangana,TRUE,14-01-23 00:00,FALSE,,ACTIVE,1271.48
MCH3900,Mand Bedi,Food & Beverage,5812,Private Limited,Kolkata,West Bengal,TRUE,20-02-25 00:00,TRUE,XXXX1674,ACTIVE,1036.74
MCH3903,Khare Balasubramanian And Mital,Books & Stationery,5942,Proprietorship,Jaipur,Rajasthan,TRUE,25-08-24 14:04,FALSE,7400031518,ACTIVE,3531.21
MCH3907,Goswami Chaudhary And Nanda,Phone Service,4814,Individual,Ludhiana,Punjab,TRUE,13-06-25 00:00,FALSE,,ACTIVE,552.22
MCH3908,Kanda Llc,Retail Other,5999,Proprietorship,Pune,Maharashtra,TRUE,05-07-24 00:00,FALSE,2653904246,ACTIVE,7690.26
MCH3911,Majumdar Sane And Raval,Food & Beverage,58120,Proprietorship,Poona,Maharashtra,TRUE,05-09-25 21:26,FALSE,2993218520,SUSPENDED,2093.32
MCH3913,Tank Pathak,Retail & Groceries,53110,Individual,Jalandhar,Punjab,FALSE,,FALSE,,ACTIVE,2215.86
MCH3916,Parmer Chakrabarti And Sibal,Travel & Transport,4131,Individual,Jaipur,Rajasthan,TRUE,03-01-25 00:00,TRUE,XXXX6443,ACTIVE,0.794
MCH3917,Chowdhury Pandit,Apparel & Fashion,,Private Limited,Hyd,Telangana,TRUE,02-04-23 00:00,TRUE,XXXX2174,ACTIVE,445.99
MCH3920,Sharmallc,Books & Stationery,,Private Limited,Lucknow,Uttar Pradesh,TRUE,23-06-24 21:51,FALSE,1753085069,SUSPENDED,1885.7
MCH3925,Buch Zachariah,Other,5999,Partnership / LLP,Amritsar,Punjab,TRUE,03-01-25 20:26,FALSE,BUKN1515786567969,ACTIVE,2071.12
MCH3926,Master Sarin,Misc Retail,5999,Individual,Hyderabad,Telangana,TRUE,05-08-25 00:00,FALSE,,ACTIVE,1913.5
MCH3927,Basak Shukla,Electronics & Tech,4814,Private Limited,Jalandhar,Punjab,TRUE,18-03-23 00:00,FALSE,KBJY1537538735375,INACTIVE,980.64
MCH3930,Kashyap Rastogi,Apparel & Fashion,5699,Individual,Lucknow,Uttar Pradesh,FALSE,,TRUE,XXXX4709,ACTIVE,510.04
MCH3935,Majumdar Aggarwal,Retail & Groceries,5311,Private Limited,New Delhi,Delhi,TRUE,07-07-24 10:50,FALSE,5282295543,ACTIVE,3614.23
MCH3936,Bath Inc,Retail & Groceries,5411,Individual,Lucknow,Uttar Pradesh,TRUE,13-06-23 00:00,FALSE,,ACTIVE,879.38
MCH3938,Acharya Group,Hotel & Lodging,7011,Proprietorship,Kolkata,West Bengal,TRUE,17-10-24 00:00,FALSE,,ACTIVE,2349.37
MCH3940,Chad Dara,Retail & Groceries,5411,Partnership / LLP,Chennai,Tamil Nadu,TRUE,11-09-24 00:00,TRUE,XXXX0176,ACTIVE,3610.64
MCH3941,Bassi Deshmukh,Electronics & Tech,4814,Individual,Amritsar,Punjab,TRUE,25-10-25 00:00,FALSE,,ACTIVE,979.98
MCH3945,Mukhopadhyay Raghavan,Transprt,41310,Proprietorship,Bombay,Maharashtra,TRUE,05-03-23 00:00,TRUE,XXXX6774,ACTIVE,942.71
MCH3946,Dhar Buch,Food & Beverage,5812,Partnership / LLP,New Delhi,Delhi,TRUE,02-07-25 06:28,FALSE,YGDI8437831559376,ACTIVE,1451.62
MCH3953,Ray Minhas And Yohannan,Retail & Groceries,5411,Proprietorship,Kolkata,West Bengal,TRUE,18-03-23 00:00,TRUE,XXXX6303,ACTIVE,8126.93
MCH3955,Swamy Dhingra And Sheth,Retail & Groceries,53110,Individual,Chennai,Tamil Nadu,TRUE,25-11-24 00:00,FALSE,,SUSPENDED,0.508
MCH3956,Kota Ltd,Retail & Groceries,5311,Private Limited,Hyderabad,Telangana,TRUE,14-11-23 00:00,FALSE,,ACTIVE,656.81
MCH3959,Kant Goel And Pradhan,Miscellaneous,5999,Individual,Hyd,Telangana,TRUE,19-03-25 00:00,TRUE,XXXX9762,ACTIVE,1214.73
MCH3964,Bala Chanda And Loyal,Books & Stationery,5942,Partnership / LLP,Jaipur,Rajasthan,TRUE,05-09-23 00:00,FALSE,CFOS0283411374388,ACTIVE,2002.33
MCH3966,Nath Dixit,Retail & Groceries,5411,Partnership / LLP,Pune,Maharashtra,TRUE,21-08-23 00:00,TRUE,XXXX2614,ACTIVE,1005.47
MCH3968,Peri Sane And Mohanty,Food & Beverage,5812,Individual,Mumbai,Maharashtra,TRUE,06-10-24 04:21,FALSE,,ACTIVE,1174.15
MCH3970,Chawla Sami And Mani,Books & Stationery,5942,Proprietorship,Poona,Maharashtra,TRUE,25-04-23 00:00,TRUE,XXXX3871,ACTIVE,2506.67
MCH3971,Sura Plc,Hotel & Lodging,7011,Individual,Dilli,Delhi,TRUE,17-04-24 13:25,FALSE,,ACTIVE,748.82
MCH3974,Mishra Baral And Char,Books & Stationery,5942,Proprietorship,Chennai,Tamil Nadu,TRUE,22-02-26 00:00,TRUE,XXXX0042,SUSPENDED,2017.65
MCH3980,Chadha Raval,Apparel & Fashion,5699,Partnership / LLP,Bengaluru,Karnataka,TRUE,14-04-23 00:00,TRUE,XXXX9643,ACTIVE,1323.06
MCH3983,Magar Tara And Gera,Medical & Health,5912,Proprietorship,Amritsar,Punjab,TRUE,15-12-24 02:44,TRUE,XXXX1963,ACTIVE,0.511
MCH3984,Wadhwa Sunder And Bobal,Hotel & Lodging,7011,Private Limited,Chennai,Tamil Nadu,TRUE,08-10-23 16:06,FALSE,QUQR5120846966545,ACTIVE,1305.55
MCH3987,Dubey Aggarwa1 And Mangat,Books & Stationery,5942,Individual,Hyderabad,Telangana,TRUE,20-04-24 00:00,FALSE,OTRE9764440633575,ACTIVE,474.5
MCH3988,Barad Bawa,Hotel & Lodging,7011,Individual,Amritsar,Punjab,TRUE,20-11-23 00:00,TRUE,XXXX1285,ACTIVE,602.31
MCH3989,Madan Llc,Retail & Groceries,5411,Partnership / LLP,Jaipur,Rajasthan,TRUE,18-09-23 07:54,FALSE,9575202686,ACTIVE,238.33
MCH3990,Dey Chaudhari,Medical & Health,5912,Individual,Chennai,Tamil Nadu,TRUE,14-03-25 00:00,FALSE,IPYG2797181414167,ACTIVE,1780.37
MCH3993,Vaidya Ltd,Other,5999,Partnership / LLP,Chennai,Tamil Nadu,TRUE,23-12-23 03:28,FALSE,YBKO6037061844125,ACTIVE,372.73
MCH3997,Bhatia Inc,Phone Service,4814,Partnership / LLP,Calcutta,West Bengal,TRUE,19-01-25 14:57,TRUE,XXXX8184,ACTIVE,702.23
MCH3998,Krish Tak And Peri,Electronics & Tech,4814,Partnership / LLP,Ludhiana,Punjab,TRUE,16-08-23 00:00,FALSE,,ACTIVE,1019.25
MCH4000,Dewan Sunder And Bhakta,Retail & Groceries,5411,Private Limited,Calcutta,West Bengal,TRUE,25-06-23 20:40,FALSE,KUHA3646516215943,ACTIVE,3205.97
MCH4002,Bora Kant And Chauhan,Retail & Groceries,54110,Individual,Bengaluru,Karnataka,TRUE,16-06-23 12:46,FALSE,7171127147,ACTIVE,1076.395
MCH4006,Thakur Narayan,Retail & Groceries,5411,Private Limited,Amritsar,Punjab,TRUE,23-06-24 00:00,FALSE,693723278,INACTIVE,282.17
MCH4008,Deep Rajagopal And Tandon,Phone Service,,Private Limited,Hyd,Telangana,TRUE,02-06-24 00:03,FALSE,,ACTIVE,0.1196
MCH4009,Batra Inc,Medical & Health,5912,Individual,Bengaluru,Karnataka,TRUE,01-02-23 00:00,TRUE,XXXX5230,ACTIVE,0.1109
MCH4010,Barad Mukherjee And Joshi,Retail & Groceries,5411,Proprietorship,Asr,Punjab,TRUE,28-01-24 00:00,FALSE,,ACTIVE,992.35
MCH4021,Balakrishnan Mistry And Vig,Medical & Health,5912,Individual,Hyd,Telangana,TRUE,04-12-25 00:00,FALSE,4335587264,ACTIVE,1395.91
MCH4022,Varughese Taneja,Apparel & Fashion,5699,Individual,Bangalore,Karnataka,TRUE,12-12-25 06:48,FALSE,SVSY3016666927119,SUSPENDED,724.48
MCH4023,Dhaliwal Dugar And Vasa,Books & Stationery,5942,Partnership / LLP,Chennai,Tamil Nadu,TRUE,02-01-23 00:00,FALSE,7015726404,ACTIVE,2123.31
MCH4024,Choudhury Ltd,Misc Retail,5999,Individual,Ludhiana,Punjab,TRUE,28-03-25 00:00,FALSE,XSWD9540302475782,ACTIVE,2449.8
MCH4025,Hegde Sule,Retail,5311,Individual,Hyderabad,Telangana,FALSE,,TRUE,XXXX6804,ACTIVE,1108.29
MCH4026,Nagy Ltd,Food & Beverage,5812,Private Limited,Calcutta,West Bengal,FALSE,,FALSE,,ACTIVE,0.1027
MCH4027,Hegde Ratti And Gera,Retail & Groceries,5411,Private Limited,Hyd,Telangana,TRUE,08-02-25 00:00,FALSE,,ACTIVE,659.89
MCH4028,Taneja Bhattacharyya,Travel & Transport,4131,Partnership / LLP,Lucknow,Uttar Pradesh,TRUE,14-07-23 00:00,FALSE,,ACTIVE,0.2673
MCH4029,Kuruvilla And Sons,Retail & Groceries,5411,Private Limited,Pune,Maharashtra,FALSE,,FALSE,DGMS6783095939908,ACTIVE,55.43
MCH4030,Nayar Plc,Books & Stationery,,Private Limited,Asr,Punjab,TRUE,08-02-23 19:27,FALSE,,ACTIVE,1079.32
MCH4031,Mitra Bali And Rai,Books & Stationery,5942,Private Limited,Lucknow,Uttar Pradesh,TRUE,01-12-26 00:00,FALSE,,ACTIVE,9089.26
MCH4033,Kota Plc,Apparel & Fashion,5699,Individual,Ludhiana,Punjab,TRUE,23-02-25 00:33,FALSE,5691989399,ACTIVE,1305.4
MCH4034,Tiwari Lad,Other,5999,Individual,Ludhiana,Punjab,TRUE,13-12-23 00:00,TRUE,XXXX6100,SUSPENDED,2041.77
MCH4037,Chaudhuri Llc,Retail & Groceries,5311,Individual,Hyd,Telangana,TRUE,23-11-24 00:00,FALSE,677487191,ACTIVE,2168.76
MCH4040,Bahri Solanki And Magar,Retail & Groceries,5311,Private Limited,Chennai,Tamil Nadu,TRUE,28-01-25 03:48,FALSE,DNQF3989342164675,ACTIVE,0.1173
MCH4041,Salvi Mishra,Food & Beverage,5812,Proprietorship,Asr,Punjab,FALSE,,FALSE,IIMZ0020327103815,INACTIVE,1291.58
MCH4042,Rout Maharaj,Miscellaneous,5999,Partnership / LLP,Amritsar,Punjab,TRUE,12-01-24 06:50,FALSE,LYKH2325135629245,ACTIVE,696.23
MCH4043,Choudhry And Sons,Medical & Health,5912,Private Limited,Bangalore,Karnataka,TRUE,05-02-24 18:00,TRUE,XXXX3422,ACTIVE,367.6
MCH4047,Kaul Barad,Retail & Groceries,5311,Proprietorship,Mumbai,Maharashtra,TRUE,13-05-25 00:00,TRUE,XXXX0729,ACTIVE,986.5
MCH4048,Lall Kara And Uppal,Food & Beverage,5812,Partnership / LLP,Jalandhar,Punjab,TRUE,14-06-24 00:00,FALSE,,INACTIVE,1748
MCH4050,Sur N0Ri And G011A,Apparel & Fashion,5699,Proprietorship,Mumbai,Maharashtra,TRUE,07-04-24 00:00,FALSE,PQHJ7829698736069,ACTIVE,577.94
MCH4051,Desai Tank,Food & Beverage,5812,Partnership / LLP,Lucknow,Uttar Pradesh,TRUE,21-02-25 00:00,TRUE,XXXX7388,ACTIVE,0.389
MCH4052,Bal Choudhary,Food & Beverage,5812,Partnership / LLP,Jalandhar,Punjab,FALSE,,TRUE,XXXX5480,ACTIVE,2217.99
MCH4055,Rai Plc,Food & Beverage,5812,Private Limited,Ludhiana,Punjab,TRUE,12-08-23 00:00,TRUE,XXXX0097,ACTIVE,283.42
MCH4061,Mody Vig,Miscellaneous,5999,Individual,Amritsar,Punjab,TRUE,28-07-24 06:12,FALSE,,ACTIVE,2007.74
MCH4062,Rana Group,Retail Other,59990,Individual,Mumbai,Maharashtra,TRUE,20-09-23 00:00,TRUE,XXXX3317,INACTIVE,1544.23
MCH4064,Sidhu Kunda And Hayre,Hotel & Lodging,7011,Individual,Pune,Maharashtra,TRUE,02-05-25 00:00,TRUE,XXXX9354,ACTIVE,1462.39
MCH4066,Nazareth Group,Books & Stationery,,Proprietorship,Kolkata,West Bengal,TRUE,28-01-23 16:03,FALSE,XMZT2343976498711,ACTIVE,507.68
MCH4068,Balakrishnan Inc,Electronics & Tech,4814,Individual,Jalandhar,Punjab,TRUE,23-11-24 00:00,FALSE,,ACTIVE,1322.89
MCH4072,Singhal Natarajan,Food & Beverage,5812,Proprietorship,Chennai,Tamil Nadu,FALSE,,TRUE,XXXX4620,ACTIVE,2593.54
MCH4073,Gopal Plc,Food & Beverage,5812,Individual,Jaipur,Rajasthan,TRUE,27-12-24 20:52,TRUE,XXXX0031,ACTIVE,958.85
MCH4075,Sankar Mandal,Food & Beverage,5812,Partnership / LLP,Ludhiana,Punjab,FALSE,,TRUE,XXXX6718,ACTIVE,1056.32
MCH4077,Verma Dugar,Food & Beverage,5812,Private Limited,Kolkata,West Bengal,TRUE,31-07-23 00:00,FALSE,7415298015,ACTIVE,1359.17
MCH4080,Shenoy Kashyap,Electronics & Tech,4814,Private Limited,Jaipur,Rajasthan,TRUE,04-10-25 03:56,FALSE,YPYY3780350945436,ACTIVE,2043.03
MCH4081,Srinivasan Bahri,Electronics & Tech,4814,Proprietorship,New Delhi,Delhi,TRUE,07-06-25 00:00,FALSE,,ACTIVE,2928.84
MCH4082,Khurana Inc,Other,5999,Private Limited,New Delhi,Delhi,TRUE,02-06-23 00:00,FALSE,MAKF1380226043660,ACTIVE,288.7
MCH4083,Loyal Dara And Sharaf,Phone Service,4814,Individual,Chennai,Tamil Nadu,TRUE,15-02-24 01:01,FALSE,,ACTIVE,1752.1
MCH4084,Mitra Plc,Retail & Groceries,53110,Individual,Jalandhar,Punjab,TRUE,15-12-23 00:00,TRUE,XXXX5719,ACTIVE,973.94
MCH4086,Kannan Varghese And Lalla,Retail,5311,Private Limited,Mumbai,Maharashtra,TRUE,08-12-24 00:00,FALSE,493830742,ACTIVE,1459.96
MCH4087,Basak Lal And Tailor,Electronics & Tech,4814,Private Limited,Pune,Maharashtra,TRUE,10-03-25 00:37,FALSE,,ACTIVE,298.11
MCH4089,Mistry And Sons,Retail & Groceries,54110,Proprietorship,Mumbai,Maharashtra,TRUE,20-07-24 00:00,FALSE,FZNP2052339077080,ACTIVE,1563.22
MCH4090,Dada Llc,Miscellaneous,5999,Individual,Chennai,Tamil Nadu,TRUE,27-02-25 00:00,FALSE,EOAQ0943270820101,ACTIVE,0.1538
MCH4092,Mukhopadhyay Group,Food & Beverage,5812,Private Limited,Hyderabad,Telangana,TRUE,24-12-25 00:00,TRUE,XXXX3479,ACTIVE,504.84
MCH4093,Krishnamurthy Plc,Hotel & Lodging,7011,Private Limited,Lucknow,Uttar Pradesh,TRUE,15-03-24 00:00,TRUE,XXXX5675,INACTIVE,1291.9
MCH4094,Thakur Shah,Retail & Groceries,5311,Individual,Chennai,Tamil Nadu,TRUE,25-12-24 00:00,FALSE,8582719146,ACTIVE,1848.8
MCH4096,Bhat Kapoor And Borah,Misc Retail,5999,Private Limited,Hyderabad,Telangana,TRUE,27-11-24 00:00,FALSE,474814059,ACTIVE,2092.25
MCH4097,Kala Khatri And D’Alia,Retail & Groceries,5411,Private Limited,Ludhiana,Punjab,TRUE,17-05-24 00:00,FALSE,EPRC2590629110289,INACTIVE,1958.39
MCH4099,Dewan Rastogi And Jayaraman,Retail,,Individual,Ludhiana,Punjab,TRUE,06-08-25 12:15,FALSE,,ACTIVE,0.1926
MCH4100,Raja Vasa,Medical & Health,7011,Proprietorship,Jalandhar,Punjab,TRUE,28-06-25 00:00,FALSE,7806774171,ACTIVE,479.15
MCH4101,Sani Ben And Subramaniam,Retail & Groceries,5311,Private Limited,Pune,Maharashtra,TRUE,20-10-25 20:35,TRUE,XXXX9217,ACTIVE,1377.51
MCH4102,Dass Llc,Medical & Health,59120,Partnership / LLP,Kolkata,West Bengal,TRUE,19-02-26 00:00,TRUE,XXXX9287,ACTIVE,375.32
MCH4104,Sawhney Suri,Electronics & Tech,4814,Individual,Hyd,Telangana,TRUE,15-12-23 00:00,FALSE,8776394591,INACTIVE,0.295
MCH4106,Dey And Sons,Retail & Groceries,5411,Private Limited,Hyderabad,Telangana,TRUE,31-01-26 00:00,TRUE,XXXX0072,ACTIVE,4216.77
MCH4107,Pandey Sastry,Apparel & Fashion,5699,Proprietorship,Jalandhar,Punjab,TRUE,30-09-25 00:00,FALSE,,INACTIVE,0.319
MCH4109,Lal Handa And Mammen,Books & Stationery,5942,Individual,Kolkata,West Bengal,TRUE,07-01-24 21:55,FALSE,,ACTIVE,1181.07
MCH4110,Suresh Bassi,Books & Stationery,5942,Individual,Mumbai,Maharashtra,TRUE,18-09-24 08:58,FALSE,,INACTIVE,1527.43
MCH4111,Brahmbhatt Llc,Miscellaneous,5999,Partnership / LLP,Lucknow,Uttar Pradesh,FALSE,,FALSE,,SUSPENDED,682.69
MCH4112,Sodhi Desai,Retail & Groceries,,Proprietorship,Hyd,Telangana,TRUE,06-06-23 00:00,FALSE,,INACTIVE,0.3193
MCH4113,Anand Choudharyandcontractor,Medical & Health,5912,Individual,Chennai,Tamil Nadu,TRUE,09-07-23 00:00,FALSE,6952372771,ACTIVE,418.15
MCH4114,Pandya Jayaraman And Ray,Electronics & Tech,4814,Proprietorship,Hyderabad,Telangana,TRUE,15-01-25 00:00,FALSE,SSMR5889038460894,INACTIVE,436.15
MCH4115,Bandi Rau And Hayre,Travel & Transport,4131,Proprietorship,Jaipur,Rajasthan,TRUE,03-05-25 00:00,FALSE,YBME5428003718558,SUSPENDED,748.37
MCH4118,Upadhyay Llc,Travel & Transport,4131,Private Limited,Calcutta,West Bengal,TRUE,16-03-24 00:00,FALSE,,ACTIVE,1023.91
MCH4122,Lata Magar And Savant,Retail Other,5999,Partnership / LLP,Blr,Karnataka,TRUE,03-12-25 23:29,FALSE,7547242898,ACTIVE,3699.77
MCH4123,Parekh Patla And Kar,Books & Stationery,5942,Partnership / LLP,Jalandhar,Punjab,TRUE,09-11-24 00:00,FALSE,5310260642,ACTIVE,2764.76
MCH4124,Dara Salvi And Sawhney,Retail & Groceries,5411,Proprietorship,Bengaluru,Karnataka,TRUE,12-10-25 00:00,FALSE,INFT7849125820167,ACTIVE,2121.35
MCH4126,Wali Mahal And Prabhu,Travel & Transport,4131,Individual,Hyderabad,Telangana,TRUE,12-09-23 15:51,FALSE,RAIS4512083077234,ACTIVE,0.1593
MCH4127,Subramaniam Jhaveri,Travel & Transport,4131,Proprietorship,Jaipur,Rajasthan,TRUE,22-05-24 00:00,TRUE,XXXX1628,SUSPENDED,5333.88
MCH4129,Lad Raja And Sachdev,Hotel & Lodging,7011,Partnership / LLP,Mumbai,Maharashtra,TRUE,09-11-23 00:00,FALSE,929537946,ACTIVE,954.07
MCH4131,Goyal Krishnamurthy And Dewan,Travel & Transport,4131,Individual,Jaipur,Rajasthan,TRUE,24-10-23 14:15,FALSE,4282467745,ACTIVE,319.32
MCH4133,Buch Hayre,Medical & Health,5912,Partnership / LLP,Kolkata,West Bengal,TRUE,16-02-24 00:00,FALSE,,SUSPENDED,1903.02
MCH4135,Sunder Ltd,Retail & Groceries,5411,Partnership / LLP,Ludhiana,Punjab,TRUE,28-01-25 00:00,FALSE,,ACTIVE,6745.05
MCH4136,Sehgal Plc,Apparel & Fashion,5699,Partnership / LLP,Mumbai,Maharashtra,TRUE,30-07-24 00:00,FALSE,,ACTIVE,2564.97
MCH4141,Sarkar And Sons,Electronics & Tech,4814,Partnership / LLP,Bangalore,Karnataka,TRUE,06-10-23 00:00,FALSE,,ACTIVE,1485.34
MCH4145,Dalal Dass And Vaidya,Books & Stationery,5942,Proprietorship,Poona,Maharashtra,TRUE,16-09-25 00:00,FALSE,PZMX8375142166938,SUSPENDED,1294.48
MCH4148,Muni Chaudhari And De,Other,5999,Private Limited,Kolkata,West Bengal,TRUE,20-12-24 00:00,FALSE,2868917120,INACTIVE,2139.38
MCH4153,Shroff Ltd,Retail Other,5999,Proprietorship,Kolkata,West Bengal,TRUE,07-11-25 00:00,FALSE,,ACTIVE,3578.7
MCH4157,Minhas Saran,Electronics & Tech,4814,Partnership / LLP,Bombay,Maharashtra,TRUE,02-11-25 00:00,FALSE,,ACTIVE,2413.97
MCH4158,Sastry Inc,Books & Stationery,,Partnership / LLP,New Delhi,Delhi,TRUE,15-08-24 00:00,FALSE,DAYK8556309990572,INACTIVE,480.93
MCH4163,Rajag0Pa1An Hans,Food & Beverage,5812,Proprietorship,Poona,Maharashtra,TRUE,29-06-23 15:13,FALSE,GQKM7843504448024,ACTIVE,958.85
MCH4164,Iyengar Llc,Misc Retail,5999,Proprietorship,Jaipur,Rajasthan,FALSE,,FALSE,LSYR7261669987207,ACTIVE,0.44
MCH4165,Dhar Pallaandkorpal,Electronics & Tech,4814,Private Limited,Pune,Maharashtra,TRUE,29-05-24 00:00,FALSE,EWYW3013882760872,SUSPENDED,1021.355
MCH4167,Thakur Purohit And Gade,Retail,5311,Individual,Lucknow,Uttar Pradesh,TRUE,08-06-24 00:00,TRUE,XXXX3875,ACTIVE,642.28
MCH4168,Chad Dyal And Golla,Retail Other,5999,Partnership / LLP,Pune,Maharashtra,TRUE,10-06-23 10:22,TRUE,XXXX8341,ACTIVE,1194.41
MCH4169,Vaidya Vasa And Palan,Electronics & Tech,4814,Individual,Hyd,Telangana,TRUE,15-11-24 00:00,FALSE,,ACTIVE,1965.48
MCH4170,Bassi Group,Misc Retail,5999,Proprietorship,Ludhiana,Punjab,TRUE,13-10-24 06:13,FALSE,7567135746,ACTIVE,591.58
MCH4172,Khosla Tak And Mahajan,Medical & Health,59120,Partnership / LLP,Kolkata,West Bengal,TRUE,23-03-24 00:00,FALSE,,ACTIVE,1964.28
MCH4176,Sani Bhalla,Hotel & Lodging,,Individual,New Delhi,Delhi,TRUE,22-07-24 00:00,TRUE,XXXX6805,ACTIVE,1216.13
MCH4179,Choudhry Bera And Pandit,Apparel & Fashion,5699,Partnership / LLP,Kolkata,West Bengal,TRUE,14-08-25 04:33,FALSE,ABQY2242292056782,ACTIVE,1930.08
MCH4180,Iyer Saha And Kumar,Hotel & Lodging,7011,Partnership / LLP,Lucknow,Uttar Pradesh,TRUE,16-04-25 00:00,FALSE,2796320001,ACTIVE,3864.5
MCH4182,More Sarma And Baria,Electronics & Tech,4814,Individual,Mumbai,Maharashtra,TRUE,01-01-26 00:00,TRUE,XXXX3295,ACTIVE,4102.61
MCH4184,Dua Agate,Hotel & Lodging,,Partnership / LLP,Calcutta,West Bengal,TRUE,24-03-23 00:00,FALSE,4629473198,INACTIVE,1198.31
MCH4185,Nath Chaudhuri,Electronics & Tech,4814,Private Limited,Jaipur,Rajasthan,TRUE,14-08-24 00:00,FALSE,EQFV9212095030396,ACTIVE,587.44
MCH4187,Tella Hayre And Patla,Food & Beverage,58120,Proprietorship,Jaipur,Rajasthan,TRUE,08-09-23 00:00,FALSE,,SUSPENDED,2332.84
MCH4191,Mangal Seshadri And Kakar,Apparel & Fashion,5699,Private Limited,Pune,Maharashtra,TRUE,26-01-24 00:00,FALSE,,ACTIVE,1192.21
MCH4194,Srinivasan Lala,Travel & Transport,41310,Individual,Ludhiana,Punjab,TRUE,15-08-25 00:00,FALSE,,ACTIVE,2059.54
MCH4197,Chaudry Group,Medical & Health,5912,Private Limited,Pune,Maharashtra,FALSE,,FALSE,UHGU5811611698099,ACTIVE,4814.44
MCH4200,Sood Kurian And Raghavan,Apparel & Fashion,5699,Individual,Jaipur,Rajasthan,TRUE,18-08-24 00:00,FALSE,4567697450,ACTIVE,2010.35
MCH4205,Behl Narula,Retail & Groceries,5311,Proprietorship,Calcutta,West Bengal,TRUE,27-11-23 20:51,FALSE,,ACTIVE,0.4442
MCH4208,Devi Mangal,Books & Stationery,5942,Proprietorship,Ludhiana,Punjab,TRUE,27-08-25 16:16,FALSE,,ACTIVE,1564.41
MCH4209,Garg Goel,Food & Beverage,5812,Partnership / LLP,Amritsar,Punjab,TRUE,02-08-25 09:42,FALSE,VSHI3966663578716,ACTIVE,1244.58
MCH4211,Amb1E Saha,Retail & Groceries,5411,Proprietorship,Dilli,Delhi,TRUE,27-06-23 00:00,FALSE,,ACTIVE,0.525
MCH4212,Raman Kohli,Retail & Groceries,54110,Partnership / LLP,Ludhiana,Punjab,TRUE,27-10-24 10:39,FALSE,AIWO1178745904405,ACTIVE,0.3361
MCH4214,Mitra Oak And Keer,Apparel & Fashion,5699,Individual,Bangalore,Karnataka,TRUE,02-12-24 00:00,FALSE,,ACTIVE,1159.46
MCH4216,Ratta And Sons,Books & Stationery,5942,Partnership / LLP,Jalandhar,Punjab,TRUE,07-10-23 00:00,TRUE,XXXX5580,ACTIVE,1337.5
MCH4218,Srivastava Ltd,Books & Stationery,5942,Proprietorship,Bombay,Maharashtra,TRUE,20-11-23 00:00,FALSE,LFAP5704533731300,ACTIVE,1744.69
MCH4220,Gopal Dara,Apparel & Fashion,5699,Individual,Bengaluru,Karnataka,TRUE,02-10-25 13:08,FALSE,,ACTIVE,532.47
MCH4221,Rastogi Goda And Naidu,Retail Other,5999,Individual,Jalandhar,Punjab,FALSE,,FALSE,,ACTIVE,745.75
MCH4223,Bajwa Khurana And Sinha,Retail,,Proprietorship,Bengaluru,Karnataka,TRUE,15-03-25 00:00,FALSE,,ACTIVE,585.1
MCH4225,Karnik Llc,Apparel & Fashion,56990,Individual,Ludhiana,Punjab,TRUE,05-02-25 13:25,FALSE,5426893917,ACTIVE,537.99
MCH4227,Panchal Plc,Other,5999,Proprietorship,Kolkata,West Bengal,TRUE,09-01-25 00:00,FALSE,,ACTIVE,1533.36
MCH4228,Singhal Bhasin And Kaul,Apparel & Fashion,5699,Private Limited,Asr,Punjab,TRUE,23-05-25 00:00,FALSE,6707310647,ACTIVE,896.57
MCH4230,Jha Group,Medical & Health,5912,Private Limited,Jaipur,Rajasthan,FALSE,,TRUE,XXXX6774,ACTIVE,911.06
MCH4232,Sehgal Rama,Retail & Groceries,5411,Partnership / LLP,Kolkata,West Bengal,TRUE,31-03-23 00:00,TRUE,XXXX1805,ACTIVE,4112.72
MCH4233,Padmanabhan And Sons,Misc Retail,59990,Proprietorship,Ludhiana,Punjab,TRUE,04-02-25 00:00,FALSE,4395615588,ACTIVE,1697.48
MCH4235,Nagar Sharma,Retail,5311,Proprietorship,Kolkata,West Bengal,TRUE,02-10-24 00:00,FALSE,,ACTIVE,1671.65
MCH4236,Sinha Shukla And Lad,Apparel & Fashion,5699,Proprietorship,New Delhi,Delhi,TRUE,08-07-25 12:08,FALSE,OZWZ6142696689139,ACTIVE,0.844
MCH4237,Deshmukh Ghose And Chhabra,Food & Beverage,5812,Proprietorship,Pune,Maharashtra,TRUE,12-02-24 12:00,FALSE,,SUSPENDED,5905.65
MCH4243,Ramesh Venkatesh And Ravel,Retail,5311,Proprietorship,Amritsar,Punjab,TRUE,24-06-25 00:00,FALSE,,ACTIVE,133.28
MCH4244,Doctor Pillay And Nori,Retail & Groceries,5311,Individual,Ludhiana,Punjab,TRUE,22-02-26 00:00,FALSE,8115439991,ACTIVE,2111.57
MCH4245,Dua Group,Transprt,4131,Partnership / LLP,Ludhiana,Punjab,TRUE,25-07-24 18:42,FALSE,504410036,ACTIVE,323.1
MCH4246,Rama Dasgupta,Retail,5311,Individual,Amritsar,Punjab,TRUE,01-05-25 00:00,FALSE,,ACTIVE,2336.28
MCH4248,Bahl Prashad And Reddy,Retail & Groceries,5311,Proprietorship,Lucknow,Uttar Pradesh,TRUE,30-06-25 00:00,FALSE,,ACTIVE,4921.5
MCH4249,Narasimhan Natt And Chada,Hotel & Lodging,7011,Proprietorship,Pune,Maharashtra,TRUE,28-12-23 07:11,FALSE,8565095769,ACTIVE,1048.88
MCH4250,Subramaniam Datta And Patel,Retail & Groceries,5411,Partnership / LLP,Kolkata,West Bengal,TRUE,06-07-23 00:00,FALSE,,ACTIVE,1320.67
MCH4253,Mander Sagar,Retail Other,,Individual,Ludhiana,Punjab,TRUE,12-12-24 00:00,FALSE,,ACTIVE,348.43
MCH4260,Kalla Banerjee And Choudhary,Phone Service,4814,Partnership / LLP,Ludhiana,Punjab,FALSE,,FALSE,,ACTIVE,389.14
MCH4261,More Ltd,Retail & Groceries,5311,Partnership / LLP,Pune,Maharashtra,TRUE,06-04-23 04:55,FALSE,8057436193,ACTIVE,761.11
MCH4263,Kari And Sons,Electronics & Tech,48140,Private Limited,Kolkata,West Bengal,TRUE,27-11-23 00:00,FALSE,,ACTIVE,616.52
MCH4273,Bava Group,Misc Retail,5999,Private Limited,Ludhiana,Punjab,TRUE,28-12-24 15:12,FALSE,OCKK9490643242644,ACTIVE,2773.64
MCH4274,Walia Group,Travel & Transport,41310,Private Limited,Mumbai,Maharashtra,TRUE,29-10-25 00:00,FALSE,OSZC0719397300693,ACTIVE,1705.04
MCH4275,Boase Chanda And Bajaj,Retail & Groceries,53110,Individual,New Delhi,Delhi,TRUE,29-06-25 18:15,TRUE,XXXX6193,ACTIVE,684.1
MCH4277,Khalsa Inc,Retail & Groceries,5311,Individual,Amritsar,Punjab,TRUE,31-01-23 21:37,FALSE,FHSK9777802879372,ACTIVE,1332.99
MCH4278,Thakkar Gupta,Retail & Groceries,53110,Private Limited,Asr,Punjab,TRUE,31-05-25 00:00,FALSE,,INACTIVE,703.48
MCH4282,Pingle Ltd,Retail,5311,Proprietorship,Asr,Punjab,TRUE,26-05-23 08:14,FALSE,,ACTIVE,0.816
MCH4283,Joshi Srinivas,Retail & Groceries,5411,Partnership / LLP,Amritsar,Punjab,TRUE,01-09-23 00:00,FALSE,,ACTIVE,1135
MCH4284,Chawla Llc,Travel & Transport,4131,Proprietorship,Ludhiana,Punjab,TRUE,13-02-26 00:00,TRUE,XXXX7941,ACTIVE,0.385
MCH4285,Bhatnagar Atwal,Books & Stationery,59420,Partnership / LLP,Jalandhar,Punjab,FALSE,,FALSE,,INACTIVE,988.9
MCH4287,Kuruvilla Chanda And Sood,Travel & Transport,4131,Individual,Jalandhar,Punjab,TRUE,01-04-25 00:00,FALSE,,ACTIVE,1244.04
MCH4288,Kashyap Purohit,Apparel & Fashion,5699,Private Limited,Jaipur,Rajasthan,TRUE,08-10-25 00:00,FALSE,,ACTIVE,262.02
MCH4289,Singhal Dasgupta,Apparel & Fashion,,Partnership / LLP,Bengaluru,Karnataka,TRUE,17-02-25 00:00,FALSE,ZEDE0222029565689,ACTIVE,809.48
MCH4290,Venkataraman Wadhwa,Other,5999,Individual,Lucknow,Uttar Pradesh,TRUE,16-04-23 00:00,FALSE,NGRS4293634400913,ACTIVE,0.1056
MCH4296,Varty Varma,Misc Retail,5999,Private Limited,Amritsar,Punjab,TRUE,24-02-26 00:00,FALSE,,ACTIVE,1214.6
MCH4298,Jain Group,Electronics & Tech,4814,Private Limited,New Delhi,Delhi,TRUE,06-01-24 00:00,FALSE,6571920723,INACTIVE,316.99
MCH4299,Master Plc,Apparel & Fashion,5699,Private Limited,New Delhi,Delhi,TRUE,31-05-23 00:00,TRUE,XXXX0419,ACTIVE,3539.65
MCH4301,Thakur Inc,Books & Stationery,5942,Partnership / LLP,New Delhi,Delhi,TRUE,29-04-23 06:39,FALSE,,ACTIVE,0.4449
MCH4303,Dhingra Khurana And Zachariah,Electronics & Tech,48140,Partnership / LLP,Bombay,Maharashtra,TRUE,25-08-23 03:02,FALSE,,ACTIVE,0.2476
MCH4305,Padmanabhan Thaker,Travel & Transport,4131,Individual,Ludhiana,Punjab,TRUE,17-10-24 00:00,FALSE,,ACTIVE,572.69
MCH4306,Narula Hegde And Minhas,Retail & Groceries,54110,Private Limited,Blr,Karnataka,TRUE,03-08-25 01:58,FALSE,,ACTIVE,2023.94
MCH4308,Natt Group,Medical & Health,5912,Partnership / LLP,New Delhi,Delhi,TRUE,16-01-23 00:00,FALSE,3010499558,ACTIVE,2114.37
MCH4312,Dada Hari,Apparel & Fashion,5699,Proprietorship,Ludhiana,Punjab,TRUE,17-02-24 00:00,TRUE,XXXX5151,ACTIVE,2174.33
MCH4314,Deshmukh Ltd,Apparel & Fashion,5699,Private Limited,Jalandhar,Punjab,FALSE,,FALSE,3021439858,INACTIVE,986.05
MCH4318,Nagar And Sons,Transprt,4131,Proprietorship,Lucknow,Uttar Pradesh,TRUE,20-12-23 15:21,FALSE,3039905093,ACTIVE,1159.12
MCH4319,Setty Sarkar And Mahajan,Retail,5311,Private Limited,Mumbai,Maharashtra,TRUE,01-02-25 00:00,FALSE,5750964403,ACTIVE,1351.02
MCH4320,Vala And Sons,Electronics & Tech,4814,Private Limited,Mumbai,Maharashtra,TRUE,14-10-24 00:00,FALSE,NNFD4351390281416,INACTIVE,288.28
MCH4322,Patla Plc,Electronics & Tech,4814,Private Limited,Pune,Maharashtra,TRUE,17-10-25 00:00,TRUE,XXXX9948,ACTIVE,0.274
MCH4323,Ben Wagle And Shan,Food & Beverage,5812,Proprietorship,Chennai,Tamil Nadu,TRUE,11-05-23 05:53,FALSE,4367668757,SUSPENDED,958.85
MCH4324,Choudhury Group,Retail & Groceries,5311,Individual,Chennai,Tamil Nadu,TRUE,11-02-24 00:00,FALSE,ZMED4163796029617,ACTIVE,0.1068
MCH4325,Choudhry Llc,Hotel & Lodging,7011,Private Limited,Jaipur,Rajasthan,TRUE,07-06-23 00:00,FALSE,,INACTIVE,926.71
MCH4326,Morar Jani,Hotel & Lodging,7011,Partnership / LLP,Lucknow,Uttar Pradesh,TRUE,14-12-25 00:00,FALSE,,ACTIVE,9768.01
MCH4330,Viswanathan Morar And Barad,Transprt,4131,Individual,Jalandhar,Punjab,TRUE,10-04-23 00:00,FALSE,,ACTIVE,151.73
MCH4331,Wali Buch And Nagi,Apparel & Fashion,5699,Proprietorship,Amritsar,Punjab,TRUE,31-07-25 20:39,FALSE,5107486763,ACTIVE,1154.33
MCH4332,Varma Plc,Books & Stationery,5942,Individual,Mumbai,Maharashtra,TRUE,22-01-25 00:00,TRUE,XXXX6546,ACTIVE,229.07
MCH4334,Nazareth Loyal And Dhar,Retail & Groceries,5311,Individual,Ludhiana,Punjab,TRUE,11-09-25 00:00,FALSE,6420363344,ACTIVE,6505.28
MCH4336,Prasad Bhagat And De,Retail & Groceries,5411,Partnership / LLP,Hyderabad,Telangana,TRUE,22-05-23 00:00,FALSE,FQWT9362753717033,ACTIVE,614.99
MCH4337,Sethi Ltd,Electronics & Tech,4814,Individual,Jalandhar,Punjab,TRUE,28-01-26 00:00,FALSE,NBXU8148602683458,ACTIVE,3672.22
MCH4338,Johal Dara,Hotel & Lodging,70110,Individual,Jaipur,Rajasthan,TRUE,07-06-25 20:41,TRUE,XXXX8581,SUSPENDED,3419.42
MCH4340,Nadig Kothari And Khalsa,Hotel & Lodging,7011,Partnership / LLP,Mumbai,Maharashtra,FALSE,,FALSE,,ACTIVE,1756.35
MCH4342,S0M Plc,Electronics & Tech,4814,Private Limited,Jaipur,Rajasthan,TRUE,08-11-25 00:00,FALSE,,ACTIVE,337.31
MCH4349,Atwal Sura,Books & Stationery,,Proprietorship,Pune,Maharashtra,TRUE,21-12-25 00:00,FALSE,ZQKH6444366746348,ACTIVE,463.78
MCH4352,Suri Ltd,Medical & Health,5912,Individual,Lucknow,Uttar Pradesh,TRUE,21-08-23 00:00,FALSE,,ACTIVE,2179.96
MCH4353,Sha Thaman And Bhasin,Apparel & Fashion,5699,Partnership / LLP,Lucknow,Uttar Pradesh,TRUE,05-02-24 00:00,TRUE,XXXX4052,INACTIVE,391.43
MCH4354,Natarajan Lad,Hotel & Lodging,70110,Partnership / LLP,Amritsar,Punjab,TRUE,18-08-23 00:00,TRUE,XXXX6382,ACTIVE,703.43
MCH4355,Sur Pandit,Apparel & Fashion,5699,Partnership / LLP,Lucknow,Uttar Pradesh,TRUE,18-04-23 00:00,FALSE,234156737,ACTIVE,1036.37
MCH4356,Guha Sheth And Ravi,Medical & Health,5912,Partnership / LLP,Kolkata,West Bengal,TRUE,06-07-24 00:00,FALSE,3427547300,ACTIVE,2725.51
MCH4357,Som And Sons,Retail,5311,Individual,Ludhiana,Punjab,FALSE,,TRUE,XXXX0823,ACTIVE,922.86
MCH4359,Mistry Parekh,Medical & Health,5912,Private Limited,Mumbai,Maharashtra,TRUE,06-10-23 16:16,FALSE,YQCO7150849658211,SUSPENDED,0.684
MCH4360,Khurana Ltd,Apparel & Fashion,5699,Partnership / LLP,Jaipur,Rajasthan,FALSE,,FALSE,7767895451,ACTIVE,507.91
MCH4361,Dugal Barad And Nagi,Retail & Groceries,5411,Private Limited,Pune,Maharashtra,TRUE,27-10-25 00:00,TRUE,XXXX1186,ACTIVE,4047.59
MCH4362,Sura Llc,Hotel & Lodging,7011,Individual,Jaipur,Rajasthan,TRUE,23-04-23 00:00,FALSE,2143307806,SUSPENDED,0.218
MCH4363,Bhagatinc,Medical & Health,5912,Private Limited,Jalandhar,Punjab,TRUE,22-07-23 00:00,FALSE,2625500394,ACTIVE,1657.41
MCH4364,Sastry Shetty,Travel & Transport,4131,Proprietorship,Kolkata,West Bengal,TRUE,14-06-24 00:00,FALSE,BYKR5512266480306,ACTIVE,0.1128
MCH4367,Sankaran Bhattacharyya,Apparel & Fashion,5699,Partnership / LLP,Chennai,Tamil Nadu,TRUE,13-12-23 04:19,FALSE,PBSG5651430183192,ACTIVE,1153.81
MCH4369,Tandon Viswanathan And Chaudhary,Food & Beverage,5812,Private Limited,Pune,Maharashtra,TRUE,13-01-23 00:00,FALSE,1839441599,SUSPENDED,226.61
MCH4370,Kuruvilla And Sons,Other,5999,Individual,Mumbai,Maharashtra,TRUE,18-08-23 00:00,FALSE,,ACTIVE,715.96
MCH4371,Chahal Chaudhari,Phone Service,4814,Proprietorship,Ludhiana,Punjab,TRUE,20-01-25 00:00,FALSE,,SUSPENDED,219.82
MCH4373,Raman Karnik,Books & Stationery,5942,Partnership / LLP,New Delhi,Delhi,TRUE,09-08-23 15:36,FALSE,IPHA4538122781630,ACTIVE,975.635
MCH4374,Venkatesh Llc,Hotel & Lodging,7011,Individual,Jalandhar,Punjab,TRUE,15-01-25 22:22,FALSE,,ACTIVE,418.37
MCH4375,Mani Pillai And Soman,Retail & Groceries,5311,Proprietorship,Lucknow,Uttar Pradesh,TRUE,08-03-24 02:25,FALSE,,ACTIVE,1050.41
MCH4377,Kale Krishnan,Books & Stationery,5942,Partnership / LLP,Bengaluru,Karnataka,TRUE,12-10-23 00:00,FALSE,,INACTIVE,2218.12
MCH4382,Modi Sengupta,Medical & Health,59120,Individual,Mumbai,Maharashtra,TRUE,15-02-25 00:00,FALSE,9182714411,ACTIVE,650.1
MCH4383,Vala Llc,Retail & Groceries,5311,Proprietorship,Lucknow,Uttar Pradesh,TRUE,15-06-25 00:00,FALSE,,ACTIVE,219.66
MCH4385,Bera S0M,Retail & Groceries,,Private Limited,Jalandhar,Punjab,TRUE,08-05-23 00:00,TRUE,XXXX8868,ACTIVE,2548.67
MCH4389,Bobal Chakrabarti And Dash,Medical & Health,5912,Proprietorship,Pune,Maharashtra,TRUE,04-02-26 00:00,FALSE,,ACTIVE,445.95
MCH4390,Ar0Ra Llc,Food & Beverage,5812,Proprietorship,Hyd,Telangana,TRUE,07-06-25 00:00,TRUE,XXXX2296,ACTIVE,0.1372
MCH4395,Ramakrishnan Rastogi,Misc Retail,5999,Private Limited,Chennai,Tamil Nadu,TRUE,19-11-25 00:00,FALSE,,ACTIVE,1214.6
MCH4397,Tailor Pandey,Medical & Health,5912,Private Limited,Pune,Maharashtra,TRUE,24-10-24 00:00,FALSE,,ACTIVE,1030
MCH4398,Bose Dhar And Oza,Food & Beverage,5812,Individual,Jalandhar,Punjab,TRUE,03-06-24 00:00,FALSE,VPBZ3389716321736,ACTIVE,580.38
MCH4401,Bedi And Sons,Apparel & Fashion,5699,Partnership / LLP,Calcutta,West Bengal,TRUE,16-05-24 03:12,FALSE,HWLG9372836696223,ACTIVE,557.79
MCH4406,Chand Ahuja And Behl,Hotel & Lodging,7011,Private Limited,Pune,Maharashtra,TRUE,09-06-23 00:00,FALSE,,ACTIVE,0.3629
MCH4408,Dhar Shetty,Medical & Health,5912,Individual,Asr,Punjab,TRUE,19-12-23 00:00,TRUE,XXXX8510,ACTIVE,425.49
MCH4411,Kale Issac And Sibal,Retail Other,5999,Private Limited,Mumbai,Maharashtra,TRUE,23-12-25 00:00,FALSE,GYAZ8851086848708,ACTIVE,566.46
MCH4413,Parekh Kadeandtalwar,Apparel & Fashion,5699,Proprietorship,Lucknow,Uttar Pradesh,TRUE,11-12-25 00:00,FALSE,9207485110,ACTIVE,1036.37
MCH4414,Manne Arora And Goel,Retail & Groceries,5411,Private Limited,Hyd,Telangana,TRUE,15-07-25 00:00,FALSE,,ACTIVE,618.59
MCH4416,Raju And S0Ns,Miscellaneous,5999,Individual,Bengaluru,Karnataka,TRUE,10-04-25 00:00,FALSE,6909361511,INACTIVE,0.3955
MCH4417,Nair Bhavsar,Books & Stationery,59420,Private Limited,Jalandhar,Punjab,TRUE,26-10-24 00:00,TRUE,XXXX2826,ACTIVE,291.65
MCH4419,Gill Ratta,Medical & Health,59120,Proprietorship,Jaipur,Rajasthan,TRUE,15-09-24 14:40,FALSE,ETZF4377515836271,ACTIVE,1442.51
MCH4421,Sani Llc,Retail Other,5999,Proprietorship,Ludhiana,Punjab,TRUE,15-05-23 00:00,FALSE,7724162998,ACTIVE,901.69
MCH4424,Date Soman And Lall,Retail & Groceries,5311,Private Limited,Chennai,Tamil Nadu,TRUE,01-02-24 22:21,FALSE,GBLD6739471452450,ACTIVE,410.17
MCH4427,Deshpande Llc,Food & Beverage,5812,Private Limited,Mumbai,Maharashtra,TRUE,05-02-23 00:00,FALSE,253333340,ACTIVE,1587.13
MCH4428,Raja Kapadia,Books & Stationery,5942,Private Limited,Poona,Maharashtra,TRUE,21-01-23 00:00,FALSE,4361145093,ACTIVE,0.3396
MCH4431,Wali Zachariah And Toor,Retail & Groceries,5411,Proprietorship,Bombay,Maharashtra,TRUE,13-05-23 00:00,FALSE,,SUSPENDED,3595.68
MCH4433,Patil Subramanian And Madan,Medical & Health,7011,Partnership / LLP,Calcutta,West Bengal,TRUE,23-01-23 00:00,FALSE,KNSD2742017347383,ACTIVE,830.16
MCH4434,Andra And Sons,Other,5999,Private Limited,Ludhiana,Punjab,TRUE,21-02-25 00:35,FALSE,,ACTIVE,0.233
MCH4435,Shere Jain And Luthra,Retail Other,5999,Private Limited,Chennai,Tamil Nadu,TRUE,23-06-24 00:00,FALSE,PJOC4178398535690,ACTIVE,0.894
MCH4438,Vasa Divan,Retail & Groceries,5311,Partnership / LLP,Kolkata,West Bengal,TRUE,09-10-25 05:49,FALSE,DDPR9154239625573,ACTIVE,1288.65
MCH4439,Deshpande Ltd,Food & Beverage,58120,Partnership / LLP,Bengaluru,Karnataka,TRUE,02-04-25 00:00,TRUE,XXXX4378,ACTIVE,917.66
MCH4440,Krishna Bora And Swaminathan,Apparel & Fashion,5699,Private Limited,Jalandhar,Punjab,TRUE,29-04-23 00:00,FALSE,5872380651,SUSPENDED,749.44
MCH4441,Sachdev Doctor And Subramanian,Retail & Groceries,5311,Partnership / LLP,Chennai,Tamil Nadu,TRUE,08-06-23 00:00,FALSE,6376514375,INACTIVE,3222.79
MCH4443,Sachar Banik,Books & Stationery,5942,Partnership / LLP,Jaipur,Rajasthan,TRUE,06-12-24 00:00,FALSE,BADT3910512012474,ACTIVE,2375.86
MCH4444,Khalsa Plc,Retail Other,5999,Partnership / LLP,Ludhiana,Punjab,TRUE,25-05-23 00:00,TRUE,XXXX2938,ACTIVE,2332.61
MCH4447,Sodhi Dalal And Iyengar,Retail & Groceries,5311,Private Limited,Bangalore,Karnataka,FALSE,,TRUE,XXXX0235,ACTIVE,208.51
MCH4448,Gara And Sons,Miscellaneous,5999,Individual,Chennai,Tamil Nadu,TRUE,24-09-25 00:00,TRUE,XXXX6028,SUSPENDED,1524.31
MCH4450,Zachariah Batra,Retail,5311,Proprietorship,Amritsar,Punjab,TRUE,17-09-23 15:10,FALSE,,ACTIVE,1045.82
MCH4451,Bansal Tak,Medical & Health,7011,Individual,Amritsar,Punjab,FALSE,,FALSE,,ACTIVE,1030
MCH4454,Raman Mukherjee And Sinha,Books & Stationery,59420,Proprietorship,Kolkata,West Bengal,TRUE,26-12-24 22:24,FALSE,NRFQ4744687183200,ACTIVE,567.26
MCH4455,Iyer Llc,Retail & Groceries,5411,Individual,Bangalore,Karnataka,FALSE,,FALSE,JMHS4435674556652,ACTIVE,586.02
MCH4456,Krish Panchal,Retail & Groceries,5411,Individual,Lucknow,Uttar Pradesh,TRUE,05-11-24 18:33,FALSE,,ACTIVE,1642.08
MCH4457,Chanda Parikh And Hayre,Retail Other,5999,Private Limited,Amritsar,Punjab,FALSE,,FALSE,,ACTIVE,1269.15
MCH4458,Gola Dixit And Banik,Retail & Groceries,5411,Proprietorship,Amritsar,Punjab,TRUE,25-08-23 00:00,TRUE,XXXX8441,ACTIVE,991.85
MCH4459,Agate Majumdar,Transprt,4131,Proprietorship,Chennai,Tamil Nadu,TRUE,29-07-25 00:00,TRUE,XXXX8386,ACTIVE,210.85
MCH4460,Bumb Plc,Books & Stationery,5942,Private Limited,Chennai,Tamil Nadu,FALSE,,TRUE,XXXX4424,ACTIVE,696.95
MCH4462,Koshy Badal And Nayar,Apparel & Fashion,5699,Individual,Hyd,Telangana,TRUE,17-01-25 00:00,TRUE,XXXX9292,ACTIVE,0.937
MCH4463,Choudhry Sahni And Chaudhry,Apparel & Fashion,5699,Individual,Ludhiana,Punjab,TRUE,09-01-25 03:17,TRUE,XXXX3118,ACTIVE,0.402
MCH4469,Mane And Sons,Travel & Transport,4131,Partnership / LLP,Hyderabad,Telangana,TRUE,18-05-25 16:24,FALSE,ZELA9978143221753,ACTIVE,1447.11
MCH4474,Ram Ltd,Electronics & Tech,4814,Partnership / LLP,Jalandhar,Punjab,TRUE,13-07-24 00:00,FALSE,,ACTIVE,1082.17
MCH4475,Ray Kulkarni And Suresh,Retail & Groceries,5311,Private Limited,Ludhiana,Punjab,TRUE,03-03-24 00:00,TRUE,XXXX5127,ACTIVE,3417.23
MCH4476,Parikh Group,Medical & Health,5912,Partnership / LLP,Kolkata,West Bengal,TRUE,10-09-25 00:24,FALSE,,ACTIVE,1030
MCH4477,Ray Agate And Som,Electronics & Tech,4814,Partnership / LLP,Amritsar,Punjab,TRUE,27-01-25 15:16,FALSE,3942164768,ACTIVE,3504.19
MCH4478,Shenoy Inc,Travel & Transport,4131,Private Limited,Pune,Maharashtra,TRUE,19-04-24 20:17,FALSE,,ACTIVE,3749.72
MCH4481,Nagi Inc,Apparel & Fashion,5699,Partnership / LLP,Poona,Maharashtra,TRUE,28-11-23 12:44,FALSE,,ACTIVE,2759.79
MCH4482,Sawhney Raman,Hotel & Lodging,7011,Private Limited,Ludhiana,Punjab,FALSE,,FALSE,8584867343,ACTIVE,246.88
MCH4484,Mukherjee Tella And Malhotra,Food & Beverage,5812,Partnership / LLP,Bangalore,Karnataka,TRUE,10-02-25 05:38,FALSE,8422535984,ACTIVE,2091.93
MCH4485,Nazarethinc,Retail Other,5999,Individual,Poona,Maharashtra,TRUE,07-11-23 18:34,FALSE,6008302979,SUSPENDED,1928.18
MCH4486,Bumb Kibe And Saraf,Electronics & Tech,4814,Private Limited,Chennai,Tamil Nadu,TRUE,14-02-26 00:00,TRUE,XXXX9655,ACTIVE,2112.84
MCH4487,Maharaj Murthy,Medical & Health,5912,Individual,Amritsar,Punjab,TRUE,23-04-24 00:00,FALSE,TWRO4245073175794,ACTIVE,1455.08
MCH4490,Doshi Raj And Bumb,Retail & Groceries,5411,Partnership / LLP,Ludhiana,Punjab,TRUE,28-07-25 00:00,TRUE,XXXX2409,ACTIVE,748.4
MCH4495,Nadig Gade And Jha,Books & Stationery,5942,Partnership / LLP,Hyd,Telangana,TRUE,05-10-24 06:24,FALSE,,ACTIVE,1329.61
MCH4496,Shroff Ahujaandkumar,Electronics & Tech,4814,Partnership / LLP,Amritsar,Punjab,TRUE,05-11-25 18:25,FALSE,5684338286,ACTIVE,497.26
MCH4497,Padmanabhan Group,Food & Beverage,5812,Individual,Mumbai,Maharashtra,FALSE,,FALSE,,ACTIVE,2142.62
MCH4501,Barman And Sons,Food & Beverage,5812,Private Limited,Dilli,Delhi,TRUE,24-04-25 00:00,FALSE,,ACTIVE,523.04
MCH4503,Sunder Plc,Hotel & Lodging,7011,Partnership / LLP,Mumbai,Maharashtra,TRUE,03-01-24 00:00,FALSE,MTQA2966873504692,ACTIVE,540.93
MCH4507,Bassi Merchant,Food & Beverage,5812,Proprietorship,Chennai,Tamil Nadu,TRUE,30-05-24 00:00,TRUE,XXXX7969,ACTIVE,3598.7
MCH4508,Prakash Ltd,Food & Beverage,58120,Private Limited,Mumbai,Maharashtra,TRUE,12-12-23 16:42,FALSE,9822144537,SUSPENDED,1744.61
MCH4509,Shanker Sem And Varughese,Travel & Transport,4131,Proprietorship,Pune,Maharashtra,TRUE,16-08-23 00:00,FALSE,,ACTIVE,1023.91
MCH4510,Bora Ltd,Electronics & Tech,4814,Individual,Chennai,Tamil Nadu,TRUE,16-04-24 11:39,TRUE,XXXX0375,ACTIVE,1583.66
MCH4511,Walla Kala And Devi,Travel & Transport,4131,Proprietorship,Hyderabad,Telangana,TRUE,12-03-25 00:00,FALSE,8103217288,ACTIVE,1448.32
MCH4515,Memon Upadhyay,Transprt,4131,Proprietorship,Lucknow,Uttar Pradesh,TRUE,03-04-24 17:37,FALSE,,ACTIVE,2435.25
MCH4517,Madan Gola And Srivastava,Food & Beverage,5812,Proprietorship,Kolkata,West Bengal,TRUE,07-05-25 14:26,FALSE,,ACTIVE,671.65
MCH4521,Raman Plc,Apparel & Fashion,5699,Private Limited,Hyderabad,Telangana,TRUE,04-02-23 12:10,FALSE,,ACTIVE,4397.68
MCH4524,Tara Ltd,Miscellaneous,5999,Private Limited,Hyderabad,Telangana,TRUE,23-07-25 17:42,FALSE,,ACTIVE,1296.94
MCH4526,Mittal Saha And Puri,Apparel & Fashion,5699,Proprietorship,Blr,Karnataka,TRUE,19-06-25 00:00,FALSE,,ACTIVE,893.38
MCH4527,Bansalinc,Retail & Groceries,54110,Private Limited,Lucknow,Uttar Pradesh,TRUE,29-10-25 21:36,FALSE,BWHM6431375051395,ACTIVE,0.3449
MCH4528,Memon Llc,Medical & Health,5912,Partnership / LLP,Hyd,Telangana,TRUE,05-01-23 23:02,FALSE,VOFY4004091833640,ACTIVE,490.99
MCH4529,Wali Llc,Other,5999,Proprietorship,New Delhi,Delhi,TRUE,13-02-23 00:00,TRUE,XXXX0169,SUSPENDED,468.55
MCH4530,Bhandari Ramakrishnan And Srinivasan,Food & Beverage,5812,Partnership / LLP,Pune,Maharashtra,TRUE,10-12-23 00:00,FALSE,8219848716,ACTIVE,669.95
MCH4531,Bail Ramachandran,Electronics & Tech,4814,Private Limited,Jaipur,Rajasthan,TRUE,11-05-25 18:13,TRUE,XXXX9300,ACTIVE,597.69
MCH4534,Bumb Ganguly,Apparel & Fashion,5699,Partnership / LLP,Chennai,Tamil Nadu,TRUE,12-11-25 19:14,FALSE,YNBM1819285405206,ACTIVE,1225.88
MCH4536,Gulati And Sons,Retail,5311,Individual,Dilli,Delhi,TRUE,06-12-24 17:48,FALSE,,ACTIVE,951.8
MCH4538,Lad Ltd,Apparel & Fashion,5699,Private Limited,New Delhi,Delhi,TRUE,30-12-23 08:20,FALSE,,ACTIVE,449.9
MCH4540,Nadig Llc,Apparel & Fashion,5699,Partnership / LLP,Mumbai,Maharashtra,TRUE,02-03-24 18:04,FALSE,,ACTIVE,0.7331
MCH4544,Som Deshmukh And Narang,Retail & Groceries,5411,Partnership / LLP,Bangalore,Karnataka,TRUE,28-04-23 00:00,FALSE,,ACTIVE,4619.33
MCH4547,Rout Inc,Food & Beverage,5812,Private Limited,Bengaluru,Karnataka,TRUE,28-01-26 00:00,FALSE,4666460002,ACTIVE,307.37
MCH4548,Butala Som And Modi,Transprt,4131,Private Limited,Blr,Karnataka,FALSE,,FALSE,6510148022,SUSPENDED,568.11
MCH4551,Sura Group,Apparel & Fashion,5699,Proprietorship,Jalandhar,Punjab,TRUE,01-06-23 00:00,TRUE,XXXX0235,ACTIVE,3287.63
MCH4552,Palla Mutti And Jayaraman,Travel & Transport,4131,Proprietorship,Jaipur,Rajasthan,TRUE,21-07-25 01:20,FALSE,ZNQK3499547364876,ACTIVE,912.53
MCH4553,Zachariah Dara,Food & Beverage,5812,Private Limited,Jalandhar,Punjab,TRUE,07-03-24 11:07,FALSE,,ACTIVE,343.99
MCH4556,Parmar And S0Ns,Medical & Health,,Private Limited,Jaipur,Rajasthan,TRUE,16-05-24 07:05,FALSE,CXEA6616163600300,ACTIVE,933.34
MCH4560,Shankar Ltd,Electronics & Tech,4814,Individual,Blr,Karnataka,TRUE,06-12-25 14:36,FALSE,,ACTIVE,1403.88
MCH4567,Bhatti Inc,Hotel & Lodging,7011,Partnership / LLP,Hyderabad,Telangana,TRUE,29-03-23 00:00,TRUE,XXXX2555,ACTIVE,1514.65
MCH4573,Borde Patil And Taneja,Phone Service,4814,Individual,Chennai,Tamil Nadu,TRUE,27-10-23 00:00,FALSE,KZVD4103515080767,ACTIVE,642.81
MCH4574,Cherian And Sons,Retail & Groceries,5311,Individual,Lucknow,Uttar Pradesh,TRUE,31-08-24 00:00,TRUE,XXXX0148,ACTIVE,789.16
MCH4577,Atwal Sura And Bhatti,Food & Beverage,5812,Partnership / LLP,Hyd,Telangana,TRUE,01-03-26 18:58,FALSE,PWDW0230553443063,ACTIVE,316.9
MCH4578,Khare Warrior,Medical & Health,5912,Private Limited,Amritsar,Punjab,TRUE,01-11-23 00:00,FALSE,4489355946,ACTIVE,504.9
MCH4581,Tailor Ganesh And Menon,Food & Beverage,5812,Partnership / LLP,Bombay,Maharashtra,TRUE,02-11-25 00:00,FALSE,,ACTIVE,0.1137
MCH4582,Pai Shenoy,Phone Service,,Individual,Poona,Maharashtra,TRUE,18-03-25 00:00,TRUE,XXXX2537,ACTIVE,0.1857
MCH4583,Krish Dar,Food & Beverage,5812,Proprietorship,Mumbai,Maharashtra,TRUE,23-11-25 00:00,FALSE,5472564311,ACTIVE,4726
MCH4587,Karnik And Sons,Retail,5311,Partnership / LLP,Jaipur,Rajasthan,TRUE,07-02-25 00:00,FALSE,,ACTIVE,2493.1
MCH4588,Gole Raval And Hans,Food & Beverage,,Proprietorship,Bengaluru,Karnataka,TRUE,14-03-25 00:00,FALSE,2064667231,ACTIVE,1061.34
MCH4589,Sathe Bumb And Shankar,Apparel & Fashion,5699,Proprietorship,Amritsar,Punjab,TRUE,27-10-24 01:28,TRUE,XXXX1983,ACTIVE,76.99
MCH4593,Dube Ravel,Medical & Health,7011,Partnership / LLP,Hyderabad,Telangana,TRUE,30-08-25 00:00,FALSE,,ACTIVE,0.1285
MCH4599,Majumdar Choudhary,Retail & Groceries,5411,Private Limited,Mumbai,Maharashtra,TRUE,03-05-23 16:37,FALSE,5607530943,INACTIVE,1341.81
MCH4600,Devi Group,Retail & Groceries,5311,Individual,New Delhi,Delhi,TRUE,17-02-24 00:00,FALSE,2508192627,ACTIVE,1126.47
MCH4604,Som Kalla And Dada,Apparel & Fashion,5699,Proprietorship,Chennai,Tamil Nadu,TRUE,02-07-24 15:25,FALSE,,ACTIVE,1478.97
MCH4605,Barad Plc,Books & Stationery,5942,Proprietorship,Pune,Maharashtra,TRUE,02-06-25 22:03,TRUE,XXXX1001,ACTIVE,5165.18
MCH4606,Vyas Mukhopadhyay,Hotel & Lodging,7011,Private Limited,Hyderabad,Telangana,TRUE,29-09-25 00:00,TRUE,XXXX6697,ACTIVE,745.57
MCH4608,Chandran Group,Apparel & Fashion,5699,Proprietorship,Lucknow,Uttar Pradesh,TRUE,05-09-23 14:14,FALSE,ZPZS9153819912287,ACTIVE,950.53
MCH4610,Barad Chandaandrana,Books & Stationery,59420,Private Limited,Hyderabad,Telangana,TRUE,23-12-24 00:00,FALSE,3247180851,ACTIVE,2989.03
MCH4613,Batra Devi And Buch,Apparel & Fashion,5699,Individual,Dilli,Delhi,TRUE,03-10-23 00:00,FALSE,6706330376,INACTIVE,3664.64
MCH4614,Badami Llc,Books & Stationery,5942,Partnership / LLP,Jaipur,Rajasthan,TRUE,02-04-25 17:40,FALSE,3429375766,ACTIVE,4687.53
MCH4621,Ravel Chaudhuri,Books & Stationery,5942,Private Limited,New Delhi,Delhi,TRUE,04-08-24 00:00,FALSE,RGWL4221508668071,ACTIVE,397.3
MCH4622,Toor Rajan,Hotel & Lodging,70110,Private Limited,Ludhiana,Punjab,TRUE,20-06-24 14:20,FALSE,,ACTIVE,2524.16
MCH4623,Gokhale Ranganathan And Shenoy,Miscellaneous,5999,Private Limited,Hyderabad,Telangana,TRUE,17-08-25 15:21,FALSE,347099856,ACTIVE,0.171
MCH4624,Krishnamurthy Mandal And Luthra,Miscellaneous,5999,Individual,Chennai,Tamil Nadu,TRUE,06-08-25 00:00,FALSE,5143404041,ACTIVE,784.01
MCH4626,Lalla Handa And Ahuja,Retail Other,5999,Private Limited,Bengaluru,Karnataka,TRUE,31-07-23 00:00,FALSE,,ACTIVE,1497.15
MCH4627,Barman Kashyap,Apparel & Fashion,5699,Partnership / LLP,Pune,Maharashtra,TRUE,10-01-26 00:00,FALSE,,ACTIVE,1852.01
MCH4630,Jhaveri Plc,Misc Retail,5999,Proprietorship,Ludhiana,Punjab,TRUE,07-11-25 02:07,FALSE,2284002392,ACTIVE,1285.49
MCH4636,Sura And Sons,Apparel & Fashion,5699,Partnership / LLP,Mumbai,Maharashtra,TRUE,17-12-23 17:58,FALSE,8723730767,ACTIVE,1036.37
MCH4637,Mitter Pandya,Retail & Groceries,5411,Individual,Chennai,Tamil Nadu,TRUE,05-09-23 20:41,TRUE,XXXX4099,ACTIVE,2198.28
MCH4639,Chaudhry Bath,Medical & Health,59120,Partnership / LLP,Jalandhar,Punjab,TRUE,11-05-23 10:36,TRUE,XXXX7667,ACTIVE,295.45
MCH4640,Choudhary Joshi,Apparel & Fashion,5699,Partnership / LLP,Jaipur,Rajasthan,FALSE,,FALSE,GOPL6469934819715,ACTIVE,857.62
MCH4641,Karnikllc,Retail,5311,Proprietorship,Ludhiana,Punjab,TRUE,02-02-25 00:00,FALSE,,ACTIVE,922.86
MCH4642,Jaggi Ltd,Retail & Groceries,5411,Partnership / LLP,New Delhi,Delhi,TRUE,16-04-24 00:00,TRUE,XXXX5243,SUSPENDED,1180.53
MCH4643,Barad And Sons,Books & Stationery,5942,Individual,Ludhiana,Punjab,TRUE,18-05-25 00:00,FALSE,5063903908,SUSPENDED,3490.79
MCH4648,Tara Pandya,Apparel & Fashion,5699,Partnership / LLP,Chennai,Tamil Nadu,TRUE,02-01-26 00:00,FALSE,TEXQ3961216144905,ACTIVE,852.19
MCH4649,Mand Dattaandsanghvi,Hotel & Lodging,7011,Partnership / LLP,Ludhiana,Punjab,TRUE,16-10-24 00:00,FALSE,,ACTIVE,666.8
MCH4651,Bhat Kamdar,Other,59990,Proprietorship,Hyd,Telangana,TRUE,05-06-24 00:00,FALSE,9030856078,ACTIVE,718.3
MCH4652,Varghese Ramachandran,Travel & Transport,4131,Private Limited,Amritsar,Punjab,TRUE,30-10-24 00:00,FALSE,536639184,ACTIVE,2348.76
MCH4656,Verma Sanghaandvora,Books & Stationery,5942,Private Limited,New Delhi,Delhi,TRUE,02-07-24 00:00,FALSE,,ACTIVE,431.25
MCH4658,Kapadia Inc,Retail,5311,Individual,Hyderabad,Telangana,TRUE,21-05-23 00:00,FALSE,OORB1075233391671,ACTIVE,2693.95
MCH4667,Kapur Gara,Food & Beverage,5812,Private Limited,New Delhi,Delhi,TRUE,30-10-25 17:47,FALSE,9822186565,ACTIVE,1043.72
MCH4669,Bail Plc,Travel & Transport,4131,Proprietorship,Lucknow,Uttar Pradesh,TRUE,17-09-23 00:00,TRUE,XXXX4093,ACTIVE,1960.77
MCH4672,Sandhu Llc,Books & Stationery,5942,Partnership / LLP,Bangalore,Karnataka,FALSE,,FALSE,,ACTIVE,456.49
MCH4674,Sachar Loke,Apparel & Fashion,5699,Private Limited,Jalandhar,Punjab,FALSE,,FALSE,,ACTIVE,1222.52
MCH4675,Minhas Narayan And Bandi,Books & Stationery,,Proprietorship,Jalandhar,Punjab,TRUE,15-06-23 10:04,FALSE,,ACTIVE,975.635
MCH4676,Shan Inc,Other,5999,Proprietorship,Mumbai,Maharashtra,TRUE,20-01-26 00:00,FALSE,DCZB8927650142403,ACTIVE,2805.31
MCH4677,Sethi Bora And Karpe,Books & Stationery,5942,Individual,Poona,Maharashtra,FALSE,,FALSE,,INACTIVE,5089.5
MCH4678,Yogi Goel And Chaudry,Medical & Health,5912,Proprietorship,Amritsar,Punjab,TRUE,11-10-25 23:31,FALSE,8030844375,ACTIVE,1363.28
MCH4681,Sengupta Venkataramanandkonda,Retail & Groceries,5411,Individual,Pune,Maharashtra,TRUE,01-10-26 08:52,FALSE,,ACTIVE,526.79
MCH4682,Chaudry Llc,Travel & Transport,4131,Individual,Hyd,Telangana,TRUE,28-01-24 10:50,FALSE,,ACTIVE,1772.5
MCH4685,Mukhopadhyay Cheema,Books & Stationery,,Private Limited,Chennai,Tamil Nadu,TRUE,22-07-23 11:31,FALSE,3857368814,SUSPENDED,975.635
MCH4687,Goel Llc,Books & Stationery,5942,Individual,Lucknow,Uttar Pradesh,TRUE,30-01-23 00:00,FALSE,BTTJ6615272024781,ACTIVE,0.82
MCH4688,Venkatesh Group,Books & Stationery,5942,Proprietorship,New Delhi,Delhi,TRUE,24-08-24 14:22,FALSE,TBOZ2931559768114,SUSPENDED,2933.52
MCH4690,Dutt Mukhopadhyay And Dara,Other,5999,Proprietorship,Amritsar,Punjab,TRUE,24-04-23 22:55,FALSE,HYJC1967089654932,SUSPENDED,390.23
MCH4691,Deshmukh Pant And Garg,Hotel & Lodging,7011,Proprietorship,Bengaluru,Karnataka,TRUE,10-05-25 00:00,FALSE,,ACTIVE,2116.48
MCH4692,Bhargava Rajagopal And Karan,Hotel & Lodging,7011,Private Limited,New Delhi,Delhi,TRUE,08-06-24 00:00,FALSE,6021368633,ACTIVE,926.71
MCH4693,Dhingra Bava,Hotel & Lodging,7011,Private Limited,Mumbai,Maharashtra,TRUE,28-12-24 01:09,FALSE,,ACTIVE,3445.16
MCH4695,Patel Halder,Food & Beverage,5812,Proprietorship,Pune,Maharashtra,TRUE,11-02-26 16:57,FALSE,,ACTIVE,652.55
MCH4699,Setty Inc,Hotel & Lodging,7011,Private Limited,Pune,Maharashtra,TRUE,04-06-25 00:00,TRUE,XXXX2833,ACTIVE,632.27
MCH4700,Rajan Garg And Ray,Apparel & Fashion,,Individual,Chennai,Tamil Nadu,FALSE,,FALSE,ZNYW6274259007166,ACTIVE,805.94
MCH4701,Bhagat And Sons,Travel & Transport,4131,Individual,Hyderabad,Telangana,TRUE,17-03-25 00:00,FALSE,FBYF6895567808971,ACTIVE,493.82
MCH4702,Nath Group,Retail,5311,Proprietorship,Lucknow,Uttar Pradesh,TRUE,15-08-24 23:18,FALSE,,ACTIVE,0.584
MCH4706,Varughese Mani And Ch0Udhary,Retail & Groceries,5311,Individual,Blr,Karnataka,TRUE,11-11-25 03:09,FALSE,3980025472,ACTIVE,1658.13
MCH4708,Loke Ganesan,Miscellaneous,5999,Proprietorship,Jalandhar,Punjab,TRUE,22-02-24 19:47,FALSE,,ACTIVE,1266.56
MCH4709,Ramakrishnan Palla,Phone Service,4814,Individual,Blr,Karnataka,TRUE,15-02-26 00:00,FALSE,AMXA0608566091033,ACTIVE,1190.3
MCH4712,Zacharia Shere And Dhar,Medical & Health,59120,Private Limited,Jalandhar,Punjab,TRUE,27-04-23 04:30,TRUE,XXXX2361,ACTIVE,2235.26
MCH4713,Sura Boase,Apparel & Fashion,,Proprietorship,Amritsar,Punjab,TRUE,04-12-23 00:00,FALSE,,ACTIVE,1694.6
MCH4716,Goda Agate,Retail & Groceries,5411,Proprietorship,Dilli,Delhi,TRUE,07-01-26 00:00,FALSE,5226052062,ACTIVE,1438.61
MCH4717,Bir Ltd,Travel & Transport,4131,Private Limited,Chennai,Tamil Nadu,TRUE,14-11-25 00:00,FALSE,JKIU5676140711543,ACTIVE,7107.16
MCH4720,Sha Ltd,Retail & Groceries,5411,Partnership / LLP,Chennai,Tamil Nadu,TRUE,05-04-24 00:00,FALSE,136765801,ACTIVE,874.68
MCH4723,Kanda Ltd,Retail Other,5999,Individual,Chennai,Tamil Nadu,TRUE,27-08-24 00:00,TRUE,XXXX1287,ACTIVE,649.83
MCH4725,Joshi Plc,Retail & Groceries,53110,Private Limited,Amritsar,Punjab,TRUE,23-05-23 00:00,FALSE,UNBB3297911061225,ACTIVE,639.24
MCH4727,Dua Mishra,Retail & Groceries,5311,Proprietorship,Pune,Maharashtra,TRUE,18-05-24 00:00,FALSE,9730998246,ACTIVE,0.1242
MCH4729,Karpe Dhaliwal And Subramanian,Hotel & Lodging,7011,Partnership / LLP,Amritsar,Punjab,TRUE,14-01-24 00:00,FALSE,XMOP1907956771131,ACTIVE,2525.97
MCH4732,Ramanathan Kanda And Karnik,Food & Beverage,5812,Private Limited,Lucknow,Uttar Pradesh,TRUE,13-08-25 05:58,FALSE,,ACTIVE,3954.51
MCH4733,Sankar Inc,Retail & Groceries,5411,Proprietorship,Jaipur,Rajasthan,TRUE,25-01-23 00:00,TRUE,XXXX7201,ACTIVE,1176.53
MCH4736,Suresh Gola,Books & Stationery,5942,Partnership / LLP,Mumbai,Maharashtra,TRUE,24-08-23 02:12,FALSE,OCLG6376733151298,ACTIVE,885.16
MCH4737,Aurora Mallick And Dugar,Books & Stationery,59420,Individual,Jalandhar,Punjab,TRUE,27-08-24 00:00,TRUE,XXXX5003,INACTIVE,0.489
MCH4738,Jha Plc,Retail Other,,Proprietorship,Bengaluru,Karnataka,TRUE,24-05-24 22:20,FALSE,,ACTIVE,1636.42
MCH4739,Karpe Doshi,Retail & Groceries,5411,Individual,Lucknow,Uttar Pradesh,TRUE,20-10-23 00:00,FALSE,DQQT0527144866471,ACTIVE,1100.69
MCH4741,Kara And Sons,Miscellaneous,,Partnership / LLP,Jaipur,Rajasthan,TRUE,13-02-23 00:00,TRUE,XXXX2970,ACTIVE,2009.21
MCH4743,Ahluwalia Bansal,Medical & Health,,Private Limited,Ludhiana,Punjab,TRUE,23-08-23 00:00,FALSE,KIYE1462195754397,INACTIVE,486.29
MCH4744,Tiwari Bedi,Books & Stationery,5942,Proprietorship,Poona,Maharashtra,TRUE,13-07-24 00:00,FALSE,85843923,INACTIVE,0.1636
MCH4745,Divan Rao,Retail & Groceries,53110,Proprietorship,Jalandhar,Punjab,TRUE,05-12-23 00:00,FALSE,9446528330,ACTIVE,778.92
MCH4746,Srivastava Bhattacharyya And Morar,Miscellaneous,5999,Proprietorship,Chennai,Tamil Nadu,TRUE,29-07-25 00:00,FALSE,,INACTIVE,402.85
MCH4747,Issac Plc,Travel & Transport,4131,Private Limited,Mumbai,Maharashtra,TRUE,07-07-23 09:40,FALSE,3874952784,INACTIVE,1023.91
MCH4749,Sane Kota,Hotel & Lodging,7011,Partnership / LLP,Ludhiana,Punjab,TRUE,28-08-25 00:00,TRUE,XXXX8682,ACTIVE,2066.82
MCH4752,Chaudhuri Sampath And Wali,Retail & Groceries,5311,Individual,Bengaluru,Karnataka,TRUE,10-01-24 00:00,FALSE,13923003,ACTIVE,399.3
MCH4754,Chhabra Setty And Srinivasan,Apparel & Fashion,5699,Private Limited,Hyderabad,Telangana,TRUE,12-04-23 00:00,FALSE,LSCG0121828291549,INACTIVE,2016.37
MCH4760,Kalla Mammen And Purohit,Phone Service,48140,Individual,New Delhi,Delhi,TRUE,27-10-24 00:00,FALSE,,ACTIVE,964
MCH4761,Khalsa Plc,Medical & Health,5912,Individual,Jaipur,Rajasthan,TRUE,17-01-25 07:20,FALSE,DXWD4550992976599,ACTIVE,4970.84
MCH4765,Madan Pandey,Apparel & Fashion,56990,Proprietorship,Hyderabad,Telangana,TRUE,03-12-25 12:56,TRUE,XXXX6725,ACTIVE,1004.95
MCH4767,Prasad Inc,Phone Service,,Private Limited,Pune,Maharashtra,TRUE,20-06-23 00:00,FALSE,,INACTIVE,789.87
MCH4769,Baral Peri,Apparel & Fashion,5699,Individual,Jaipur,Rajasthan,TRUE,14-01-24 00:00,FALSE,,ACTIVE,1758.52
MCH4770,Mahal Sood,Retail & Groceries,5411,Proprietorship,Jaipur,Rajasthan,TRUE,17-12-24 00:00,FALSE,5162215595,INACTIVE,489.82
MCH4774,Wadhwa Plc,Retail & Groceries,5311,Partnership / LLP,Jalandhar,Punjab,TRUE,09-01-26 14:20,FALSE,4049174087,ACTIVE,374.94
MCH4775,Divan Buch And Kunda,Phone Service,4814,Proprietorship,Lucknow,Uttar Pradesh,TRUE,07-07-25 00:00,FALSE,1956916316,INACTIVE,562.44
MCH4776,Bobal Dutta,Retail & Groceries,5411,Individual,Hyd,Telangana,TRUE,26-02-26 11:47,FALSE,1427903652,ACTIVE,831.82
MCH4777,Babu Choudhry,Electronics & Tech,4814,Individual,New Delhi,Delhi,TRUE,10-01-26 00:00,FALSE,,ACTIVE,373.4
MCH4778,Wali Llc,Travel & Transport,4131,Private Limited,Lucknow,Uttar Pradesh,TRUE,02-01-25 00:00,FALSE,DJNF3001962539740,ACTIVE,1242.33
MCH4781,Mohan Sharaf And Narula,Retail,,Proprietorship,Dilli,Delhi,TRUE,08-01-24 00:00,FALSE,3603337866,ACTIVE,482.6
MCH4782,Salvi Comar,Hotel & Lodging,7011,Proprietorship,Jalandhar,Punjab,TRUE,13-07-25 09:44,TRUE,XXXX1728,ACTIVE,876.5
MCH4786,Edwin Plc,Apparel & Fashion,5699,Individual,Ludhiana,Punjab,TRUE,15-12-24 00:00,FALSE,4903394968,ACTIVE,3435.22
MCH4788,Chauhan Kh0S1A,Apparel & Fashion,5699,Individual,Bangalore,Karnataka,FALSE,,FALSE,651098523,ACTIVE,109.29
MCH4790,Date Plc,Hotel & Lodging,7011,Individual,Amritsar,Punjab,TRUE,11-12-25 10:11,TRUE,XXXX3526,SUSPENDED,0.199
MCH4792,Agrawal Prabhu,Food & Beverage,5812,Proprietorship,Chennai,Tamil Nadu,TRUE,02-11-25 16:37,FALSE,,INACTIVE,0.1844
MCH4794,Borra Dutt,Hotel & Lodging,7011,Private Limited,Jaipur,Rajasthan,TRUE,19-09-24 22:25,FALSE,XRGH9133437458010,ACTIVE,1006.04
MCH4801,Bhargava Basak,Retail,5311,Proprietorship,Lucknow,Uttar Pradesh,TRUE,18-11-25 06:19,TRUE,XXXX3111,ACTIVE,2920.36
MCH4802,Mistry Roy And Salvi,Retail & Groceries,5411,Proprietorship,Chennai,Tamil Nadu,TRUE,23-08-24 18:00,FALSE,2812418940,INACTIVE,0.468
MCH4804,Swamy Plc,Apparel & Fashion,,Partnership / LLP,Lucknow,Uttar Pradesh,TRUE,12-01-25 09:37,FALSE,,SUSPENDED,207.24
MCH4805,Joshi Plc,Other,5999,Proprietorship,Hyd,Telangana,TRUE,26-08-23 00:00,FALSE,,ACTIVE,4206.25
MCH4807,Dutt Pandey And Tella,Medical & Health,5912,Individual,Chennai,Tamil Nadu,TRUE,14-05-24 00:00,FALSE,RXUW0906720577178,ACTIVE,0.1458
MCH4808,Padmanabhan Pathak,Apparel & Fashion,56990,Proprietorship,Lucknow,Uttar Pradesh,TRUE,05-07-24 18:56,FALSE,HSVX5052815662312,INACTIVE,262.16
MCH4809,Viswanathan Plc,Hotel & Lodging,7011,Individual,Kolkata,West Bengal,TRUE,12-07-23 14:32,FALSE,,ACTIVE,1713.6
MCH4811,Rattan Raval,Food & Beverage,5812,Partnership / LLP,Lucknow,Uttar Pradesh,TRUE,05-06-25 00:00,FALSE,PPVP9119915286785,ACTIVE,896.7
MCH4812,Rai Aurora,Medical & Health,7011,Private Limited,Jaipur,Rajasthan,TRUE,07-09-25 00:00,FALSE,IKZY9727785883400,ACTIVE,1732.91
MCH4815,Karan Bhattacharyya And Saran,Medical & Health,5912,Private Limited,Kolkata,West Bengal,TRUE,10-04-25 08:18,FALSE,4505912973,ACTIVE,1152.86
MCH4818,Deol Inc,Miscellaneous,5999,Individual,New Delhi,Delhi,TRUE,29-04-24 00:00,FALSE,RIGL0488107049334,ACTIVE,0.316
MCH4821,Kade Dhawan And Kadakia,Retail & Groceries,5411,Private Limited,Mumbai,Maharashtra,TRUE,14-03-24 00:00,FALSE,,ACTIVE,0.2277
MCH4822,Sama Keer,Travel & Transport,4131,Private Limited,Hyd,Telangana,TRUE,07-08-25 00:00,FALSE,,ACTIVE,736.6
MCH4827,Deol Rastogi And Khatri,Electronics & Tech,4814,Proprietorship,Lucknow,Uttar Pradesh,TRUE,05-10-24 03:12,FALSE,,ACTIVE,0.81
MCH4831,Raja Rout And Singh,Retail & Groceries,5411,Individual,Kolkata,West Bengal,TRUE,09-01-23 00:00,TRUE,XXXX4829,ACTIVE,1885.15
MCH4835,Hari Inc,Medical & Health,5912,Individual,Hyderabad,Telangana,TRUE,06-10-24 00:00,TRUE,XXXX3222,ACTIVE,348.86
MCH4836,Sidhu Krish And Wadhwa,Food & Beverage,5812,Individual,Poona,Maharashtra,TRUE,15-11-25 20:13,FALSE,OUBF1585452700403,ACTIVE,0.431
MCH4838,Srinivasan Ltd,Apparel & Fashion,5699,Partnership / LLP,Ludhiana,Punjab,TRUE,05-11-23 10:10,FALSE,PWKI0930308328537,ACTIVE,193.54
MCH4839,Sura Mall,Travel & Transport,,Private Limited,Ludhiana,Punjab,TRUE,08-12-25 00:00,FALSE,,ACTIVE,682.13
MCH4841,Soman Chhabra And Rau,Food & Beverage,5812,Individual,Hyderabad,Telangana,TRUE,04-06-25 00:00,FALSE,7481277314,ACTIVE,611.25
MCH4842,Pa11A Llc,Books & Stationery,5942,Individual,Calcutta,West Bengal,TRUE,19-12-24 00:00,TRUE,XXXX0707,ACTIVE,0.3127
MCH4843,Kuruvilla Pillay,Phone Service,4814,Individual,Bengaluru,Karnataka,TRUE,18-08-25 00:00,FALSE,VYHF0905352746746,ACTIVE,898.89
MCH4844,Trivedi De01,Hotel & Lodging,7011,Individual,Bengaluru,Karnataka,TRUE,23-06-24 06:58,FALSE,,ACTIVE,798.53
MCH4846,Arora Raghavan,Retail Other,5999,Private Limited,Jaipur,Rajasthan,TRUE,12-09-25 15:21,TRUE,XXXX5049,ACTIVE,1546.33
MCH4847,Dhillon Pillay,Hotel & Lodging,7011,Private Limited,Lucknow,Uttar Pradesh,TRUE,12-10-23 00:00,FALSE,5738051147,ACTIVE,2178.15
MCH4848,Borra Balakrishnan And Chad,Apparel & Fashion,5699,Partnership / LLP,New Delhi,Delhi,TRUE,18-06-24 00:00,FALSE,5183213301,ACTIVE,3072.49
MCH4856,Aurora Ltd,Phone Service,4814,Proprietorship,Jaipur,Rajasthan,TRUE,13-05-24 21:42,FALSE,ECWU8427158374985,ACTIVE,3394.14
MCH4857,Sethi Soni,Travel & Transport,4131,Individual,Ludhiana,Punjab,TRUE,28-02-26 06:57,FALSE,,ACTIVE,278.84
MCH4858,Malhotra Doctor,Electronics & Tech,48140,Individual,Ludhiana,Punjab,TRUE,20-11-24 00:00,FALSE,4066282320,ACTIVE,7460.92
MCH4859,Vasa Raju,Food & Beverage,5812,Proprietorship,Hyd,Telangana,TRUE,17-03-25 02:59,TRUE,XXXX9523,ACTIVE,0.214
MCH4863,Gill Plc,Food & Beverage,5812,Individual,Hyd,Telangana,TRUE,07-01-24 00:00,FALSE,5619003847,ACTIVE,552.87
MCH4864,Date Ltd,Retail & Groceries,54110,Private Limited,Blr,Karnataka,TRUE,12-06-23 01:02,TRUE,XXXX6587,ACTIVE,4042.64
MCH4867,Nath Taneja And Dey,Food & Beverage,5812,Partnership / LLP,Bangalore,Karnataka,TRUE,08-05-24 00:00,FALSE,7096325090,ACTIVE,726.56
MCH4870,Rana Inc,Electronics & Tech,4814,Individual,Amritsar,Punjab,TRUE,07-12-24 12:35,FALSE,,SUSPENDED,0.1127
MCH4871,Kunda Ltd,Food & Beverage,58120,Partnership / LLP,Lucknow,Uttar Pradesh,TRUE,02-09-24 06:08,FALSE,,SUSPENDED,648.87
MCH4874,Chanda Bahl And Kohli,Apparel & Fashion,5699,Proprietorship,Bombay,Maharashtra,TRUE,02-12-24 00:00,FALSE,,ACTIVE,709.03
MCH4875,Sangha Sodhi And Banik,Retail Other,5999,Proprietorship,Calcutta,West Bengal,TRUE,03-12-23 09:59,FALSE,,ACTIVE,303.18
MCH4876,Dugar Prasad And Pal,Food & Beverage,5812,Partnership / LLP,Chennai,Tamil Nadu,TRUE,09-09-23 00:00,TRUE,XXXX5946,ACTIVE,1346.64
MCH4881,Wadhwa Morar And Kara,Medical & Health,59120,Proprietorship,Jalandhar,Punjab,TRUE,26-08-23 00:00,TRUE,XXXX1836,ACTIVE,367.72
MCH4884,Reddy Wason And Magar,Travel & Transport,4131,Private Limited,Kolkata,West Bengal,TRUE,16-05-23 00:00,FALSE,,INACTIVE,0.2421
MCH4886,Mangat Gh0Se,Misc Retail,5999,Proprietorship,Poona,Maharashtra,TRUE,03-11-23 00:00,FALSE,8646245603,ACTIVE,0.551
MCH4888,Saha Jani,Phone Service,4814,Proprietorship,Ludhiana,Punjab,TRUE,20-11-25 00:00,FALSE,,ACTIVE,308.77
MCH4889,Bhatti Kapoor,Misc Retail,5999,Individual,Jalandhar,Punjab,TRUE,26-01-25 00:00,FALSE,,ACTIVE,2464.23
MCH4893,Jani Verma,Transprt,4131,Partnership / LLP,Jalandhar,Punjab,TRUE,11-08-23 22:02,FALSE,,ACTIVE,1601.52
MCH4897,Bahl Plc,Travel & Transport,4131,Partnership / LLP,Amritsar,Punjab,TRUE,03-09-24 00:00,FALSE,,ACTIVE,6953.87
MCH4900,Karpe Plc,Retail & Groceries,5411,Proprietorship,Jalandhar,Punjab,TRUE,04-02-25 00:00,FALSE,,ACTIVE,2695.78
MCH4902,Pingle Choudhary And Raghavan,Medical & Health,7011,Proprietorship,Bengaluru,Karnataka,TRUE,31-03-23 00:00,FALSE,,ACTIVE,482.41
MCH4903,Khatri Gr0Up,Retail & Groceries,5311,Individual,New Delhi,Delhi,TRUE,07-07-24 00:00,FALSE,,ACTIVE,1076.395
MCH4904,Vohra Lanka And Bumb,Electronics & Tech,4814,Partnership / LLP,Chennai,Tamil Nadu,TRUE,25-09-23 03:37,TRUE,XXXX8030,ACTIVE,1946.13
MCH4906,Gaba Llc,Food & Beverage,5812,Private Limited,Jaipur,Rajasthan,TRUE,31-01-24 00:00,FALSE,,ACTIVE,1902.8
MCH4909,Sharaf Lalla And Rattan,Books & Stationery,,Proprietorship,Calcutta,West Bengal,TRUE,16-02-25 20:04,FALSE,5725440715,SUSPENDED,650.04
MCH4911,Nigam Mahajan And Misra,Retail & Groceries,5411,Individual,Bengaluru,Karnataka,TRUE,14-06-25 00:00,FALSE,,ACTIVE,689.3
MCH4912,Devi Group,Retail & Groceries,5411,Proprietorship,Calcutta,West Bengal,TRUE,07-07-25 01:25,FALSE,DTHN1330740328006,ACTIVE,1738.86
MCH4913,Baral Bhattacharyya,Travel & Transport,41310,Individual,Amritsar,Punjab,TRUE,19-05-23 19:12,FALSE,MXBT0588021899874,INACTIVE,697.03
MCH4914,Bora Inc,Retail & Groceries,5411,Proprietorship,Jaipur,Rajasthan,TRUE,12-05-24 00:00,FALSE,,ACTIVE,4227.85
MCH4916,Rama Patel,Books & Stationery,5942,Individual,New Delhi,Delhi,TRUE,24-06-25 22:01,TRUE,XXXX0402,ACTIVE,2293.01
MCH4917,Bhat Saha And Wable,Travel & Transport,4131,Private Limited,Jaipur,Rajasthan,TRUE,14-04-25 00:00,TRUE,XXXX6979,ACTIVE,6159.51
MCH4918,Ganesh Inc,Hotel & Lodging,,Individual,Lucknow,Uttar Pradesh,TRUE,09-12-23 00:00,TRUE,XXXX3579,ACTIVE,651.04
MCH4922,Cheema Group,Misc Retail,5999,Partnership / LLP,Hyderabad,Telangana,TRUE,20-03-24 00:00,FALSE,,ACTIVE,324.81
MCH4926,Shankar Ltd,Food & Beverage,5812,Individual,Hyderabad,Telangana,TRUE,28-12-24 03:14,FALSE,6804229881,ACTIVE,958.85
MCH4927,Mohan Plc,Apparel & Fashion,5699,Individual,Jaipur,Rajasthan,TRUE,04-03-25 00:00,FALSE,MQQO7446373111287,ACTIVE,1972.99
MCH4928,Narang Bedi And Sachar,Apparel & Fashion,5699,Private Limited,Jalandhar,Punjab,TRUE,25-09-25 00:00,FALSE,,ACTIVE,3146.1
MCH4930,Dasgupta Dua,Food & Beverage,5812,Partnership / LLP,Jaipur,Rajasthan,TRUE,25-06-25 14:06,FALSE,,ACTIVE,1023.36
MCH4932,Khosla And Sons,Food & Beverage,5812,Proprietorship,Jalandhar,Punjab,TRUE,09-08-24 02:55,FALSE,QSCW5400259337785,INACTIVE,340.55
MCH4934,Shroff Inc,Medical & Health,5912,Private Limited,Asr,Punjab,TRUE,12-08-25 00:00,FALSE,OBRZ2207838983000,ACTIVE,1471.24
MCH4936,Bhalla Gour And Khare,Retail & Groceries,5411,Individual,Jalandhar,Punjab,TRUE,14-10-25 00:00,FALSE,586737361,ACTIVE,739.83
MCH4937,Mand And Sons,Medical & Health,5912,Partnership / LLP,Calcutta,West Bengal,FALSE,,FALSE,FBXP3192759861569,ACTIVE,2054.97
MCH4939,Bath Kumer,Electronics & Tech,4814,Partnership / LLP,New Delhi,Delhi,TRUE,06-10-23 12:33,TRUE,XXXX8414,ACTIVE,1620.24
MCH4943,Sawhney Dugar,Medical & Health,7011,Proprietorship,Chennai,Tamil Nadu,TRUE,16-07-23 00:00,FALSE,,INACTIVE,470.52
MCH4944,Pillai Kurian And Sunder,Retail & Groceries,,Proprietorship,Mumbai,Maharashtra,TRUE,08-04-23 22:00,TRUE,XXXX3249,ACTIVE,907.45
MCH4947,M0Han Sah0Ta,Travel & Transport,4131,Individual,Mumbai,Maharashtra,TRUE,22-04-25 00:00,FALSE,QAWO0072726316755,ACTIVE,1906.18
MCH4948,Dass Dhaliwal,Food & Beverage,5812,Partnership / LLP,Jalandhar,Punjab,TRUE,25-06-24 00:00,TRUE,XXXX1800,ACTIVE,1356.31
MCH4951,Sha Shan And D’Alia,Electronics & Tech,4814,Private Limited,Mumbai,Maharashtra,TRUE,05-08-23 18:25,FALSE,6408029678,INACTIVE,1021.355
MCH4952,Anne Choudhryandbhattacharyya,Food & Beverage,5812,Individual,Dilli,Delhi,FALSE,,FALSE,XAPW5259361506192,ACTIVE,0.4302
MCH4956,Kant Setty,Retail & Groceries,5411,Proprietorship,Jaipur,Rajasthan,TRUE,22-01-25 00:00,FALSE,DOXB7877644685999,ACTIVE,6450.59
MCH4957,Natt Ltd,Apparel & Fashion,5699,Individual,Lucknow,Uttar Pradesh,FALSE,,FALSE,5191776924,ACTIVE,1324.11
MCH4958,Dara Inc,Phone Service,4814,Partnership / LLP,Pune,Maharashtra,TRUE,30-03-25 00:00,TRUE,XXXX0462,ACTIVE,942.235
MCH4962,Venkataraman Mannan,Books & Stationery,5942,Private Limited,Chennai,Tamil Nadu,TRUE,15-07-25 06:02,FALSE,8238766790,ACTIVE,266.61
MCH4963,Atwalltd,Medical & Health,5912,Proprietorship,Hyderabad,Telangana,TRUE,17-09-24 15:34,FALSE,,ACTIVE,1030
MCH4964,Sarkar Goda,Retail & Groceries,5311,Private Limited,Poona,Maharashtra,TRUE,14-07-25 00:00,FALSE,,SUSPENDED,0.1517
MCH4965,Shukla Brahmbhatt And Natarajan,Apparel & Fashion,5699,Individual,Pune,Maharashtra,TRUE,20-11-24 08:09,FALSE,3036734144,ACTIVE,168.46
MCH4967,Mallick Plc,Travel & Transport,4131,Partnership / LLP,Amritsar,Punjab,TRUE,22-08-25 00:00,TRUE,XXXX4798,ACTIVE,3082.77
MCH4968,Choudhry Inc,Electronics & Tech,4814,Partnership / LLP,Jaipur,Rajasthan,FALSE,,FALSE,7588932286,ACTIVE,1122.44
MCH4969,Bobal Garde And Upadhyay,Electronics & Tech,4814,Proprietorship,Chennai,Tamil Nadu,TRUE,01-11-23 00:00,TRUE,XXXX2131,ACTIVE,817.93
MCH4971,Gopal Jayaraman And Narayan,Books & Stationery,5942,Individual,Lucknow,Uttar Pradesh,TRUE,20-11-24 07:33,FALSE,,ACTIVE,650.74
MCH4972,Seshadri Dalal,Retail & Groceries,5311,Partnership / LLP,Poona,Maharashtra,TRUE,03-10-25 00:00,FALSE,8465114405,ACTIVE,1064.98
MCH4973,Vala Raval,Hotel & Lodging,7011,Private Limited,Chennai,Tamil Nadu,TRUE,04-05-24 00:00,TRUE,XXXX2841,ACTIVE,859.46
MCH4974,Krishna Plc,Apparel & Fashion,5699,Individual,Kolkata,West Bengal,TRUE,18-04-23 00:00,FALSE,3596123048,SUSPENDED,1458.56
MCH4975,Nagy Kuruvilla And Saxena,Hotel & Lodging,7011,Proprietorship,New Delhi,Delhi,TRUE,25-05-25 00:00,FALSE,,ACTIVE,621.98
MCH4976,Walla And Sons,Books & Stationery,5942,Proprietorship,Bengaluru,Karnataka,TRUE,21-10-25 00:00,FALSE,XKET6356016924037,ACTIVE,0.929
MCH4977,Arora Nayak,Other,5999,Individual,Ludhiana,Punjab,TRUE,03-05-25 00:00,FALSE,,ACTIVE,1505.38
MCH4980,Batra Llc,Retail & Groceries,5411,Individual,Pune,Maharashtra,FALSE,,TRUE,XXXX6176,ACTIVE,2806.42
MCH4982,Upadhyay Thaker,Apparel & Fashion,5699,Private Limited,Pune,Maharashtra,TRUE,10-04-23 00:00,TRUE,XXXX3001,ACTIVE,1036.37
MCH4983,Magar Ratta And Choudhary,Retail & Groceries,5411,Partnership / LLP,Ludhiana,Punjab,TRUE,07-05-23 00:00,FALSE,ZMSE7382357273196,ACTIVE,617.98
MCH4984,Aurora Mohan And Jain,Electronics & Tech,48140,Proprietorship,Jaipur,Rajasthan,TRUE,02-07-24 00:00,TRUE,XXLT9593960471643,ACTIVE,1500.11
MCH4985,Hayre And Sons,Books & Stationery,5942,Partnership / LLP,Lucknow,Uttar Pradesh,TRUE,01-08-23 00:00,FALSE,PXAE0911368692866,ACTIVE,1981.89
MCH4989,Din Bhatia,Medical & Health,5912,Proprietorship,Amritsar,Punjab,TRUE,22-07-24 00:00,FALSE,8027810029,ACTIVE,2169.45
MCH4990,Ramakrishnan Dey And Thakkar,Retail & Groceries,5411,Private Limited,Mumbai,Maharashtra,FALSE,,FALSE,OWGO7691795560125,ACTIVE,1076.395
MCH4992,Viswanathan Pandey,Hotel & Lodging,7011,Individual,Jalandhar,Punjab,TRUE,19-02-24 00:00,FALSE,,SUSPENDED,918.79
MCH4994,Uppal Bawa And Gera,Food & Beverage,5812,Proprietorship,New Delhi,Delhi,TRUE,21-04-23 00:00,FALSE,,ACTIVE,0.171
MCH4998,Sura Kanda And Chopra,Retail & Groceries,5411,Partnership / LLP,Pune,Maharashtra,TRUE,11-12-23 21:39,FALSE,6601172673,INACTIVE,2782.68
MCH5000,Lad Group,Miscellaneous,5999,Private Limited,Kolkata,West Bengal,TRUE,05-01-25 17:26,FALSE,,ACTIVE,341.11
MCH5001,Narayan Llc,Food & Beverage,5812,Partnership / LLP,Poona,Maharashtra,TRUE,17-06-23 00:00,FALSE,JVBH8016822587770,ACTIVE,1893.51
MCH5009,Arora Wagle,Apparel & Fashion,5699,Individual,Hyderabad,Telangana,TRUE,06-11-24 16:41,TRUE,XXXX1307,ACTIVE,1125.91
MCH5015,Pall Mand And Balakrishnan,Food & Beverage,5812,Proprietorship,Lucknow,Uttar Pradesh,TRUE,23-12-24 20:34,FALSE,9471379053,ACTIVE,2215.59
MCH5017,Datta Sinha And Pat1A,Medical & Health,7011,Proprietorship,Kolkata,West Bengal,TRUE,25-11-24 00:00,FALSE,6167636642,ACTIVE,0.617
MCH5019,Sah0Ta Rama And Rama,Medical & Health,5912,Partnership / LLP,Lucknow,Uttar Pradesh,TRUE,27-07-25 00:00,TRUE,XXXX3502,ACTIVE,0.955
MCH5020,Sarna Sarraf,Retail & Groceries,5411,Individual,Lucknow,Uttar Pradesh,TRUE,27-02-23 19:58,FALSE,,ACTIVE,3351.89
MCH5021,Dora Group,Hotel & Lodging,,Partnership / LLP,Jaipur,Rajasthan,TRUE,10-01-24 00:00,FALSE,2704643767,ACTIVE,0.843
MCH5023,Chatterjee Kalla,Medical & Health,5912,Partnership / LLP,Bombay,Maharashtra,TRUE,31-12-24 00:00,TRUE,XXXX9987,ACTIVE,5484.78
MCH5027,Mukhopadhyay Brar,Retail Other,5999,Partnership / LLP,Ludhiana,Punjab,TRUE,17-10-23 00:00,FALSE,CWYO9756460575495,ACTIVE,3103.67
MCH5028,Chhabra Deo And Chakrabarti,Hotel & Lodging,7011,Partnership / LLP,Ludhiana,Punjab,TRUE,14-03-24 00:00,FALSE,RQQO5337522783830,INACTIVE,716.94
MCH5036,Buch Inc,Books & Stationery,5942,Partnership / LLP,Chennai,Tamil Nadu,TRUE,02-02-23 00:00,FALSE,9320708690,ACTIVE,1529.39
MCH5037,Chadha Llc,Retail & Groceries,5311,Private Limited,Jaipur,Rajasthan,TRUE,05-03-25 00:00,FALSE,5877889834,ACTIVE,5536.23
MCH5038,Din Som And Bahl,Medical & Health,,Partnership / LLP,Lucknow,Uttar Pradesh,TRUE,20-10-24 00:00,FALSE,DJBJ3245727756471,ACTIVE,1056.12
MCH5040,Nayar Khatri,Electronics & Tech,4814,Individual,Pune,Maharashtra,TRUE,30-04-25 04:40,FALSE,,ACTIVE,1055.33
MCH5042,Nagi Raja,Medical & Health,,Individual,Kolkata,West Bengal,TRUE,25-04-24 11:13,FALSE,3533096055,ACTIVE,3524.4
MCH5043,Chakraborty Gour And Kothari,Travel & Transport,41310,Private Limited,Calcutta,West Bengal,TRUE,17-03-25 00:00,FALSE,ROSR2212738533894,INACTIVE,614.63
MCH5044,Mahajan Narasimhan,Books & Stationery,,Individual,Chennai,Tamil Nadu,TRUE,09-04-25 00:00,FALSE,,ACTIVE,0.1148
MCH5045,More Doctor,Retail & Groceries,5411,Individual,Bangalore,Karnataka,TRUE,15-09-25 22:04,FALSE,,SUSPENDED,145.75
MCH5050,Subramanian Dua,Books & Stationery,5942,Partnership / LLP,Pune,Maharashtra,TRUE,28-08-25 14:42,FALSE,,ACTIVE,0.1506
MCH5052,Pillay Bora,Retail Other,,Partnership / LLP,Hyderabad,Telangana,TRUE,04-01-24 00:00,TRUE,XXXX9697,ACTIVE,0.1127
MCH5054,Kara Mandal And Mitra,Food & Beverage,58120,Proprietorship,Kolkata,West Bengal,TRUE,29-01-24 00:00,FALSE,,SUSPENDED,5895.31
MCH5055,Aggarwal Doctor,Medical & Health,5912,Private Limited,Hyderabad,Telangana,TRUE,04-07-24 02:56,FALSE,,ACTIVE,3805.08
MCH5056,Subramaniam Plc,Retail & Groceries,5411,Partnership / LLP,Blr,Karnataka,FALSE,,FALSE,WHRV5412713701234,SUSPENDED,473.92
MCH5061,Natarajan Inc,Apparel & Fashion,5699,Proprietorship,Ludhiana,Punjab,TRUE,10-10-25 11:35,FALSE,3155448560,ACTIVE,1265.19
MCH5064,Pandey Sangha,Apparel & Fashion,56990,Proprietorship,Bangalore,Karnataka,TRUE,31-12-23 00:00,TRUE,XXXX3296,ACTIVE,2028.77
MCH5067,Mangat Pant,Electronics & Tech,4814,Individual,Poona,Maharashtra,TRUE,27-02-24 00:00,FALSE,NOGU4869470784091,ACTIVE,1263.65
MCH5070,Rau Nagar,Retail Other,59990,Private Limited,Chennai,Tamil Nadu,TRUE,04-12-24 11:51,FALSE,,ACTIVE,0.11139
MCH5072,Shroff Sangha,Retail Other,5999,Private Limited,Jaipur,Rajasthan,TRUE,08-12-24 00:00,TRUE,XXXX4443,ACTIVE,3955.29
MCH5077,Chauhan Thakur And Chacko,Retail & Groceries,5411,Individual,Jaipur,Rajasthan,TRUE,12-11-23 01:16,FALSE,9740262322,INACTIVE,250.88
MCH5079,Ramaswamy Trivedi,Retail & Groceries,5311,Private Limited,Blr,Karnataka,TRUE,01-07-24 00:00,FALSE,MSIB5848944508855,SUSPENDED,549.02
MCH5080,Shere Jha And Sarma,Medical & Health,5912,Proprietorship,Calcutta,West Bengal,TRUE,22-02-25 20:56,FALSE,,ACTIVE,2711.51
MCH5081,Bhatia Srinivasan And Sampath,Medical & Health,5912,Private Limited,Chennai,Tamil Nadu,TRUE,19-01-24 00:00,FALSE,6512242126,ACTIVE,869.22
MCH5084,Doshi Llc,Books & Stationery,5942,Individual,Jalandhar,Punjab,TRUE,06-11-25 20:48,FALSE,5224325531,ACTIVE,0.182
MCH5086,Balan Llc,Other,5999,Private Limited,Amritsar,Punjab,TRUE,19-12-23 00:00,TRUE,XXXX8174,ACTIVE,575.58
MCH5089,Korpal Parmer,Retail,5311,Private Limited,Jaipur,Rajasthan,TRUE,14-06-24 00:00,FALSE,,ACTIVE,0.373
MCH5090,Chacko Dora,Retail & Groceries,54110,Proprietorship,Hyderabad,Telangana,TRUE,27-12-23 00:00,FALSE,DVGQ3463891046958,ACTIVE,658.73
MCH5091,Rau Ratta,Food & Beverage,5812,Partnership / LLP,Calcutta,West Bengal,TRUE,24-03-24 00:00,FALSE,ZHRH0362265719965,ACTIVE,0.755
MCH5092,Dubey Gade,Electronics & Tech,4814,Partnership / LLP,Kolkata,West Bengal,TRUE,01-07-23 00:00,FALSE,,ACTIVE,730.73
MCH5093,Khatri Kata,Retail & Groceries,5411,Partnership / LLP,Jaipur,Rajasthan,TRUE,28-10-24 00:00,FALSE,,INACTIVE,1344.37
MCH5097,Sathe Inc,Retail & Groceries,5311,Proprietorship,Jaipur,Rajasthan,TRUE,07-05-23 00:00,TRUE,XXXX5532,ACTIVE,997.33
MCH5100,Garde Mody,Retail & Groceries,5411,Proprietorship,Hyderabad,Telangana,TRUE,02-12-23 00:00,FALSE,HBWM0411273165352,ACTIVE,347.68
MCH5103,Morar Kannan And Purohit,Hotel & Lodging,7011,Individual,Lucknow,Uttar Pradesh,TRUE,12-11-23 00:00,FALSE,8919993904,SUSPENDED,926.71
MCH5106,Luthra Llc,Books & Stationery,59420,Private Limited,Jalandhar,Punjab,TRUE,01-12-23 00:00,TRUE,XXXX6321,ACTIVE,0.411
MCH5108,Bora Llc,Retail & Groceries,5411,Private Limited,Jalandhar,Punjab,TRUE,16-03-25 12:39,FALSE,DLNH5334244521006,ACTIVE,1076.395
MCH5110,Grover And Sons,Misc Retail,5999,Private Limited,Jalandhar,Punjab,TRUE,02-05-24 00:00,FALSE,ZILO7642666200036,ACTIVE,1491.89
MCH5111,Ramachandran Group,Retail & Groceries,5411,Private Limited,Ludhiana,Punjab,TRUE,01-05-26 10:29,FALSE,9740232667,ACTIVE,541.94
MCH5112,Agate Atwal And Yohannan,Retail & Groceries,5311,Private Limited,Ludhiana,Punjab,TRUE,27-06-23 18:52,FALSE,JBYC7644035129509,ACTIVE,669.14
MCH5113,Mani Buch,Apparel & Fashion,5699,Partnership / LLP,Pune,Maharashtra,TRUE,04-11-25 22:11,TRUE,XXXX7200,ACTIVE,2132.66
MCH5114,Sarraf Iyengar,Medical & Health,5912,Individual,New Delhi,Delhi,TRUE,26-02-25 09:24,FALSE,XRZF4644234669872,ACTIVE,452.11
MCH5117,Bava Sani,Retail & Groceries,5311,Private Limited,Amritsar,Punjab,TRUE,07-05-23 15:56,FALSE,ICYL7735321082205,ACTIVE,557.72
MCH5119,Raghavan Shere,Food & Beverage,5812,Proprietorship,Chennai,Tamil Nadu,TRUE,14-09-25 00:00,FALSE,,ACTIVE,0.1149
MCH5121,Ramakrishnan Inc,Transprt,4131,Proprietorship,Ludhiana,Punjab,TRUE,27-11-23 00:00,FALSE,,ACTIVE,3794.33
MCH5122,K0Ta R0Y,Apparel & Fashion,5699,Individual,New Delhi,Delhi,TRUE,20-08-25 00:00,TRUE,XXXX7270,ACTIVE,390.64
MCH5125,Dave And Sons,Food & Beverage,5812,Private Limited,Ludhiana,Punjab,TRUE,15-06-25 00:00,TRUE,XXXX1925,ACTIVE,838.15
MCH5127,Sankar Group,Medical & Health,7011,Partnership / LLP,New Delhi,Delhi,TRUE,09-06-24 00:00,FALSE,3303273399,ACTIVE,2034.47
MCH5129,Kant Chaudhari And Sarna,Travel & Transport,4131,Proprietorship,Chennai,Tamil Nadu,TRUE,19-07-25 00:00,FALSE,QYZU2715177783366,ACTIVE,4873.16
MCH5133,Sawhney Group,Retail & Groceries,,Individual,Hyderabad,Telangana,TRUE,10-12-24 00:00,FALSE,959364769,ACTIVE,1388.77
MCH5135,Kapoor Ltd,Apparel & Fashion,5699,Partnership / LLP,Chennai,Tamil Nadu,TRUE,25-02-24 00:00,TRUE,XXXX2733,ACTIVE,1221.22
MCH5136,Thakur And Sons,Travel & Transport,4131,Proprietorship,Jaipur,Rajasthan,TRUE,10-02-25 00:00,FALSE,8466988688,SUSPENDED,2681.3
MCH5137,Bath Keer,Electronics & Tech,4814,Private Limited,Bengaluru,Karnataka,TRUE,06-11-24 00:00,TRUE,XXXX5840,SUSPENDED,0.634
MCH5141,Sinha Ltd,Apparel & Fashion,,Proprietorship,Jaipur,Rajasthan,TRUE,27-07-25 00:03,TRUE,XXXX0376,INACTIVE,764.85
MCH5144,Johal Ltd,Hotel & Lodging,70110,Proprietorship,Jalandhar,Punjab,TRUE,01-02-24 16:44,TRUE,XXXX0257,ACTIVE,490.7
MCH5146,Wadhwa Swamy,Retail & Groceries,5311,Partnership / LLP,Jalandhar,Punjab,TRUE,11-05-23 00:00,FALSE,,ACTIVE,1076.395
MCH5147,Rao Mahal And Wable,Other,5999,Private Limited,Jalandhar,Punjab,TRUE,16-09-24 08:12,FALSE,8569345830,ACTIVE,0.687
MCH5148,Bose Ranganathan And Bose,Retail & Groceries,5411,Individual,Amritsar,Punjab,TRUE,20-10-24 00:00,FALSE,,ACTIVE,1076.395
MCH5151,Sachar Lad,Travel & Transport,4131,Partnership / LLP,Mumbai,Maharashtra,TRUE,09-04-25 22:00,FALSE,7481974508,ACTIVE,703.87
MCH5154,Dhingra Sunder,Misc Retail,5999,Proprietorship,Poona,Maharashtra,TRUE,14-06-25 00:00,FALSE,1153641874,ACTIVE,0.2001
MCH5156,Bumb Buch And R0Ut,Hotel & Lodging,7011,Private Limited,Mumbai,Maharashtra,TRUE,10-11-25 21:13,FALSE,,ACTIVE,1483.33
MCH5159,Boase Nadkarni And Kala,Travel & Transport,4131,Private Limited,Jaipur,Rajasthan,TRUE,18-05-25 00:00,FALSE,DDIU4780752450137,ACTIVE,214.1
MCH5160,Subramanian Inc,Hotel & Lodging,7011,Partnership / LLP,Amritsar,Punjab,TRUE,17-11-25 00:00,FALSE,,ACTIVE,1435.76
MCH5162,Srinivas Sule,Retail,5311,Individual,Jaipur,Rajasthan,TRUE,20-02-25 00:00,FALSE,3127556904,ACTIVE,1145.33
MCH5163,Pandit Lad And V0Ra,Electronics & Tech,48140,Individual,Kolkata,West Bengal,TRUE,31-05-23 00:00,TRUE,XXXX7995,ACTIVE,1014.92
MCH5164,Yohannan Sahniandbasak,Retail & Groceries,5411,Individual,Mumbai,Maharashtra,TRUE,01-09-23 00:00,FALSE,8938397659,INACTIVE,830.61
MCH5166,Rastogi Ltd,Retail & Groceries,5411,Individual,Hyd,Telangana,TRUE,10-11-25 00:00,TRUE,XXXX4606,ACTIVE,1432.96
MCH5167,Bose And Sons,Books & Stationery,5942,Private Limited,Jalandhar,Punjab,TRUE,20-08-25 17:50,FALSE,,ACTIVE,1269.25
MCH5169,Kurian Narayan,Books & Stationery,5942,Individual,Jalandhar,Punjab,TRUE,01-06-24 00:00,FALSE,7935605737,ACTIVE,1621.49
MCH5171,Pandya Bawa And Kibe,Travel & Transport,4131,Partnership / LLP,Jaipur,Rajasthan,TRUE,18-11-24 00:00,TRUE,XXXX5385,ACTIVE,1895.53
MCH5176,Samra Sampathandchaudhuri,Travel & Transport,4131,Individual,Jalandhar,Punjab,TRUE,18-03-25 00:00,FALSE,,ACTIVE,0.905
MCH5180,Varkey Inc,Apparel & Fashion,5699,Individual,Lucknow,Uttar Pradesh,TRUE,26-09-25 08:36,TRUE,XXXX1928,ACTIVE,1047.37
MCH5182,Kadakia Raman And Badal,Travel & Transport,4131,Proprietorship,Asr,Punjab,TRUE,15-07-23 00:00,FALSE,5073008487,ACTIVE,0.932
MCH5183,Chandra Llc,Books & Stationery,5942,Individual,Jaipur,Rajasthan,TRUE,16-10-23 12:28,FALSE,,ACTIVE,578.29
MCH5186,Iyer Sarma And Issac,Retail & Groceries,5311,Private Limited,Jaipur,Rajasthan,TRUE,27-03-23 20:46,FALSE,WHOY9873117052427,ACTIVE,830.18
MCH5188,Dube Nair And Datta,Travel & Transport,4131,Individual,Jalandhar,Punjab,TRUE,22-03-23 00:00,FALSE,4717131081,ACTIVE,2008.92
MCH5190,Karpe Inc,Books & Stationery,5942,Proprietorship,New Delhi,Delhi,TRUE,07-06-24 13:34,FALSE,AIVF4646117807271,ACTIVE,2042.93
MCH5193,Shetty Inc,Medical & Health,5912,Partnership / LLP,Amritsar,Punjab,TRUE,13-07-25 00:00,FALSE,QQWR4601081024609,ACTIVE,1291.02
MCH5196,Saini Ltd,Retail,5311,Private Limited,Jalandhar,Punjab,TRUE,23-02-25 00:00,FALSE,GPCS2279648422088,SUSPENDED,922.86
MCH5197,Acharyainc,Travel & Transport,41310,Private Limited,Jalandhar,Punjab,FALSE,,TRUE,XXXX5691,ACTIVE,699.94
MCH5200,Saha Plc,Travel & Transport,4131,Private Limited,Ludhiana,Punjab,TRUE,10-11-25 08:57,FALSE,,ACTIVE,913.24
MCH5203,Goel Mishra And Ram,Electronics & Tech,4814,Proprietorship,Blr,Karnataka,TRUE,28-04-23 00:00,FALSE,,ACTIVE,3326.82
MCH5204,Sibal Kanda,Books & Stationery,,Private Limited,Ludhiana,Punjab,TRUE,20-06-25 00:00,FALSE,3994262713,ACTIVE,692.13
MCH5205,Yogi Minhas And Goda,Retail & Groceries,5311,Partnership / LLP,Ludhiana,Punjab,TRUE,01-06-25 00:00,FALSE,,ACTIVE,0.455
MCH5208,Mann Inc,Retail & Groceries,5411,Private Limited,Hyderabad,Telangana,TRUE,04-10-23 08:46,FALSE,,SUSPENDED,1269.59
MCH5210,Gill Acharya And Naidu,Medical & Health,5912,Partnership / LLP,Amritsar,Punjab,TRUE,10-12-24 00:00,FALSE,1435006704,SUSPENDED,1319.3
MCH5213,Keer Yadav,Hotel & Lodging,7011,Private Limited,Jalandhar,Punjab,TRUE,09-04-23 17:38,FALSE,NHOQ3812159504524,ACTIVE,2157.19
MCH5215,Tank Golla,Misc Retail,59990,Individual,Hyderabad,Telangana,TRUE,06-08-24 02:20,TRUE,XXXX4115,ACTIVE,0.1953
MCH5217,Kapur Sabharwal And Chaudhuri,Retail,5311,Proprietorship,Lucknow,Uttar Pradesh,TRUE,07-03-23 21:02,FALSE,OZSL0162567761883,ACTIVE,499.03
MCH5219,Prakash Amble And Mukhopadhyay,Medical & Health,7011,Proprietorship,Jaipur,Rajasthan,TRUE,21-06-24 13:59,FALSE,,ACTIVE,2597.41
MCH5222,Char Warrior And Cherian,Apparel & Fashion,5699,Partnership / LLP,Chennai,Tamil Nadu,TRUE,19-03-24 18:57,TRUE,XXXX0689,INACTIVE,352.83
MCH5223,Dua Raj And Aurora,Food & Beverage,58120,Private Limited,Ludhiana,Punjab,TRUE,08-06-24 00:00,TRUE,XXXX3071,ACTIVE,986.86
MCH5224,Prabhakar Baral,Miscellaneous,5999,Proprietorship,New Delhi,Delhi,TRUE,02-06-24 19:20,FALSE,VAHS1051982392955,ACTIVE,873.18
MCH5225,Bera Guha And Narayan,Books & Stationery,5942,Individual,Hyd,Telangana,TRUE,16-08-25 05:25,FALSE,AJUQ5177176562909,ACTIVE,975.635
MCH5226,Tiwari Pau,Other,5999,Individual,Lucknow,Uttar Pradesh,TRUE,24-12-23 02:18,FALSE,6912933947,ACTIVE,271.33
MCH5227,Yogi Varghese And Balay,Food & Beverage,5812,Individual,Mumbai,Maharashtra,TRUE,10-02-24 00:00,FALSE,,ACTIVE,2005.26
MCH5230,Bajaj Ltd,Travel & Transport,,Partnership / LLP,New Delhi,Delhi,TRUE,02-01-24 00:00,FALSE,8842729592,ACTIVE,3959.52
MCH5231,Om Shah,Medical & Health,5912,Individual,Jaipur,Rajasthan,TRUE,29-04-23 00:00,FALSE,2208124689,ACTIVE,165.39
MCH5233,Raghavan Mall,Electronics & Tech,4814,Partnership / LLP,Bengaluru,Karnataka,TRUE,02-11-26 05:56,FALSE,,ACTIVE,3087.5
MCH5235,Palla Inc,Books & Stationery,5942,Partnership / LLP,Blr,Karnataka,TRUE,27-10-24 00:00,FALSE,,ACTIVE,3807.5
MCH5236,More Luthra And Deol,Retail Other,5999,Partnership / LLP,Amritsar,Punjab,TRUE,11-02-23 00:00,FALSE,,ACTIVE,1110.58
MCH5237,Deep Raja,Misc Retail,5999,Individual,Bombay,Maharashtra,TRUE,13-02-25 16:43,TRUE,XXXX0515,ACTIVE,986.24
MCH5239,Saha Inc,Retail Other,5999,Individual,Lucknow,Uttar Pradesh,TRUE,29-09-25 00:00,FALSE,,ACTIVE,0.6907
MCH5242,Mishra Dua,Retail & Groceries,5311,Individual,Mumbai,Maharashtra,TRUE,08-06-24 00:00,TRUE,XXXX0138,ACTIVE,3063.29
MCH5245,Bhatt Kakar And Boase,Retail,5311,Individual,Jalandhar,Punjab,TRUE,27-06-25 04:58,FALSE,4405470614,ACTIVE,2923.74
MCH5247,Nagi Ltd,Electronics & Tech,4814,Partnership / LLP,Amritsar,Punjab,TRUE,06-06-25 00:00,FALSE,,SUSPENDED,632.92
MCH5249,Tak Inc,Hotel & Lodging,7011,Private Limited,Lucknow,Uttar Pradesh,TRUE,10-03-25 00:00,FALSE,,ACTIVE,1525.16
MCH5250,Virk Nadkarni,Retail Other,5999,Partnership / LLP,Pune,Maharashtra,TRUE,16-07-23 00:00,FALSE,,SUSPENDED,759.43
MCH5251,Sehgal Yadav,Retail & Groceries,5411,Proprietorship,Bengaluru,Karnataka,TRUE,18-11-24 00:00,FALSE,XUHW6533831586352,ACTIVE,625.43
MCH5253,Balakrishnan Plc,Medical & Health,59120,Proprietorship,Mumbai,Maharashtra,TRUE,23-07-25 10:23,FALSE,3588777363,ACTIVE,1030
MCH5256,Ghoshllc,Travel & Transport,4131,Individual,Chennai,Tamil Nadu,FALSE,,FALSE,ASNK4892862388041,ACTIVE,429.35
MCH5257,Kara Sibal,Electronics & Tech,4814,Individual,Bengaluru,Karnataka,FALSE,,FALSE,WHEV2991802850485,ACTIVE,1601.92
MCH5258,Kibe Ramanathan,Books & Stationery,,Partnership / LLP,Dilli,Delhi,TRUE,15-08-24 00:00,FALSE,IIKD1145736850427,ACTIVE,3143.33
MCH5260,Memon Ben And Sant,Medical & Health,5912,Proprietorship,Jalandhar,Punjab,TRUE,25-07-24 00:00,TRUE,XXXX7324,ACTIVE,0.1467
MCH5261,M0Dy Gr0Up,Books & Stationery,5942,Individual,Jaipur,Rajasthan,TRUE,11-12-25 00:00,FALSE,,ACTIVE,345.16
MCH5263,Narang Kata And Pillai,Retail & Groceries,5311,Private Limited,Ludhiana,Punjab,TRUE,08-12-24 00:00,FALSE,,ACTIVE,1076.395
MCH5265,Natt Munshi,Retail & Groceries,5411,Private Limited,Poona,Maharashtra,TRUE,22-07-24 00:00,FALSE,4213217107,ACTIVE,2606.12
MCH5267,Chandra Som And Grewal,Travel & Transport,4131,Individual,Hyderabad,Telangana,TRUE,30-11-25 22:52,FALSE,2585843766,ACTIVE,999.83
MCH5268,Nagy Ravel,Misc Retail,5999,Proprietorship,Kolkata,West Bengal,TRUE,23-10-25 00:00,FALSE,AMOJ0905717120034,SUSPENDED,4125.6
MCH5269,Lala Raval And Sahni,Books & Stationery,5942,Partnership / LLP,Jalandhar,Punjab,TRUE,21-10-24 00:00,FALSE,1738664466,ACTIVE,873
MCH5270,Kannan Goda And Kade,Hotel & Lodging,7011,Individual,Lucknow,Uttar Pradesh,TRUE,13-10-23 12:44,FALSE,,INACTIVE,0.469
MCH5271,Choudhary Chaudhry,Food & Beverage,5812,Partnership / LLP,Ludhiana,Punjab,TRUE,30-11-25 00:00,FALSE,1480455412,ACTIVE,605.6
MCH5274,Nair Dave And Hayre,Travel & Transport,41310,Individual,Blr,Karnataka,TRUE,04-08-23 00:00,FALSE,AJZR1927630901873,ACTIVE,598.65
MCH5277,Kannan Deshmukh,Books & Stationery,5942,Private Limited,Lucknow,Uttar Pradesh,TRUE,26-09-25 09:01,FALSE,,ACTIVE,4638.51
MCH5278,Sarraf Peri And Ratti,Misc Retail,5999,Private Limited,Kolkata,West Bengal,TRUE,27-04-25 00:00,FALSE,,ACTIVE,1446.64
MCH5280,Mani Chada,Travel & Transport,4131,Proprietorship,Chennai,Tamil Nadu,TRUE,18-03-25 00:00,TRUE,XXXX6717,ACTIVE,1112.24
MCH5281,Rajagopalan Ltd,Hotel & Lodging,7011,Proprietorship,Bengaluru,Karnataka,TRUE,04-02-24 00:00,FALSE,,ACTIVE,939.26
MCH5283,Ganesh Parekh And Subramanian,Medical & Health,5912,Partnership / LLP,Hyd,Telangana,TRUE,02-03-25 00:00,FALSE,,ACTIVE,307.25
MCH5285,Yadav Dhawan And Bahri,Retail,5311,Individual,Bengaluru,Karnataka,TRUE,03-08-25 00:00,TRUE,XXXX3759,ACTIVE,0.22
MCH5287,Sachdeva Plc,Travel & Transport,4131,Partnership / LLP,Hyderabad,Telangana,TRUE,06-02-24 00:00,TRUE,XXXX8293,ACTIVE,823.34
MCH5288,Thaman Muni And Om,Miscellaneous,5999,Proprietorship,Pune,Maharashtra,TRUE,08-07-23 00:00,FALSE,7391241084,ACTIVE,1015.84
MCH5292,Nori Dugal,Other,5999,Proprietorship,Poona,Maharashtra,FALSE,,FALSE,DLCF1511984552623,ACTIVE,0.542
MCH5293,Palla Dhar,Travel & Transport,4131,Private Limited,Bengaluru,Karnataka,TRUE,07-12-24 00:00,FALSE,DZXI0061252359392,SUSPENDED,1936.57
MCH5294,Bhakta Group,Electronics & Tech,4814,Private Limited,Jaipur,Rajasthan,TRUE,27-12-23 00:00,TRUE,XXXX2441,ACTIVE,765.13
MCH5295,Goda Prashad And Narain,Medical & Health,,Individual,Lucknow,Uttar Pradesh,TRUE,27-10-24 00:00,FALSE,,ACTIVE,888.39
MCH5298,Keer And Sons,Miscellaneous,5999,Partnership / LLP,Bengaluru,Karnataka,FALSE,,FALSE,,INACTIVE,600.45
MCH5303,Walla Inc,Retail & Groceries,5311,Private Limited,Chennai,Tamil Nadu,FALSE,,FALSE,,ACTIVE,0.1019
MCH5305,Taneja Inc,Hotel & Lodging,7011,Proprietorship,Chennai,Tamil Nadu,TRUE,01-06-24 00:00,TRUE,XXXX9718,ACTIVE,1731.48
MCH5307,Balan Varughese And Dave,Food & Beverage,5812,Partnership / LLP,Pune,Maharashtra,FALSE,,FALSE,SMCN8377573336751,ACTIVE,204.07
MCH5308,Shukla Trivedi,Food & Beverage,5812,Individual,Jaipur,Rajasthan,TRUE,06-11-25 00:00,FALSE,7037226511,ACTIVE,958.85
MCH5312,Choudhary Inc,Retail & Groceries,5411,Partnership / LLP,Kolkata,West Bengal,TRUE,27-07-23 00:00,FALSE,,ACTIVE,1438.2
MCH5316,Madan Ltd,Retail & Groceries,5311,Individual,Kolkata,West Bengal,TRUE,11-05-23 17:42,FALSE,,ACTIVE,706.61
MCH5317,Seth Plc,Hotel & Lodging,7011,Proprietorship,Bangalore,Karnataka,TRUE,01-03-23 07:27,FALSE,,ACTIVE,2738.46
MCH5320,Ramaswamy Sarma,Electronics & Tech,4814,Proprietorship,Hyderabad,Telangana,TRUE,02-11-25 02:58,FALSE,9234288178,ACTIVE,750.06
MCH5321,Maharaj Ltd,Medical & Health,5912,Proprietorship,Mumbai,Maharashtra,TRUE,29-08-24 00:00,FALSE,9534555078,ACTIVE,2746.79
MCH5322,Parsa Llc,Medical & Health,5912,Individual,Jalandhar,Punjab,TRUE,26-03-23 00:00,TRUE,XXXX3422,ACTIVE,2329.55
MCH5328,Dhaliwal Inc,Food & Beverage,5812,Private Limited,Kolkata,West Bengal,TRUE,19-04-25 00:00,FALSE,,ACTIVE,375.06
MCH5333,Rajagopal Agate,Electronics & Tech,4814,Proprietorship,Asr,Punjab,FALSE,,FALSE,,ACTIVE,15510.71
MCH5335,Shroff And Sons,Retail & Groceries,5311,Proprietorship,Chennai,Tamil Nadu,FALSE,,TRUE,XXXX4486,INACTIVE,0.1166
MCH5339,Vaidya Hari And Mistry,Other,5999,Individual,New Delhi,Delhi,TRUE,07-08-24 00:00,FALSE,5298779846,ACTIVE,514.42
MCH5343,Sangha Pillay,Retail & Groceries,5411,Individual,Lucknow,Uttar Pradesh,FALSE,,FALSE,4912596257,ACTIVE,1724.67
MCH5354,Datta Vala,Food & Beverage,5812,Partnership / LLP,Ludhiana,Punjab,TRUE,16-02-23 01:25,TRUE,XXXX9615,ACTIVE,0.2213
MCH5355,Sundaram Gara And Bajwa,Food & Beverage,5812,Proprietorship,Kolkata,West Bengal,TRUE,03-08-23 00:00,FALSE,,ACTIVE,3350.71
MCH5356,Solanki Kala And Loke,Electronics & Tech,4814,Partnership / LLP,Hyderabad,Telangana,TRUE,01-03-23 00:00,FALSE,TUAH3044152488223,ACTIVE,827.01
MCH5360,Pillai And Sons,Medical & Health,5912,Individual,Lucknow,Uttar Pradesh,TRUE,07-05-25 04:59,FALSE,,ACTIVE,745.28
MCH5361,Baria Santandmunshi,Books & Stationery,5942,Private Limited,New Delhi,Delhi,TRUE,01-02-25 00:00,TRUE,XXXX6510,ACTIVE,1636.11
MCH5362,Date Gandhi And Bath,Books & Stationery,5942,Partnership / LLP,New Delhi,Delhi,TRUE,27-03-23 14:31,TRUE,XXXX8502,ACTIVE,975.635
MCH5366,Bali Ltd,Retail & Groceries,5311,Private Limited,Lucknow,Uttar Pradesh,TRUE,25-02-24 00:00,TRUE,XXXX6307,INACTIVE,1551.58
MCH5367,Reddy Chakraborty,Apparel & Fashion,5699,Proprietorship,Mumbai,Maharashtra,TRUE,01-03-25 03:24,FALSE,WHOV7357855523116,ACTIVE,1679.09
MCH5370,Shenoy Ltd,Medical & Health,5912,Private Limited,Hyderabad,Telangana,TRUE,26-06-23 00:00,TRUE,XXXX5771,ACTIVE,1465.66
MCH5371,Tailor Ltd,Retail & Groceries,,Proprietorship,Jalandhar,Punjab,TRUE,08-10-24 00:00,FALSE,3819002392,ACTIVE,2851.53
MCH5375,Zacharia Krishnamurthy And Talwar,Apparel & Fashion,5699,Individual,Pune,Maharashtra,TRUE,04-02-23 11:37,FALSE,6686840480,ACTIVE,872.85
MCH5376,Narayanan Palla And Tripathi,Phone Service,4814,Proprietorship,Ludhiana,Punjab,TRUE,14-08-25 00:00,FALSE,IUFK0088105725528,ACTIVE,2169.37
MCH5378,Chaudhari Inc,Medical & Health,7011,Individual,Bengaluru,Karnataka,TRUE,12-12-23 00:00,TRUE,XXXX0207,ACTIVE,1030
MCH5381,Jaggi And Sons,Retail & Groceries,5311,Private Limited,New Delhi,Delhi,TRUE,11-06-25 00:00,FALSE,,ACTIVE,550.97
MCH5383,Ray Dara,Medical & Health,70110,Private Limited,Dilli,Delhi,TRUE,04-11-25 00:00,FALSE,8306637821,ACTIVE,0.2541
MCH5384,Sibal Inc,Retail & Groceries,5411,Private Limited,Jaipur,Rajasthan,FALSE,,FALSE,,ACTIVE,951.53
MCH5386,Hari Handa And Madan,Electronics & Tech,4814,Private Limited,Bengaluru,Karnataka,TRUE,27-09-23 00:00,FALSE,,ACTIVE,682.57
MCH5387,Khatri Group,Hotel & Lodging,7011,Proprietorship,New Delhi,Delhi,TRUE,06-10-25 12:45,FALSE,6200633333,ACTIVE,0.1172
MCH5388,Mann Oza,Books & Stationery,5942,Private Limited,Hyderabad,Telangana,FALSE,,FALSE,,ACTIVE,0.1696
MCH5389,Sem Llc,Travel & Transport,4131,Partnership / LLP,Jaipur,Rajasthan,TRUE,16-06-24 06:06,TRUE,XXXX3272,ACTIVE,342.38
MCH5390,Pall Vig,Travel & Transport,4131,Private Limited,Asr,Punjab,TRUE,18-02-24 13:47,FALSE,9048380759,ACTIVE,6624.25
MCH5391,Nagi Pandya,Retail & Groceries,5411,Partnership / LLP,Kolkata,West Bengal,TRUE,24-12-25 00:00,FALSE,,SUSPENDED,0.1471
MCH5395,Dada Jani And Kaul,Books & Stationery,59420,Partnership / LLP,Chennai,Tamil Nadu,TRUE,06-03-25 00:00,FALSE,,ACTIVE,698.53
MCH5396,Manda Seth,Travel & Transport,4131,Proprietorship,New Delhi,Delhi,TRUE,11-01-23 00:00,FALSE,,ACTIVE,439.03
MCH5399,Agate Wali,Other,59990,Private Limited,Chennai,Tamil Nadu,TRUE,26-12-25 00:00,FALSE,,ACTIVE,1379.64
MCH5401,Dave Plc,Retail & Groceries,53110,Partnership / LLP,Bombay,Maharashtra,TRUE,03-06-23 00:00,FALSE,,ACTIVE,0.3231
MCH5402,Mandal Chada And Deshpande,Retail & Groceries,5411,Proprietorship,New Delhi,Delhi,TRUE,11-08-25 00:00,FALSE,,SUSPENDED,503.34
MCH5404,Cherian Group,Hotel & Lodging,7011,Proprietorship,Pune,Maharashtra,TRUE,05-04-25 21:50,FALSE,DZIB4073572435126,ACTIVE,0.144
MCH5405,Balan Sabharwal,Food & Beverage,5812,Individual,Bengaluru,Karnataka,TRUE,07-04-23 06:56,FALSE,,ACTIVE,2280.95
MCH5408,Setty Mangal And Dhar,Retail & Groceries,5411,Individual,Mumbai,Maharashtra,TRUE,31-01-26 00:00,TRUE,XXXX4132,ACTIVE,1231.49
MCH5409,Buch Inc,Apparel & Fashion,5699,Proprietorship,Amritsar,Punjab,TRUE,03-04-23 00:10,FALSE,VIYX5305249313484,ACTIVE,0.922
MCH5410,Ganesh Llc,Hotel & Lodging,7011,Partnership / LLP,New Delhi,Delhi,TRUE,13-01-23 16:09,FALSE,,ACTIVE,1114.19
MCH5411,Kale Inc,Retail & Groceries,5411,Partnership / LLP,Pune,Maharashtra,TRUE,21-06-24 06:11,FALSE,,ACTIVE,0.708
MCH5413,K0Shy Batra And K0H1I,Retail & Groceries,5311,Proprietorship,Lucknow,Uttar Pradesh,TRUE,09-04-23 00:00,FALSE,,ACTIVE,0.608
MCH5414,Bhandari Ltd,Hotel & Lodging,7011,Private Limited,New Delhi,Delhi,TRUE,26-03-25 00:00,FALSE,VQLO7234241275182,ACTIVE,155.88
MCH5416,Upadhyay Llc,Books & Stationery,5942,Individual,Chennai,Tamil Nadu,TRUE,24-07-24 00:00,TRUE,XXXX2133,ACTIVE,975.635
MCH5420,Sahni Ghosh,Hotel & Lodging,7011,Proprietorship,Kolkata,West Bengal,TRUE,26-09-25 21:42,FALSE,1296057901,ACTIVE,1993.6
MCH5422,Sawhney Llc,Apparel & Fashion,,Proprietorship,Calcutta,West Bengal,TRUE,08-08-24 00:00,FALSE,MLTB5743748396701,ACTIVE,866.35
MCH5423,Chanda Mallick And Butala,Retail & Groceries,5311,Proprietorship,Jaipur,Rajasthan,TRUE,25-08-24 00:00,TRUE,XXXX3345,ACTIVE,458.56
MCH5425,Bora Kibe And Yadav,Electronics & Tech,4814,Individual,Dilli,Delhi,FALSE,,FALSE,3599725292,SUSPENDED,810.1
MCH5426,Dora Sehgal And Choudhury,Travel & Transport,4131,Individual,Dilli,Delhi,TRUE,14-11-25 00:00,FALSE,6432706759,ACTIVE,598.49
MCH5430,Thakkar And Sons,Apparel & Fashion,5699,Private Limited,Amritsar,Punjab,TRUE,19-01-23 00:00,FALSE,,ACTIVE,4264.84
MCH5433,Subramanian Plc,Apparel & Fashion,5699,Partnership / LLP,Ludhiana,Punjab,TRUE,06-07-24 19:30,TRUE,XXXX5051,ACTIVE,673.68
MCH5438,Krishna Vohra And Ghose,Medical & Health,5912,Proprietorship,Chennai,Tamil Nadu,TRUE,12-11-23 12:58,TRUE,XXXX0401,ACTIVE,1326.9
MCH5441,Sur Group,Retail & Groceries,5411,Private Limited,Ludhiana,Punjab,TRUE,08-02-23 00:00,FALSE,UQUC6317470493069,ACTIVE,1094.34
MCH5442,Ray Bajaj And Shetty,Retail & Groceries,5411,Individual,Pune,Maharashtra,TRUE,11-01-24 11:03,FALSE,9826997670,ACTIVE,448.9
MCH5443,Loyal Narasimhan,Hotel & Lodging,7011,Individual,Kolkata,West Bengal,TRUE,12-09-23 04:07,FALSE,VCRF1570737200411,ACTIVE,1593.65
MCH5444,Pradhan Nair,Other,5999,Proprietorship,Lucknow,Uttar Pradesh,TRUE,27-07-24 00:00,FALSE,7036093641,ACTIVE,0.372
MCH5445,Ganesan Ltd,Retail,5311,Partnership / LLP,Dilli,Delhi,TRUE,19-10-25 00:00,FALSE,BVDS4788304098373,ACTIVE,0.2186
MCH5447,Chhabra Bajaj,Retail & Groceries,5411,Proprietorship,Hyderabad,Telangana,TRUE,08-04-25 02:41,FALSE,3031826064,ACTIVE,363.53
MCH5448,Bala Sha And Bera,Retail & Groceries,5311,Private Limited,Bengaluru,Karnataka,TRUE,12-08-25 00:00,FALSE,,ACTIVE,523.59
MCH5450,Karnik Karan And Boase,Books & Stationery,,Partnership / LLP,Kolkata,West Bengal,TRUE,09-09-24 00:00,FALSE,,ACTIVE,852.07
MCH5451,Divan Llc,Retail & Groceries,54110,Partnership / LLP,Jaipur,Rajasthan,TRUE,14-05-25 00:00,FALSE,,ACTIVE,2492.35
MCH5457,Deol Plc,Books & Stationery,5942,Proprietorship,Jaipur,Rajasthan,TRUE,30-12-24 13:09,TRUE,XXXX0292,ACTIVE,1085.1
MCH5458,Korpal Venkatesh And Choudhary,Hotel & Lodging,7011,Individual,Jaipur,Rajasthan,TRUE,17-03-24 02:49,FALSE,,ACTIVE,926.71
MCH5459,Sachdev Ltd,Apparel & Fashion,5699,Proprietorship,Blr,Karnataka,FALSE,,FALSE,HQPJ1613148200279,SUSPENDED,1804.28
MCH5465,Keer Gill And Tank,Electronics & Tech,4814,Individual,Jaipur,Rajasthan,TRUE,23-10-23 00:00,FALSE,WBGT3042878113023,ACTIVE,0.317
MCH5467,Kurian Anne And Borra,Electronics & Tech,4814,Individual,Ludhiana,Punjab,TRUE,17-05-24 00:00,FALSE,3367286055,ACTIVE,0.94
MCH5472,Dua Group,Books & Stationery,5942,Private Limited,Ludhiana,Punjab,TRUE,23-09-24 00:00,FALSE,2328427852,ACTIVE,0.778
MCH5476,Buch Group,Medical & Health,,Private Limited,New Delhi,Delhi,TRUE,08-03-24 00:00,FALSE,,ACTIVE,1311.87
MCH5477,Mahajan Ltd,Apparel & Fashion,5699,Individual,Bengaluru,Karnataka,TRUE,01-09-25 00:00,FALSE,CBRP2025489889025,ACTIVE,3690.89
MCH5478,Prashad Tripathi And Bala,Electronics & Tech,4814,Private Limited,Jaipur,Rajasthan,TRUE,14-06-24 00:00,TRUE,XXXX3083,ACTIVE,3789.33
MCH5479,Mukherjee Nazareth And Palla,Food & Beverage,5812,Proprietorship,Ludhiana,Punjab,TRUE,19-02-24 00:00,TRUE,XXXX2442,ACTIVE,958.85
MCH5482,Baral Tak And Rajan,Food & Beverage,5812,Individual,Calcutta,West Bengal,TRUE,23-06-25 15:48,TRUE,XXXX1905,ACTIVE,710.53
MCH5483,Khare Inc,Retail,5311,Proprietorship,Jalandhar,Punjab,TRUE,28-04-25 14:52,FALSE,5460112584,ACTIVE,827.39
MCH5484,Vasa Plc,Hotel & Lodging,70110,Individual,Lucknow,Uttar Pradesh,TRUE,01-06-23 00:00,FALSE,KFFT4078081558704,ACTIVE,926.71
MCH5488,Chaudry Garde,Retail & Groceries,5411,Individual,Kolkata,West Bengal,TRUE,31-03-23 00:00,FALSE,,ACTIVE,0.405
MCH5489,Nath Ltd,Retail & Groceries,5311,Individual,Jaipur,Rajasthan,TRUE,22-01-25 00:00,TRUE,XXXX9871,ACTIVE,3788.36
MCH5490,Bahl Kakar And Dara,Apparel & Fashion,5699,Individual,Hyd,Telangana,TRUE,28-12-25 00:00,FALSE,JQDE2976951081698,ACTIVE,1917.65
MCH5493,Roy Group,Food & Beverage,5812,Partnership / LLP,Lucknow,Uttar Pradesh,TRUE,11-05-24 12:32,FALSE,8876014777,ACTIVE,958.85
MCH5494,Raja Ltd,Books & Stationery,5942,Partnership / LLP,Ludhiana,Punjab,TRUE,19-07-25 00:00,TRUE,XXXX2189,ACTIVE,209.91
MCH5496,Bhagat And Sons,Medical & Health,5912,Partnership / LLP,Lucknow,Uttar Pradesh,TRUE,13-08-24 00:00,FALSE,DOMQ3055982121356,ACTIVE,199.73
MCH5497,Dayal And Sons,Miscellaneous,5999,Private Limited,New Delhi,Delhi,TRUE,28-04-24 22:58,TRUE,XXXX0595,ACTIVE,1767.24
MCH5498,Gera Narayan And Sankaran,Retail & Groceries,5311,Partnership / LLP,Calcutta,West Bengal,TRUE,11-10-25 00:00,FALSE,8296349363,ACTIVE,849.49
MCH5500,Dubey Tandon And Batta,Electronics & Tech,4814,Proprietorship,Lucknow,Uttar Pradesh,TRUE,06-06-24 00:00,FALSE,8963304371,ACTIVE,2211.38
MCH5502,Dutta And Sons,Retail & Groceries,5311,Partnership / LLP,Kolkata,West Bengal,TRUE,08-04-25 00:00,FALSE,5772238249,ACTIVE,595.34
MCH5503,Suri Ltd,Transprt,4131,Private Limited,Kolkata,West Bengal,TRUE,30-08-24 18:32,FALSE,,ACTIVE,2446.68
MCH5505,Korpal Inc,Electronics & Tech,4814,Individual,Bombay,Maharashtra,TRUE,05-05-25 00:00,FALSE,,ACTIVE,1908.25
MCH5511,Pandya Dugar And Dube,Miscellaneous,5999,Individual,New Delhi,Delhi,TRUE,02-09-25 08:12,FALSE,,ACTIVE,997.89
MCH5516,Muni Llc,Apparel & Fashion,5699,Individual,Kolkata,West Bengal,TRUE,17-11-25 13:15,FALSE,,ACTIVE,0.1139
MCH5518,Bhalla Chaudhuri,Food & Beverage,5812,Individual,Lucknow,Uttar Pradesh,TRUE,19-04-25 00:00,FALSE,,ACTIVE,1038.42
MCH5523,Behl Inc,Apparel & Fashion,5699,Individual,Lucknow,Uttar Pradesh,TRUE,15-06-25 00:02,FALSE,GIRV9312114208892,ACTIVE,2946.06
MCH5524,Mangat Sanghvi And Shah,Books & Stationery,5942,Partnership / LLP,Jalandhar,Punjab,TRUE,30-09-24 00:00,TRUE,XXXX2255,ACTIVE,6188.2
MCH5525,Nagy And Sons,Hotel & Lodging,7011,Partnership / LLP,Bangalore,Karnataka,TRUE,29-01-26 04:09,FALSE,EFCT6045045841970,ACTIVE,1141.1
MCH5528,Bhagat Sathe And Iyengar,Retail & Groceries,5411,Proprietorship,Pune,Maharashtra,TRUE,13-02-26 11:24,FALSE,,ACTIVE,668.43
MCH5529,Ganguly Mukherjee And Boase,Retail & Groceries,5411,Private Limited,Chennai,Tamil Nadu,TRUE,01-04-25 00:00,FALSE,EMNT5419387001495,ACTIVE,0.879
MCH5531,Dhingra Sangha And Sidhu,Retail & Groceries,5411,Partnership / LLP,Mumbai,Maharashtra,TRUE,25-04-25 00:00,FALSE,878189587,INACTIVE,414.79
MCH5538,Barad Nigam,Electronics & Tech,,Partnership / LLP,Pune,Maharashtra,TRUE,10-01-25 00:00,FALSE,,ACTIVE,2223.97
MCH5541,Sheth And Sons,Food & Beverage,5812,Individual,Bengaluru,Karnataka,TRUE,13-07-24 09:55,FALSE,,ACTIVE,548.54
MCH5545,Parikh Raja,Books & Stationery,5942,Proprietorship,Lucknow,Uttar Pradesh,TRUE,04-06-23 00:00,FALSE,,ACTIVE,1144.37
MCH5546,B0Rde Inc,Retail,5311,Individual,Ludhiana,Punjab,TRUE,27-09-24 00:00,FALSE,JPIE0555435223526,ACTIVE,1430.97
MCH5547,Raju Group,Retail & Groceries,5411,Partnership / LLP,Bengaluru,Karnataka,TRUE,15-04-25 00:00,FALSE,,ACTIVE,915.94
MCH5549,Bahri Ltd,Food & Beverage,5812,Partnership / LLP,Chennai,Tamil Nadu,TRUE,06-10-23 00:00,TRUE,XXXX0036,ACTIVE,1045.04
MCH5551,Narain Goda,Apparel & Fashion,5699,Private Limited,Mumbai,Maharashtra,TRUE,01-09-26 00:00,FALSE,,ACTIVE,817.05
MCH5553,Sarna And Sons,Food & Beverage,58120,Private Limited,Mumbai,Maharashtra,TRUE,07-06-23 02:21,TRUE,XXXX7273,ACTIVE,871.71
MCH5555,Prabhu Ltd,Transprt,4131,Private Limited,Bangalore,Karnataka,TRUE,16-12-24 00:00,FALSE,,ACTIVE,1663.56
MCH5556,Pau Kale,Medical & Health,5912,Private Limited,Mumbai,Maharashtra,TRUE,31-10-23 04:23,FALSE,FLTM9160494360696,ACTIVE,513.95
MCH5558,Rao Sidhu And Barad,Medical & Health,7011,Partnership / LLP,Asr,Punjab,TRUE,14-09-24 00:00,FALSE,,ACTIVE,0.626
MCH5559,Muni Raval,Retail & Groceries,5411,Private Limited,Jalandhar,Punjab,TRUE,21-01-26 00:00,FALSE,,ACTIVE,723.26
MCH5560,D’Alia Dasgupta And Chakrabarti,Travel & Transport,41310,Proprietorship,Jalandhar,Punjab,TRUE,02-09-23 00:00,FALSE,,ACTIVE,1247.75
MCH5562,Savant Narayan,Travel & Transport,4131,Private Limited,Hyderabad,Telangana,TRUE,18-11-25 00:00,FALSE,1333760731,ACTIVE,2799.21
MCH5563,Dubey Wali And Yadav,Apparel & Fashion,,Proprietorship,Kolkata,West Bengal,TRUE,28-01-24 00:00,FALSE,5163059320,ACTIVE,0.2198
MCH5565,Chatterjee And Sons,Retail & Groceries,5411,Proprietorship,Poona,Maharashtra,TRUE,11-12-25 00:00,FALSE,NMWT6772454974745,ACTIVE,1083.09
MCH5567,D’Alia Ltd,Hotel & Lodging,7011,Individual,Blr,Karnataka,TRUE,09-09-25 00:00,TRUE,XXXX2596,ACTIVE,271.02
MCH5569,Thaman Kar And Dass,Misc Retail,5999,Proprietorship,Mumbai,Maharashtra,TRUE,27-01-26 00:00,FALSE,3302815921,INACTIVE,3592.34
MCH5570,Sahni Bala And Sharma,Miscellaneous,5999,Individual,New Delhi,Delhi,TRUE,28-11-25 06:01,FALSE,,SUSPENDED,1506.33
MCH5573,Guha Dayal And Mutti,Retail & Groceries,5411,Proprietorship,Chennai,Tamil Nadu,FALSE,,TRUE,XXXX9546,ACTIVE,2684.58
MCH5575,Sandal Llc,Retail & Groceries,5411,Partnership / LLP,Chennai,Tamil Nadu,TRUE,13-02-24 00:00,TRUE,XXXX5528,ACTIVE,5255.72
MCH5576,Oza Plc,Travel & Transport,4131,Proprietorship,Bengaluru,Karnataka,TRUE,27-07-24 00:00,TRUE,XXXX6114,ACTIVE,1023.91
MCH5580,Chatterjee Andra,Travel & Transport,4131,Private Limited,Lucknow,Uttar Pradesh,TRUE,01-01-26 00:00,FALSE,2440958731,ACTIVE,512.38
MCH5583,Sama Thaman And Bakshi,Electronics & Tech,48140,Individual,Pune,Maharashtra,TRUE,21-07-23 01:11,TRUE,XXXX8722,ACTIVE,2696.94
MCH5586,Andra Sha,Apparel & Fashion,5699,Private Limited,Amritsar,Punjab,TRUE,03-07-23 00:00,FALSE,4565854983,SUSPENDED,349.98
MCH5587,Pau Gour,Food & Beverage,5812,Private Limited,Pune,Maharashtra,TRUE,13-10-25 20:14,FALSE,AIKN3298712438615,ACTIVE,246.08
MCH5588,Divan Yohannan,Transprt,4131,Individual,Hyderabad,Telangana,FALSE,,FALSE,,ACTIVE,0.203
MCH5590,Bhandari M0Re And Bhatti,Travel & Transport,4131,Partnership / LLP,Pune,Maharashtra,TRUE,07-10-24 00:00,FALSE,CXPI7064872826114,INACTIVE,2034.57
MCH5594,Savant Bhargava,Retail & Groceries,5411,Proprietorship,Bengaluru,Karnataka,TRUE,19-01-25 00:00,FALSE,1080833717,SUSPENDED,1235.6
MCH5595,Menon Ahluwalia And Mistry,Medical & Health,7011,Proprietorship,Jaipur,Rajasthan,TRUE,10-02-26 09:42,FALSE,,ACTIVE,376.55
MCH5596,Biswas Group,Retail,5311,Partnership / LLP,Bangalore,Karnataka,TRUE,02-12-24 00:00,FALSE,MQQQ6004896266330,SUSPENDED,464.03
MCH5597,Shankar Pandey And Sridhar,Food & Beverage,58120,Private Limited,Lucknow,Uttar Pradesh,FALSE,,FALSE,,ACTIVE,380.65
MCH5598,Thakur Verma And Venkataraman,Medical & Health,5912,Individual,Jalandhar,Punjab,TRUE,13-09-23 00:00,FALSE,,ACTIVE,2948.79
MCH5599,Peri Bhatti,Books & Stationery,5942,Individual,Mumbai,Maharashtra,TRUE,06-06-23 05:11,FALSE,,ACTIVE,8103.17
MCH5601,Raj Gopal,Hotel & Lodging,7011,Private Limited,Jalandhar,Punjab,TRUE,17-05-24 22:26,FALSE,6301334461,ACTIVE,926.71
MCH5602,Kaul Plc,Retail & Groceries,5411,Private Limited,Hyderabad,Telangana,TRUE,17-05-23 00:00,FALSE,2312889197,ACTIVE,469.06
MCH5603,Saha Sahota,Food & Beverage,5812,Partnership / LLP,Mumbai,Maharashtra,TRUE,12-09-25 13:03,TRUE,XXXX8202,ACTIVE,1242.85
MCH5606,Sunder Inc,Medical & Health,,Partnership / LLP,Ludhiana,Punjab,TRUE,25-06-23 00:00,FALSE,TYTS3020219689289,ACTIVE,965.69
MCH5607,Sengupta Murty,Books & Stationery,5942,Proprietorship,New Delhi,Delhi,TRUE,10-05-23 00:00,FALSE,GVNH6755841589954,ACTIVE,2739.15
MCH5608,Raman Behl,Food & Beverage,58120,Individual,Asr,Punjab,TRUE,10-05-23 00:00,FALSE,,ACTIVE,251.88
MCH5611,Walia Lad,Medical & Health,7011,Partnership / LLP,Lucknow,Uttar Pradesh,TRUE,07-01-25 06:56,TRUE,XXXX6019,ACTIVE,269.25
MCH5618,Biswas And Sons,Medical & Health,5912,Partnership / LLP,New Delhi,Delhi,TRUE,04-03-24 21:03,TRUE,XXXX7039,ACTIVE,833.5
MCH5619,Iyer Lata And Bhatnagar,Transprt,4131,Partnership / LLP,Bengaluru,Karnataka,TRUE,07-09-25 00:00,TRUE,XXXX4930,ACTIVE,0.5962
MCH5622,Solanki And Sons,Books & Stationery,5942,Individual,Bengaluru,Karnataka,TRUE,13-08-23 00:00,FALSE,4391498742,ACTIVE,252.61
MCH5626,Borah Bedi And Khalsa,Hotel & Lodging,7011,Proprietorship,Hyderabad,Telangana,TRUE,25-02-26 00:00,FALSE,,SUSPENDED,1422.38
MCH5627,Sridhar Yogi And Panchal,Retail & Groceries,5411,Proprietorship,Jaipur,Rajasthan,TRUE,23-09-25 00:00,FALSE,,ACTIVE,0.483
MCH5629,Dixit Llc,Retail,53110,Private Limited,Asr,Punjab,TRUE,16-09-23 02:35,FALSE,OIIO2318495567735,ACTIVE,1084.28
MCH5630,Srinivas Doshi,Hotel & Lodging,7011,Proprietorship,Amritsar,Punjab,TRUE,28-04-23 00:00,FALSE,BCPS7283289501457,INACTIVE,2338.55
MCH5631,Bhattacharyya Behl And Barad,Apparel & Fashion,5699,Proprietorship,Bangalore,Karnataka,TRUE,30-08-25 16:56,TRUE,XXXX1656,ACTIVE,0.857
MCH5632,Tandon Ltd,Retail & Groceries,5311,Proprietorship,Bangalore,Karnataka,TRUE,29-05-25 12:56,FALSE,,ACTIVE,270.52
MCH5637,Pandit Bail,Retail,5311,Private Limited,Lucknow,Uttar Pradesh,TRUE,15-09-24 00:00,TRUE,XXXX5250,ACTIVE,905.79
MCH5639,Viswanathan Gupta And Varghese,Hotel & Lodging,7011,Proprietorship,Bombay,Maharashtra,TRUE,02-09-23 00:00,FALSE,,ACTIVE,0.2712
MCH5641,Kant Raju And Sandal,Miscellaneous,5999,Partnership / LLP,Poona,Maharashtra,TRUE,30-05-25 00:00,TRUE,XXXX4214,ACTIVE,2474.31
MCH5642,Ganguly Kalla,Medical & Health,5912,Private Limited,Jalandhar,Punjab,TRUE,19-11-25 00:00,FALSE,9623880565,ACTIVE,870.56
MCH5644,Prabhu Chaudhry,Apparel & Fashion,5699,Individual,Hyderabad,Telangana,TRUE,05-09-25 20:50,FALSE,ZHTO8764288741052,ACTIVE,2643.86
MCH5645,Dey Ltd,Electronics & Tech,4814,Private Limited,Jalandhar,Punjab,TRUE,18-12-25 00:00,FALSE,9437173245,ACTIVE,1164.31
MCH5646,Badal Anand,Phone Service,4814,Private Limited,Mumbai,Maharashtra,TRUE,06-05-25 23:31,TRUE,XXXX0079,ACTIVE,4606.04
MCH5648,Morar And Sons,Medical & Health,7011,Individual,Pune,Maharashtra,TRUE,08-06-23 00:00,FALSE,DHOL8937164342491,ACTIVE,972.68
MCH5652,Borde Bhasin And Dua,Retail & Groceries,5411,Individual,Mumbai,Maharashtra,TRUE,10-12-23 00:00,TRUE,XXXX7597,ACTIVE,669.05
MCH5656,Sen Dube,Books & Stationery,5942,Partnership / LLP,Poona,Maharashtra,TRUE,03-05-24 00:00,FALSE,XTPH3643560347441,ACTIVE,1139.41
MCH5657,Natt Goel,Miscellaneous,5999,Individual,Dilli,Delhi,FALSE,,FALSE,,ACTIVE,0.1355
MCH5660,Goda Goda,Food & Beverage,58120,Partnership / LLP,Ludhiana,Punjab,FALSE,,TRUE,XXXX9971,ACTIVE,1213.87
MCH5662,Buch Plc,Travel & Transport,41310,Partnership / LLP,New Delhi,Delhi,TRUE,18-01-23 20:50,FALSE,9769098268,ACTIVE,2776.96
MCH5663,Goyal Brahmbhatt And Raja,Medical & Health,59120,Individual,Ludhiana,Punjab,TRUE,31-05-23 00:00,FALSE,,SUSPENDED,2417.27
MCH5664,Om Kari And Pandit,Food & Beverage,5812,Partnership / LLP,Hyd,Telangana,TRUE,15-07-24 00:00,FALSE,7995815997,INACTIVE,6853.27
MCH5665,Parikh Ray And Lall,Books & Stationery,5942,Partnership / LLP,Jaipur,Rajasthan,TRUE,12-09-23 00:00,TRUE,XXXX1393,ACTIVE,0.1428
MCH5669,Sodhi Luthra And Batta,Food & Beverage,5812,Private Limited,Jalandhar,Punjab,TRUE,08-10-25 07:29,TRUE,XXXX1040,ACTIVE,1557.34
MCH5671,Bava Arya,Apparel & Fashion,5699,Private Limited,Hyderabad,Telangana,TRUE,18-11-23 22:06,FALSE,SNRX5730951285773,ACTIVE,2123.47
MCH5673,Palan Memon,Travel & Transport,4131,Proprietorship,New Delhi,Delhi,TRUE,16-09-23 00:00,FALSE,5428187851,ACTIVE,414.92
MCH5674,Chhabra Samra And Ghosh,Transprt,4131,Partnership / LLP,Mumbai,Maharashtra,FALSE,,FALSE,,ACTIVE,1727.77
MCH5676,Bhatti Chahal And Mishra,Retail,5311,Individual,Jalandhar,Punjab,TRUE,15-07-25 05:45,FALSE,9996182575,ACTIVE,744.63
MCH5678,Bhat Borra,Medical & Health,5912,Private Limited,Asr,Punjab,TRUE,06-08-24 00:00,FALSE,5991796313,ACTIVE,677.93
MCH5683,Subramanian Group,Retail & Groceries,53110,Private Limited,Lucknow,Uttar Pradesh,TRUE,24-10-24 15:26,FALSE,XUFZ9750077803623,ACTIVE,774.44
MCH5684,Arora Plc,Apparel & Fashion,5699,Proprietorship,Kolkata,West Bengal,TRUE,15-11-23 16:39,TRUE,XXXX4030,ACTIVE,898.89
MCH5687,Prasad Tank And Char,Travel & Transport,4131,Individual,Ludhiana,Punjab,FALSE,,TRUE,XXXX6544,ACTIVE,487.38
MCH5695,Divan Inc,Apparel & Fashion,5699,Individual,Hyderabad,Telangana,TRUE,20-08-25 19:03,FALSE,6474425874,ACTIVE,1036.37
MCH5696,Mittal Group,Retail & Groceries,54110,Private Limited,Chennai,Tamil Nadu,TRUE,18-05-24 00:00,FALSE,,ACTIVE,2595.13
MCH5697,Kapadia Sharma And Maharaj,Retail Other,,Partnership / LLP,Poona,Maharashtra,TRUE,27-08-23 00:00,FALSE,IHYO1132265068472,ACTIVE,4565.23
MCH5698,Rana Ltd,Books & Stationery,5942,Private Limited,Chennai,Tamil Nadu,TRUE,07-01-25 00:00,FALSE,,ACTIVE,2808.27
MCH5701,Lad Thakkar And Nazareth,Travel & Transport,4131,Private Limited,Calcutta,West Bengal,FALSE,,TRUE,XXXX7572,ACTIVE,1254.73
MCH5704,Ravel Talwar,Travel & Transport,4131,Proprietorship,Chennai,Tamil Nadu,TRUE,25-09-25 08:00,FALSE,7574908365,ACTIVE,4204.94
MCH5705,Palan Bhargava And Jaggi,Travel & Transport,4131,Individual,Lucknow,Uttar Pradesh,TRUE,05-02-26 00:00,FALSE,,ACTIVE,1360.45
MCH5707,De01 Gr0Up,Retail & Groceries,5411,Partnership / LLP,Hyderabad,Telangana,TRUE,19-09-23 00:00,FALSE,NRWL7844875974966,ACTIVE,666.58
MCH5709,Shroff Mukherjee,Electronics & Tech,4814,Private Limited,Jaipur,Rajasthan,TRUE,10-11-24 18:13,FALSE,FPQT8539252763493,ACTIVE,668.22
MCH5710,Karnik Ltd,Books & Stationery,5942,Partnership / LLP,Jaipur,Rajasthan,TRUE,24-12-25 00:00,FALSE,4751773025,ACTIVE,2156.34
MCH5712,Goda Kashyap,Books & Stationery,59420,Private Limited,Amritsar,Punjab,TRUE,12-01-25 00:00,FALSE,ILKC7960163227117,ACTIVE,975.635
MCH5715,Bansal Aryaandbhat,Medical & Health,5912,Private Limited,Bangalore,Karnataka,TRUE,20-01-25 00:00,FALSE,,ACTIVE,1290
MCH5716,Nadig Inc,Phone Service,4814,Individual,Chennai,Tamil Nadu,TRUE,26-06-25 14:09,FALSE,,ACTIVE,1811.84
MCH5717,Kuruvilla Deol And Rama,Books & Stationery,5942,Proprietorship,Jaipur,Rajasthan,TRUE,16-05-23 23:01,FALSE,,ACTIVE,8901.44
MCH5720,Karnik Group,Books & Stationery,5942,Partnership / LLP,Amritsar,Punjab,TRUE,28-10-23 00:00,FALSE,9007561693,ACTIVE,6186.34
MCH5722,Kant Gara,Medical & Health,7011,Partnership / LLP,Lucknow,Uttar Pradesh,TRUE,16-12-24 00:00,FALSE,3048409027,ACTIVE,1451.76
MCH5723,Doctor Llc,Retail & Groceries,5411,Private Limited,Calcutta,West Bengal,TRUE,08-04-23 00:00,TRUE,XXXX6555,ACTIVE,574.8
MCH5727,Sandal Deshmukh And Lata,Apparel & Fashion,5699,Partnership / LLP,Bangalore,Karnataka,TRUE,21-04-24 23:21,FALSE,9631209751,ACTIVE,411.34
MCH5734,Balan Inc,Retail & Groceries,5311,Private Limited,Jalandhar,Punjab,TRUE,20-05-25 00:00,FALSE,,ACTIVE,2000.53
MCH5736,Agate Llc,Transprt,4131,Proprietorship,New Delhi,Delhi,TRUE,16-04-23 00:00,TRUE,XXXX7731,ACTIVE,3557.14
MCH5737,Ben Inc,Apparel & Fashion,5699,Individual,Ludhiana,Punjab,TRUE,13-06-23 00:00,FALSE,3336843959,ACTIVE,2812.11
MCH5740,Dayal Desai,Apparel & Fashion,5699,Proprietorship,Chennai,Tamil Nadu,TRUE,04-10-25 00:00,FALSE,,ACTIVE,0.4887
MCH5741,Rajagopalan Plc,Books & Stationery,5942,Individual,Hyd,Telangana,TRUE,29-10-25 08:07,FALSE,2788746336,INACTIVE,1562.28
MCH5744,Dalal Lall,Medical & Health,7011,Private Limited,Chennai,Tamil Nadu,TRUE,31-05-23 00:00,TRUE,XXXX1007,ACTIVE,3350.6
MCH5745,Bahri Dutta And Narang,Transprt,4131,Individual,Bengaluru,Karnataka,TRUE,27-03-24 07:33,FALSE,GWGG2673614762721,ACTIVE,955.1
MCH5747,Narasimhan Doshi And Pall,Food & Beverage,58120,Private Limited,Calcutta,West Bengal,TRUE,08-05-25 00:00,TRUE,XXXX9034,ACTIVE,4280.12
MCH5749,Master Llc,Food & Beverage,5812,Private Limited,Kolkata,West Bengal,TRUE,30-04-24 00:00,FALSE,PVNW9033788560313,ACTIVE,6699.41
MCH5753,Handa Inc,Food & Beverage,5812,Proprietorship,Hyderabad,Telangana,TRUE,04-11-25 23:27,TRUE,XXXX3053,ACTIVE,3518.1
MCH5758,Aggarwal Hayer And Nayar,Retail Other,5999,Individual,Asr,Punjab,TRUE,22-09-23 00:00,TRUE,XXXX0401,ACTIVE,3630.79
MCH5762,Hayre And Sons,Books & Stationery,5942,Proprietorship,Calcutta,West Bengal,TRUE,05-01-24 06:19,TRUE,XXXX2767,ACTIVE,823.98
MCH5765,Murty Inc,Travel & Transport,4131,Partnership / LLP,Mumbai,Maharashtra,TRUE,18-07-25 00:00,FALSE,,ACTIVE,2715.83
MCH5766,Varkey Datta,Electronics & Tech,48140,Private Limited,Mumbai,Maharashtra,TRUE,18-02-24 00:00,FALSE,,ACTIVE,1162.56
MCH5767,Pandya Inc,Electronics & Tech,4814,Individual,Jaipur,Rajasthan,TRUE,09-01-24 00:00,FALSE,6172553008,ACTIVE,793.79
MCH5768,Brar Inc,Food & Beverage,5812,Proprietorship,Hyderabad,Telangana,TRUE,04-04-23 00:00,FALSE,PTPO3474925086916,ACTIVE,1354.3
MCH5770,Kari Llc,Medical & Health,5912,Private Limited,Hyderabad,Telangana,TRUE,29-01-25 10:38,FALSE,,ACTIVE,573.41
MCH5775,Srinivas Ltd,Retail & Groceries,5311,Individual,Kolkata,West Bengal,TRUE,01-11-25 10:50,FALSE,AIEV2153769743983,ACTIVE,7152.05
MCH5776,Varma Bahri,Apparel & Fashion,5699,Individual,Mumbai,Maharashtra,TRUE,10-04-25 00:00,FALSE,509545143,ACTIVE,807.85
MCH5777,Dubey And Sons,Retail Other,5999,Individual,Bangalore,Karnataka,TRUE,12-01-25 19:34,FALSE,,ACTIVE,4320.83
MCH5780,Oak Mody,Retail Other,5999,Partnership / LLP,Pune,Maharashtra,TRUE,02-07-23 00:00,TRUE,XXXX4121,ACTIVE,1269.15
MCH5781,Bava And Sons,Medical & Health,7011,Partnership / LLP,Hyderabad,Telangana,TRUE,24-03-24 09:56,FALSE,,ACTIVE,2364.14
MCH5784,Kakar Palla And Vyas,Apparel & Fashion,5699,Private Limited,Jalandhar,Punjab,TRUE,01-06-24 22:17,FALSE,,ACTIVE,220.77
MCH5785,Vohra Inc,Apparel & Fashion,5699,Partnership / LLP,Mumbai,Maharashtra,TRUE,25-06-23 00:00,FALSE,6460565959,ACTIVE,1694.59
MCH5786,Bhasin Manda1 And Tank,Travel & Transport,4131,Individual,Kolkata,West Bengal,TRUE,08-02-25 00:00,FALSE,2599782072,ACTIVE,1913.26
MCH5787,Bassi Inc,Hotel & Lodging,7011,Proprietorship,Bombay,Maharashtra,TRUE,24-06-25 00:00,TRUE,XXXX0298,ACTIVE,555.97
MCH5790,Devi And Sons,Books & Stationery,5942,Partnership / LLP,Jaipur,Rajasthan,TRUE,03-06-24 01:35,FALSE,LANA4621044039956,ACTIVE,8961.2
MCH5792,Bava Krish And Ghose,Travel & Transport,4131,Partnership / LLP,Amritsar,Punjab,TRUE,07-09-24 00:00,FALSE,878817279,SUSPENDED,1136.54
MCH5793,Pathak Group,Travel & Transport,4131,Individual,Mumbai,Maharashtra,TRUE,27-04-25 00:00,FALSE,5675595225,ACTIVE,1570.7
MCH5794,Gulati And Sons,Other,5999,Private Limited,Blr,Karnataka,TRUE,18-07-24 15:31,FALSE,,ACTIVE,614.67
MCH5795,Sunder Bera And Srinivas,Hotel & Lodging,7011,Private Limited,Calcutta,West Bengal,TRUE,19-05-23 17:04,FALSE,,ACTIVE,0.167
MCH5797,Sami Ltd,Books & Stationery,5942,Individual,Jalandhar,Punjab,TRUE,05-03-24 15:38,FALSE,YJXP8191139167716,ACTIVE,651.76
MCH5798,Divan Mahal,Food & Beverage,5812,Individual,Jaipur,Rajasthan,TRUE,19-02-23 00:00,FALSE,1492699438,ACTIVE,110.98
MCH5799,Nagar Inc,Hotel & Lodging,7011,Private Limited,Jalandhar,Punjab,TRUE,16-02-26 00:00,FALSE,RWJB2008792112548,ACTIVE,209.08
MCH5801,Narasimhan Grewal And Vora,Travel & Transport,4131,Private Limited,Dilli,Delhi,TRUE,08-08-23 00:00,FALSE,,ACTIVE,1697.55
MCH5805,Natarajan Walla,Travel & Transport,4131,Partnership / LLP,Ludhiana,Punjab,TRUE,03-06-25 12:56,TRUE,XXXX1704,ACTIVE,449.15
MCH5807,Madan Ltd,Retail & Groceries,5311,Proprietorship,Jalandhar,Punjab,TRUE,11-06-23 00:00,TRUE,XXXX1600,ACTIVE,1974.14
MCH5809,Virk Peri,Books & Stationery,5942,Individual,Jaipur,Rajasthan,TRUE,25-07-23 09:05,FALSE,7094756781,ACTIVE,1513.53
MCH5812,Aurora And Sons,Hotel & Lodging,7011,Proprietorship,Hyderabad,Telangana,TRUE,03-03-24 00:00,FALSE,7984668048,ACTIVE,410.12
MCH5813,Nair Inc,Electronics & Tech,4814,Proprietorship,Chennai,Tamil Nadu,FALSE,,FALSE,,ACTIVE,1408.29
MCH5822,Gandhi Krish,Retail,53110,Proprietorship,Bangalore,Karnataka,TRUE,02-10-23 00:00,FALSE,7874103727,ACTIVE,1268.39
MCH5823,Garde Llc,Retail & Groceries,5311,Proprietorship,Bengaluru,Karnataka,TRUE,15-03-23 00:00,TRUE,XXXX1484,ACTIVE,1075.77
MCH5825,Bhardwaj Sachdeva,Books & Stationery,5942,Partnership / LLP,Bangalore,Karnataka,TRUE,17-05-24 00:03,FALSE,,ACTIVE,1108.32
MCH5829,Batta Ltd,Food & Beverage,5812,Proprietorship,Jalandhar,Punjab,TRUE,07-11-24 00:00,FALSE,SFSR8195478520780,SUSPENDED,690.13
MCH5831,Kibe Inc,Electronics & Tech,4814,Proprietorship,Ludhiana,Punjab,TRUE,21-01-24 16:49,FALSE,,ACTIVE,2267.19
MCH5833,Deep And Sons,Retail & Groceries,5411,Partnership / LLP,Jaipur,Rajasthan,TRUE,04-04-24 00:00,FALSE,,ACTIVE,4335.22
MCH5834,Sundaram Sarkar,Food & Beverage,5812,Partnership / LLP,Hyderabad,Telangana,TRUE,27-07-25 00:00,TRUE,XXXX6821,ACTIVE,1502.09
MCH5835,Kanda Saraf And Prashad,Apparel & Fashion,5699,Proprietorship,Jalandhar,Punjab,TRUE,06-03-23 00:00,FALSE,,ACTIVE,622.64
MCH5841,Nori Group,Medical & Health,5912,Proprietorship,Mumbai,Maharashtra,TRUE,01-11-23 06:18,FALSE,,ACTIVE,466.44
MCH5842,Dutt Trivedi And Dhingra,Books & Stationery,5942,Partnership / LLP,Amritsar,Punjab,TRUE,21-01-24 11:32,TRUE,XXXX5651,ACTIVE,182.55
MCH5843,Wason And Sons,Electronics & Tech,4814,Individual,Hyderabad,Telangana,TRUE,30-05-23 00:00,FALSE,,INACTIVE,1023.46
MCH5845,Buch Plc,Retail,5311,Proprietorship,Ludhiana,Punjab,TRUE,25-09-25 00:00,FALSE,8892986940,ACTIVE,1603.87
MCH5847,Kar Gupta And Choudhry,Hotel & Lodging,7011,Proprietorship,Kolkata,West Bengal,TRUE,20-05-23 00:00,FALSE,8964900216,ACTIVE,4487.3
MCH5849,Balakrishnan Ltd,Apparel & Fashion,5699,Private Limited,Lucknow,Uttar Pradesh,TRUE,04-06-25 00:00,FALSE,,ACTIVE,6558.56
MCH5850,Virk Loke,Apparel & Fashion,5699,Partnership / LLP,Mumbai,Maharashtra,FALSE,,FALSE,QOYF2667573006038,ACTIVE,0.3558
MCH5851,Chakrabarti Sen And Misra,Retail & Groceries,5411,Proprietorship,Poona,Maharashtra,TRUE,15-02-26 14:58,TRUE,XXXX3366,ACTIVE,1867.35
MCH5855,Rajagopalan Muniandprasad,Apparel & Fashion,,Partnership / LLP,Jalandhar,Punjab,TRUE,08-09-23 00:00,FALSE,,ACTIVE,115.41
MCH5856,Wason Savant And Bahl,Miscellaneous,,Individual,Mumbai,Maharashtra,TRUE,02-11-26 00:00,FALSE,,ACTIVE,944.06
MCH5857,Varughese Vora And Chokshi,Electronics & Tech,4814,Individual,Lucknow,Uttar Pradesh,TRUE,21-11-25 00:00,FALSE,,ACTIVE,687.33
MCH5861,Manne Chatterjee,Food & Beverage,5812,Proprietorship,New Delhi,Delhi,TRUE,28-10-24 00:00,FALSE,,ACTIVE,174.45
MCH5870,Deol Group,Transprt,4131,Proprietorship,Chennai,Tamil Nadu,TRUE,04-02-23 21:18,FALSE,,SUSPENDED,1911.31
MCH5872,Sandal Ltd,Retail & Groceries,5411,Private Limited,Bengaluru,Karnataka,FALSE,,FALSE,,ACTIVE,2434.63
MCH5873,Kade Srivastava And Iyengar,Miscellaneous,5999,Partnership / LLP,Lucknow,Uttar Pradesh,TRUE,10-06-23 00:00,FALSE,,ACTIVE,3185.85
MCH5874,Mann Ma11Ick,Hotel & Lodging,7011,Partnership / LLP,New Delhi,Delhi,TRUE,29-11-23 00:00,FALSE,7898379818,ACTIVE,0.116
MCH5879,Sridhar Sani And Ma11,Electronics & Tech,4814,Individual,Hyd,Telangana,TRUE,30-12-25 20:57,TRUE,XXXX4907,ACTIVE,3624.48
MCH5880,Varty Ratta And Venkataraman,Apparel & Fashion,5699,Proprietorship,Asr,Punjab,TRUE,11-06-23 00:00,FALSE,620802937,ACTIVE,1913.84
MCH5881,Bandi Krishnamurthy And Saran,Retail & Groceries,5411,Partnership / LLP,Amritsar,Punjab,TRUE,13-12-25 00:00,TRUE,XXXX6576,ACTIVE,345.76
MCH5882,Barad Kara And Gokhale,Phone Service,,Proprietorship,Chennai,Tamil Nadu,TRUE,25-09-24 00:00,FALSE,8200004171,ACTIVE,626.5
MCH5883,Pillai Ltd,Books & Stationery,,Partnership / LLP,Pune,Maharashtra,TRUE,18-10-24 00:00,FALSE,ELEN4323090043469,ACTIVE,2102.56
MCH5884,Raman And Sons,Travel & Transport,4131,Individual,Chennai,Tamil Nadu,FALSE,,FALSE,1966210053,ACTIVE,743.19
MCH5890,Apte Sant,Retail & Groceries,5311,Partnership / LLP,Asr,Punjab,TRUE,27-01-26 00:00,FALSE,BNKX3894227656030,ACTIVE,2687.77
MCH5892,Dara Goswami And Purohit,Food & Beverage,5812,Individual,Bangalore,Karnataka,TRUE,21-02-25 11:15,FALSE,,ACTIVE,0.1175
MCH5894,Borra Tiwari,Retail,5311,Partnership / LLP,Bengaluru,Karnataka,TRUE,24-05-25 19:29,FALSE,,ACTIVE,239.64
MCH5895,Dey Llc,Travel & Transport,41310,Individual,Chennai,Tamil Nadu,TRUE,05-08-24 00:00,FALSE,,ACTIVE,693.85
MCH5896,Kale Group,Books & Stationery,59420,Individual,Hyderabad,Telangana,TRUE,21-07-23 00:00,FALSE,3922466271,ACTIVE,533.74
MCH5897,Mutti Doshi,Medical & Health,5912,Private Limited,Amritsar,Punjab,TRUE,01-06-26 00:00,FALSE,,ACTIVE,0.1302
MCH5898,Virk Mani,Apparel & Fashion,5699,Partnership / LLP,New Delhi,Delhi,TRUE,23-08-25 00:00,FALSE,1987474945,ACTIVE,2502.05
MCH5900,Sarraf Nagar,Medical & Health,5912,Proprietorship,Kolkata,West Bengal,TRUE,23-03-24 06:41,FALSE,859371893,ACTIVE,380.94
MCH5902,Iyer Pal And Kaur,Retail & Groceries,5311,Private Limited,Pune,Maharashtra,TRUE,14-08-24 00:00,FALSE,,ACTIVE,441.19
MCH5904,Karan Ltd,Apparel & Fashion,56990,Proprietorship,Bengaluru,Karnataka,TRUE,29-11-23 00:00,FALSE,,ACTIVE,0.1441
MCH5905,Karnik Ltd,Food & Beverage,5812,Individual,Poona,Maharashtra,TRUE,05-02-26 00:00,TRUE,XXXX6996,ACTIVE,653.53
MCH5911,Chacko Kota,Retail,5311,Partnership / LLP,Hyd,Telangana,TRUE,07-09-23 00:00,FALSE,,ACTIVE,797.25
MCH5912,Raman Viswanathan And Garg,Electronics & Tech,4814,Individual,Bengaluru,Karnataka,TRUE,12-01-23 17:59,FALSE,3092091837,ACTIVE,0.4153
MCH5914,Agarwal Pant And Ravi,Retail & Groceries,5311,Private Limited,Hyderabad,Telangana,TRUE,23-10-23 09:35,TRUE,XXXX4508,ACTIVE,1447.48
MCH5915,Solanki Banik And Badal,Travel & Transport,4131,Individual,Jalandhar,Punjab,TRUE,22-10-24 00:00,TRUE,XXXX8472,ACTIVE,1488.9
MCH5917,Tara Bhasin And Singh,Medical & Health,5912,Proprietorship,Pune,Maharashtra,TRUE,26-08-23 00:00,FALSE,6037353463,SUSPENDED,443.4
MCH5918,Bora Rege,Apparel & Fashion,5699,Partnership / LLP,Pune,Maharashtra,TRUE,23-09-24 00:00,FALSE,USII8978521648386,ACTIVE,203.17
MCH5921,Saraf Saraf,Hotel & Lodging,7011,Individual,Jaipur,Rajasthan,TRUE,31-05-25 15:14,TRUE,XXXX9547,ACTIVE,352.95
MCH5923,Banik Yogi And Seth,Electronics & Tech,4814,Individual,New Delhi,Delhi,FALSE,,FALSE,CKTY3945451387681,INACTIVE,378.2
MCH5924,Chana Thaman,Phone Service,4814,Proprietorship,New Delhi,Delhi,TRUE,27-09-25 23:42,TRUE,XXXX2862,ACTIVE,1054.56
MCH5927,Hayer Palla And Ganesh,Apparel & Fashion,5699,Private Limited,Lucknow,Uttar Pradesh,TRUE,16-06-24 00:00,FALSE,,ACTIVE,3764.09
MCH5929,Chaudry Pal,Hotel & Lodging,7011,Private Limited,Chennai,Tamil Nadu,TRUE,12-11-24 00:00,FALSE,RXEM4030982599966,ACTIVE,705.57
MCH5932,Jani Sathe,Electronics & Tech,4814,Partnership / LLP,Ludhiana,Punjab,TRUE,09-10-24 04:03,FALSE,,ACTIVE,2383.64
MCH5933,Natarajan Swaminathan And Dugar,Retail Other,5999,Partnership / LLP,Kolkata,West Bengal,TRUE,26-09-25 20:35,TRUE,XXXX6381,ACTIVE,2711.41
MCH5934,Krish Doshi,Travel & Transport,41310,Individual,Jaipur,Rajasthan,TRUE,24-02-24 03:10,FALSE,2184684980,ACTIVE,2895.4
MCH5937,Babu Contractor And Sem,Retail & Groceries,5411,Private Limited,Hyd,Telangana,TRUE,01-04-23 00:00,FALSE,,INACTIVE,415.88
MCH5938,Prabhu Llc,Other,5999,Proprietorship,Jalandhar,Punjab,TRUE,16-10-24 00:00,FALSE,,ACTIVE,590.79
MCH5939,Mohan Varughese And Johal,Retail & Groceries,5411,Partnership / LLP,Bengaluru,Karnataka,TRUE,20-12-24 00:00,TRUE,XXXX0991,ACTIVE,4307.34
MCH5941,G0Ur Ltd,Books & Stationery,5942,Private Limited,Lucknow,Uttar Pradesh,TRUE,30-04-23 00:00,TRUE,XXXX2222,ACTIVE,1448.04
MCH5944,Dave Bal,Transprt,4131,Private Limited,Mumbai,Maharashtra,TRUE,18-12-24 00:00,FALSE,ETMK1453170948286,ACTIVE,1778.76
MCH5950,Dey Raj,Retail Other,5999,Proprietorship,Amritsar,Punjab,TRUE,29-11-25 00:00,FALSE,371217445,ACTIVE,3256.77
MCH5951,Sahni Gour And Sama,Retail & Groceries,5311,Private Limited,Pune,Maharashtra,TRUE,13-05-24 00:00,FALSE,,ACTIVE,2353.06
MCH5953,Sandhu Srinivas And Thakur,Apparel & Fashion,5699,Private Limited,Amritsar,Punjab,TRUE,09-10-23 19:25,FALSE,TMUQ0408880729796,ACTIVE,3101.03
MCH5954,Chand Dora And Dey,Food & Beverage,,Private Limited,Chennai,Tamil Nadu,TRUE,28-08-25 14:38,FALSE,,ACTIVE,1159.45
MCH5955,Rana Mangat And De,Electronics & Tech,4814,Proprietorship,Kolkata,West Bengal,TRUE,05-02-25 00:00,TRUE,XXXX7902,ACTIVE,1491.64
MCH5957,Bose Plc,Books & Stationery,5942,Partnership / LLP,Jaipur,Rajasthan,TRUE,22-09-23 00:00,FALSE,,INACTIVE,1309.17
MCH5958,Panchal Krishnan And Thakkar,Food & Beverage,5812,Private Limited,Chennai,Tamil Nadu,TRUE,16-06-25 00:00,FALSE,1176480578,INACTIVE,999.64
MCH5959,Nigam Group,Books & Stationery,5942,Private Limited,Bombay,Maharashtra,TRUE,14-06-25 00:00,FALSE,TOMC3445782175803,INACTIVE,0.2495
MCH5961,Batra Ltd,Food & Beverage,5812,Individual,Jalandhar,Punjab,TRUE,24-05-24 00:00,FALSE,CHMJ2049480871128,ACTIVE,0.608
MCH5963,Goyal Sur,Food & Beverage,5812,Private Limited,Chennai,Tamil Nadu,TRUE,14-09-25 08:31,TRUE,XXXX6740,ACTIVE,0.3785
MCH5965,Wason Llc,Phone Service,4814,Partnership / LLP,Hyderabad,Telangana,TRUE,03-06-25 21:59,FALSE,,ACTIVE,0.2365
MCH5966,Bala Tandon And Keer,Retail & Groceries,,Individual,Lucknow,Uttar Pradesh,TRUE,06-02-23 00:00,FALSE,,ACTIVE,255.77
MCH5968,Soman Issac And Goswami,Retail & Groceries,5311,Private Limited,Jalandhar,Punjab,TRUE,16-10-25 00:00,FALSE,2039525092,ACTIVE,5598.75
MCH5970,Babu And Sons,Apparel & Fashion,5699,Private Limited,Amritsar,Punjab,TRUE,14-01-25 00:00,FALSE,,ACTIVE,2060.67
MCH5972,Mane Ltd,Books & Stationery,5942,Individual,Amritsar,Punjab,TRUE,06-03-24 07:02,TRUE,XXXX0204,ACTIVE,644.97
MCH5973,Biswas Dass,Apparel & Fashion,5699,Proprietorship,Lucknow,Uttar Pradesh,TRUE,25-11-25 00:00,TRUE,XXXX1507,ACTIVE,1036.37
MCH5974,Padmanabhan Llc,Food & Beverage,5812,Individual,Lucknow,Uttar Pradesh,TRUE,11-03-23 10:03,TRUE,XXXX9484,ACTIVE,0.1194
MCH5979,Mani Group,Travel & Transport,4131,Private Limited,Blr,Karnataka,TRUE,15-07-24 00:00,FALSE,,SUSPENDED,4686.23
MCH5980,Misra Ganguly,Transprt,4131,Individual,Calcutta,West Bengal,TRUE,13-08-25 00:00,TRUE,XXXX2799,ACTIVE,0.2762
MCH5983,Morar Memon And Kala,Retail & Groceries,5311,Proprietorship,Pune,Maharashtra,TRUE,06-05-25 09:44,FALSE,4976019828,ACTIVE,306.11
MCH5984,Acharya Badal,Other,5999,Proprietorship,Kolkata,West Bengal,TRUE,01-03-23 00:00,FALSE,,ACTIVE,0.515
MCH5992,Anne Gole And Bhatnagar,Medical & Health,5912,Private Limited,Ludhiana,Punjab,TRUE,31-12-25 00:00,FALSE,QOVD2358529671548,ACTIVE,1637.97
MCH5995,Bassi Ltd,Food & Beverage,5812,Private Limited,Lucknow,Uttar Pradesh,TRUE,01-02-24 00:00,TRUE,XXXX5294,ACTIVE,2631.68
MCH5997,Kothari Basuandkothari,Medical & Health,5912,Proprietorship,New Delhi,Delhi,TRUE,07-09-25 16:46,FALSE,4059468429,INACTIVE,2459.46
MCH5998,Joshi Inc,Retail & Groceries,5411,Private Limited,Chennai,Tamil Nadu,TRUE,30-08-24 00:00,FALSE,,ACTIVE,1152.74
MCH5999,Nori Inc,Other,5999,Private Limited,Jalandhar,Punjab,TRUE,02-01-26 22:34,TRUE,XXXX4498,ACTIVE,629.41
MCH6001,Murthy Batra,Hotel & Lodging,7011,Proprietorship,Jalandhar,Punjab,TRUE,31-08-24 00:00,FALSE,DRAQ5734718978671,ACTIVE,1116.47
MCH6002,Bal Group,Medical & Health,5912,Partnership / LLP,Dilli,Delhi,TRUE,14-05-25 00:00,FALSE,,ACTIVE,0.718
MCH6004,Raval And Sons,Food & Beverage,5812,Partnership / LLP,Bangalore,Karnataka,TRUE,20-10-25 12:33,FALSE,,ACTIVE,477.72
MCH6009,Nagar Chowdhury And Raghavan,Books & Stationery,,Private Limited,Pune,Maharashtra,FALSE,,TRUE,XXXX6864,ACTIVE,1266.03
MCH6010,Tak Sani And Jaggi,Medical & Health,5912,Individual,Jaipur,Rajasthan,TRUE,20-01-24 00:00,FALSE,TXCH9949373918886,ACTIVE,1022.54
MCH6013,Date Ltd,Apparel & Fashion,5699,Individual,Mumbai,Maharashtra,TRUE,12-11-25 09:48,FALSE,9831248184,INACTIVE,138.89
MCH6016,Goda Inc,Books & Stationery,,Proprietorship,Calcutta,West Bengal,TRUE,21-07-25 22:39,FALSE,FWRQ5490581831729,ACTIVE,1254.1
MCH6017,Loyal Sidhu And Balay,Electronics & Tech,4814,Proprietorship,Amritsar,Punjab,TRUE,08-01-25 01:30,FALSE,,ACTIVE,985.33
MCH6019,Chatterjee Ltd,Food & Beverage,,Private Limited,Dilli,Delhi,TRUE,25-01-26 00:00,FALSE,UFWO7733965180914,ACTIVE,100.27
MCH6020,Goda Ltd,Books & Stationery,5942,Proprietorship,Lucknow,Uttar Pradesh,TRUE,01-09-25 00:00,TRUE,XXXX5529,ACTIVE,2555.72
MCH6023,Datta Plc,Retail & Groceries,5411,Partnership / LLP,Ludhiana,Punjab,TRUE,27-01-26 00:00,FALSE,6184043041,ACTIVE,2183.74
MCH6024,Saran Sinha And Barman,Food & Beverage,5812,Proprietorship,Jalandhar,Punjab,TRUE,18-01-26 00:39,TRUE,XXXX8830,ACTIVE,1185.95
MCH6025,Rege Bali,Travel & Transport,4131,Individual,Bengaluru,Karnataka,TRUE,21-04-25 00:00,TRUE,XXXX0320,INACTIVE,2516.42
MCH6026,Narayanan Bhatt,Books & Stationery,5942,Partnership / LLP,Hyderabad,Telangana,TRUE,14-09-25 00:00,FALSE,1281831300,ACTIVE,746.02
MCH6028,Devan Saha And Nagar,Medical & Health,7011,Partnership / LLP,Jalandhar,Punjab,TRUE,02-05-23 08:52,TRUE,XXXX4040,ACTIVE,2112.02
MCH6030,Dhillon Sunder And Sodhi,Miscellaneous,5999,Partnership / LLP,Jaipur,Rajasthan,TRUE,19-02-25 00:00,FALSE,FIPF1132011620068,ACTIVE,884.98
MCH6031,Chauhan Group,Apparel & Fashion,5699,Individual,Hyderabad,Telangana,TRUE,13-12-24 22:44,TRUE,XXXX4944,ACTIVE,0.654
MCH6033,Sama Basak And Majumdar,Other,5999,Private Limited,Hyderabad,Telangana,TRUE,05-03-25 00:00,FALSE,665928024,ACTIVE,0.365
MCH6034,Sane Inc,Medical & Health,5912,Private Limited,Jaipur,Rajasthan,TRUE,18-10-25 00:00,FALSE,5791425986,ACTIVE,1353.34
MCH6035,Radhakrishnan Chad,Food & Beverage,5812,Partnership / LLP,New Delhi,Delhi,TRUE,25-01-26 00:00,FALSE,,ACTIVE,706.81
MCH6036,Chhabra Group,Apparel & Fashion,5699,Proprietorship,Asr,Punjab,TRUE,10-01-24 00:00,TRUE,XXXX4226,ACTIVE,1036.37
MCH6039,Padmanabhan Bora,Electronics & Tech,4814,Proprietorship,Lucknow,Uttar Pradesh,FALSE,,FALSE,,ACTIVE,6727.69
MCH6043,Saran Rai,Retail & Groceries,5411,Private Limited,Jaipur,Rajasthan,TRUE,17-11-25 00:00,FALSE,,ACTIVE,2845.67
MCH6044,Narain Srivastava,Medical & Health,7011,Proprietorship,Hyderabad,Telangana,TRUE,02-11-26 00:00,FALSE,,ACTIVE,141.65
MCH6045,Bajwa Wali And Walla,Medical & Health,5912,Private Limited,Bengaluru,Karnataka,TRUE,28-09-23 00:00,FALSE,2003662760,ACTIVE,0.2897
MCH6046,Palla Yadav And Bhatnagar,Other,5999,Individual,Bengaluru,Karnataka,TRUE,27-03-24 20:41,FALSE,,ACTIVE,2396.76
MCH6050,Choudhary Shanker And Rajan,Food & Beverage,5812,Individual,Ludhiana,Punjab,TRUE,26-03-24 21:03,FALSE,1328212555,ACTIVE,2324.79
MCH6051,Prashad Date And Sodhi,Retail & Groceries,5311,Private Limited,Jalandhar,Punjab,TRUE,18-01-26 00:00,FALSE,,ACTIVE,212.27
MCH6052,Nayak Wadhwa,Medical & Health,5912,Private Limited,Jaipur,Rajasthan,TRUE,12-07-23 00:00,TRUE,XXXX8602,ACTIVE,600.38
MCH6053,Barad Sen,Retail Other,5999,Individual,Calcutta,West Bengal,TRUE,20-10-25 00:00,FALSE,4325467547,ACTIVE,2730.09
MCH6056,Iyengar Hegde,Travel & Transport,4131,Partnership / LLP,Amritsar,Punjab,TRUE,23-03-25 00:00,FALSE,,ACTIVE,1004.69
MCH6058,Loke Llc,Books & Stationery,5942,Proprietorship,Amritsar,Punjab,FALSE,,FALSE,TMOY5327017538734,ACTIVE,317.07
MCH6059,Bhargava Plc,Hotel & Lodging,7011,Private Limited,Jaipur,Rajasthan,TRUE,16-07-25 00:00,TRUE,XXXX7802,SUSPENDED,333.57
MCH6060,Chacko Sundaram,Travel & Transport,41310,Individual,Jaipur,Rajasthan,TRUE,25-03-23 00:00,TRUE,XXXX2924,INACTIVE,2026.75
MCH6061,Kaur Llc,Medical & Health,5912,Individual,Chennai,Tamil Nadu,TRUE,20-12-25 00:00,FALSE,PCHM7779378281911,ACTIVE,1323.16
MCH6062,Kata Plc,Apparel & Fashion,5699,Proprietorship,Mumbai,Maharashtra,TRUE,10-09-25 00:00,FALSE,3065314778,ACTIVE,0.9045
MCH6064,Wable Virk And Gaba,Food & Beverage,5812,Private Limited,Asr,Punjab,TRUE,09-06-25 01:56,FALSE,328512355,ACTIVE,5256.61
MCH6067,Chaw1A Gangu1Y,Medical & Health,,Proprietorship,Mumbai,Maharashtra,TRUE,03-12-25 00:00,FALSE,FNQE1460028710860,ACTIVE,700.95
MCH6069,Krish Joshi,Apparel & Fashion,,Private Limited,Asr,Punjab,TRUE,30-07-24 00:00,TRUE,XXXX1701,ACTIVE,252.19
MCH6071,Nagy Inc,Retail & Groceries,5311,Private Limited,New Delhi,Delhi,FALSE,,TRUE,XXXX2349,ACTIVE,2743.11
MCH6072,Bassi Sarma And Yohannan,Other,,Proprietorship,Chennai,Tamil Nadu,TRUE,14-01-24 00:00,FALSE,OFUG5890068758335,ACTIVE,1959.53
MCH6075,Lad Menon And Tiwari,Electronics & Tech,4814,Private Limited,Blr,Karnataka,TRUE,08-06-23 00:00,FALSE,3853486592,ACTIVE,709.64
MCH6078,Oza Srinivasan,Electronics & Tech,4814,Individual,Bombay,Maharashtra,TRUE,15-10-23 19:51,FALSE,,ACTIVE,4379.06
MCH6079,Gulati Inc,Travel & Transport,4131,Proprietorship,Pune,Maharashtra,TRUE,29-01-23 08:05,TRUE,XXXX5091,ACTIVE,2029.26
MCH6080,Kanda Krishnan And Chaudry,Retail & Groceries,5411,Private Limited,Chennai,Tamil Nadu,TRUE,27-02-23 00:47,FALSE,,ACTIVE,1675.16
MCH6083,Shah Deep And Swaminathan,Retail & Groceries,5411,Partnership / LLP,Amritsar,Punjab,TRUE,28-06-25 00:00,FALSE,,ACTIVE,0.1417
MCH6084,Gera Patla,Travel & Transport,,Proprietorship,Lucknow,Uttar Pradesh,TRUE,26-01-26 15:06,FALSE,59005491,ACTIVE,3360.46
MCH6090,Bahl Ramanathan,Hotel & Lodging,7011,Proprietorship,Jalandhar,Punjab,TRUE,10-03-25 00:29,FALSE,3270315873,ACTIVE,1685.43
MCH6091,Ratti Kalita,Books & Stationery,5942,Proprietorship,Ludhiana,Punjab,TRUE,09-06-23 00:00,TRUE,XXXX4886,ACTIVE,458.92
MCH6095,Sahota Misra And Kata,Books & Stationery,,Partnership / LLP,Hyd,Telangana,TRUE,29-11-24 00:00,FALSE,,ACTIVE,0.665
MCH6097,Mannan Plc,Food & Beverage,58120,Partnership / LLP,Lucknow,Uttar Pradesh,TRUE,13-02-25 00:39,TRUE,XXXX8307,ACTIVE,258.41
MCH6099,Yadav Llc,Electronics & Tech,4814,Partnership / LLP,Bengaluru,Karnataka,TRUE,16-06-25 00:00,FALSE,7606007756,ACTIVE,4726
MCH6100,Pillay Merchant And Sem,Books & Stationery,5942,Private Limited,Jalandhar,Punjab,TRUE,09-05-23 09:50,FALSE,672030590,ACTIVE,1374.95
MCH6101,Dora Bajwa,Medical & Health,59120,Private Limited,Pune,Maharashtra,TRUE,28-07-25 00:00,FALSE,2854493333,ACTIVE,3328.35
MCH6102,Hayre Peri And Sura,Hotel & Lodging,7011,Private Limited,Ludhiana,Punjab,TRUE,26-01-24 00:00,FALSE,FLWX5559304020457,ACTIVE,4593.66
MCH6104,Keer Gade,Retail & Groceries,5311,Individual,Calcutta,West Bengal,TRUE,01-01-23 20:32,FALSE,DQNV8530720672123,ACTIVE,935.82
MCH6105,Upadhyay Plc,Hotel & Lodging,7011,Proprietorship,Calcutta,West Bengal,TRUE,07-02-24 00:26,FALSE,,ACTIVE,527.81
MCH6107,Pillay Llc,Other,5999,Proprietorship,Jalandhar,Punjab,TRUE,27-06-24 00:00,FALSE,COEO9019476576214,ACTIVE,1844.34
MCH6109,Sampath Ltd,Electronics & Tech,4814,Individual,Ludhiana,Punjab,TRUE,15-01-26 23:34,FALSE,6737069990,ACTIVE,399.08
MCH6112,Luthra Grover,Books & Stationery,5942,Partnership / LLP,Jaipur,Rajasthan,TRUE,22-06-24 00:00,FALSE,,ACTIVE,0.1366
MCH6113,Shen0Y Kapadia And Pradhan,Books & Stationery,5942,Individual,Amritsar,Punjab,TRUE,21-05-25 01:21,FALSE,OAOW4206990585455,ACTIVE,8727.62
MCH6114,Khurana Chowdhury And Chaudhary,Electronics & Tech,,Private Limited,Chennai,Tamil Nadu,FALSE,,TRUE,XXXX2122,ACTIVE,0.1212
MCH6115,Padmanabhan Chahal,Retail,,Private Limited,Bombay,Maharashtra,TRUE,03-01-24 00:00,TRUE,XXXX5769,INACTIVE,266.65
MCH6116,Keer Shukla,Travel & Transport,4131,Individual,New Delhi,Delhi,TRUE,18-02-25 00:00,FALSE,5115475557,ACTIVE,0.3651
MCH6118,Radhakrishnan Lala And Devi,Retail & Groceries,5311,Proprietorship,Dilli,Delhi,TRUE,01-06-24 00:00,FALSE,6215610983,ACTIVE,0.11547
MCH6119,Hayerltd,Medical & Health,5912,Individual,Asr,Punjab,TRUE,11-12-25 00:00,FALSE,,ACTIVE,1262.04
MCH6121,Madan Plc,Retail,5311,Private Limited,Bangalore,Karnataka,TRUE,07-09-23 00:00,FALSE,2257947989,ACTIVE,1208.86
MCH6122,Rai Ltd,Travel & Transport,4131,Private Limited,Jalandhar,Punjab,TRUE,11-02-24 00:00,FALSE,JNKS9651802205909,ACTIVE,2198.19
MCH6131,Dhar Dada And Bakshi,Apparel & Fashion,,Partnership / LLP,Bangalore,Karnataka,TRUE,10-03-24 19:58,FALSE,4600930161,ACTIVE,0.1921
MCH6137,Sidhu Ahuja And Kumar,Food & Beverage,5812,Partnership / LLP,Bengaluru,Karnataka,FALSE,,FALSE,510702134,ACTIVE,1574.67
MCH6143,Baral Plc,Retail & Groceries,5411,Partnership / LLP,Calcutta,West Bengal,TRUE,05-12-24 02:07,FALSE,7112045329,ACTIVE,1054.97
MCH6144,Ravi Dhingra,Medical & Health,5912,Private Limited,Hyderabad,Telangana,TRUE,28-04-23 00:00,FALSE,,ACTIVE,0.2686
MCH6146,Handa Llc,Medical & Health,5912,Individual,Asr,Punjab,TRUE,01-01-23 00:00,FALSE,BIZN7645519547179,ACTIVE,1061.38
MCH6147,Singhal Murthy,Travel & Transport,41310,Partnership / LLP,Mumbai,Maharashtra,TRUE,06-01-23 00:00,FALSE,,ACTIVE,1814.59
MCH6148,Sem Aggarwa1 And Uppa1,Retail & Groceries,5311,Proprietorship,Lucknow,Uttar Pradesh,TRUE,29-11-25 06:29,FALSE,8892638195,INACTIVE,3148.18
MCH6150,Chada Vala And Merchant,Electronics & Tech,48140,Private Limited,Hyd,Telangana,TRUE,10-10-24 00:00,FALSE,6593744761,ACTIVE,0.616
MCH6152,Mukhopadhyay Plc,Books & Stationery,5942,Individual,Jaipur,Rajasthan,TRUE,20-12-25 00:00,FALSE,OXKW4550087815999,ACTIVE,1642.16
MCH6155,Mukhopadhyay Doshi And Gopal,Retail & Groceries,5411,Proprietorship,Jalandhar,Punjab,TRUE,03-10-25 00:00,TRUE,XXXX5418,ACTIVE,830.87
MCH6158,Dhingra Ratti And Palla,Travel & Transport,4131,Proprietorship,Amritsar,Punjab,TRUE,26-04-23 00:00,FALSE,VDGT0468038681462,ACTIVE,1443.6
MCH6161,Sura Wadhwa,Electronics & Tech,,Individual,Bengaluru,Karnataka,TRUE,22-04-25 00:00,FALSE,QWHT6526941757258,ACTIVE,490.18
MCH6162,Naik Kade And Singh,Travel & Transport,4131,Partnership / LLP,Asr,Punjab,TRUE,21-03-25 00:00,TRUE,XXXX4537,ACTIVE,2176.24
MCH6163,Mani Ltd,Books & Stationery,5942,Partnership / LLP,Hyderabad,Telangana,TRUE,30-10-25 00:00,FALSE,RJUA0543412555773,ACTIVE,2298.3
MCH6164,Bir Patil And Chahal,Medical & Health,,Proprietorship,Mumbai,Maharashtra,TRUE,03-01-23 18:39,FALSE,4503250362,ACTIVE,0.1451
MCH6165,Sibal Bora,Hotel & Lodging,7011,Proprietorship,Jaipur,Rajasthan,TRUE,17-06-24 04:49,TRUE,XXXX5672,ACTIVE,820.87
MCH6167,Chawla Andra And Varty,Electronics & Tech,4814,Partnership / LLP,Hyderabad,Telangana,TRUE,08-05-23 00:00,FALSE,6258351219,ACTIVE,2407.62
MCH6168,Raj Sharma And Panchal,Travel & Transport,4131,Private Limited,Ludhiana,Punjab,TRUE,19-08-25 00:00,FALSE,,ACTIVE,1123.84
MCH6170,Gh0Se Mann,Miscellaneous,5999,Private Limited,Lucknow,Uttar Pradesh,TRUE,05-09-23 00:00,FALSE,5980501724,ACTIVE,1120.12
MCH6171,Naik And Sons,Food & Beverage,5812,Individual,Amritsar,Punjab,TRUE,09-08-23 00:00,FALSE,,INACTIVE,4084.17
MCH6172,Raja Inc,Food & Beverage,5812,Proprietorship,Hyderabad,Telangana,TRUE,09-11-24 00:00,FALSE,,ACTIVE,0.105
MCH6176,Tandon Badal And Natarajan,Travel & Transport,4131,Private Limited,Hyderabad,Telangana,TRUE,10-12-25 00:00,TRUE,XXXX9488,ACTIVE,2925.84
MCH6180,Thakur And Sons,Apparel & Fashion,56990,Private Limited,Lucknow,Uttar Pradesh,TRUE,24-05-25 02:59,FALSE,MWYN7782824521830,ACTIVE,699.96
MCH6183,Goel Swaminathan And Padmanabhan,Retail & Groceries,5411,Private Limited,Asr,Punjab,TRUE,03-06-25 00:00,FALSE,4104440790,ACTIVE,0.817
MCH6184,Peri R0Ut,Travel & Transport,4131,Proprietorship,Mumbai,Maharashtra,FALSE,,TRUE,XXXX1239,ACTIVE,1637.73
MCH6187,Shanker Sastry And Rattan,Travel & Transport,4131,Individual,Dilli,Delhi,TRUE,17-11-25 00:00,FALSE,,ACTIVE,327.19
MCH6188,Batta Choudhary And Bhalla,Transprt,4131,Private Limited,Kolkata,West Bengal,TRUE,01-09-26 00:00,FALSE,3109651401,ACTIVE,0.163
MCH6190,Pal Ltd,Apparel & Fashion,56990,Private Limited,Ludhiana,Punjab,TRUE,01-03-23 00:00,FALSE,,ACTIVE,376.59
MCH6197,Koshy Shah And Ratta,Transprt,4131,Partnership / LLP,Bengaluru,Karnataka,TRUE,20-03-24 00:00,FALSE,AGMV2642641861544,ACTIVE,1491.79
MCH6198,Rana Sabharwal,Retail,5311,Individual,Bombay,Maharashtra,FALSE,,FALSE,,ACTIVE,410.5
MCH6200,Kapadia Bail And Badal,Travel & Transport,4131,Private Limited,Chennai,Tamil Nadu,TRUE,09-12-23 00:00,FALSE,,ACTIVE,1183.13
MCH6205,Munshi Inc,Electronics & Tech,4814,Proprietorship,Ludhiana,Punjab,TRUE,01-01-26 00:00,FALSE,JWPM8696907638772,ACTIVE,230.73
MCH6206,Sanghvi Dugar And Rajagopal,Phone Service,4814,Individual,Chennai,Tamil Nadu,TRUE,31-03-25 00:00,FALSE,5473942096,ACTIVE,683.76
MCH6207,Ganesan Bajwa And Reddy,Medical & Health,5912,Partnership / LLP,Jaipur,Rajasthan,TRUE,21-03-23 00:00,FALSE,1318873894,ACTIVE,391.96
MCH6208,Tak Parmar,Electronics & Tech,4814,Private Limited,Lucknow,Uttar Pradesh,TRUE,16-03-24 00:00,TRUE,XXXX8227,SUSPENDED,1021.355
MCH6210,Sem Group,Food & Beverage,5812,Private Limited,Amritsar,Punjab,TRUE,03-01-24 02:42,FALSE,,ACTIVE,2370.64
MCH6213,Sangha Llc,Retail Other,,Private Limited,New Delhi,Delhi,TRUE,12-03-25 12:46,FALSE,,ACTIVE,0.722
MCH6216,Bhatti Dass And Deshpande,Retail & Groceries,5411,Individual,Ludhiana,Punjab,TRUE,09-08-24 01:01,TRUE,XXXX5234,ACTIVE,1325.06
MCH6218,Chad Bhakta,Retail & Groceries,5411,Proprietorship,Chennai,Tamil Nadu,TRUE,23-12-23 00:00,FALSE,TDSR2442651102267,ACTIVE,0.218
MCH6219,Morar Walla And Behl,Medical & Health,5912,Partnership / LLP,New Delhi,Delhi,TRUE,24-06-24 00:00,FALSE,,ACTIVE,4347.57
MCH6221,Dey Maharaj,Medical & Health,5912,Private Limited,Ludhiana,Punjab,TRUE,22-01-26 00:00,FALSE,8909550882,ACTIVE,402.9
MCH6223,Ramanathan Dhingra,Travel & Transport,4131,Individual,Lucknow,Uttar Pradesh,TRUE,03-10-23 00:00,FALSE,4296850394,ACTIVE,0.306
MCH6224,La1 Anand,Medical & Health,5912,Private Limited,New Delhi,Delhi,TRUE,28-07-25 00:00,FALSE,3453251138,ACTIVE,0.3823
MCH6225,Loyal Mander And Agrawal,Retail & Groceries,5411,Proprietorship,Kolkata,West Bengal,TRUE,17-12-23 00:00,FALSE,,ACTIVE,859.91
MCH6228,Kar Agarwal And Karpe,Food & Beverage,5812,Private Limited,Bengaluru,Karnataka,TRUE,05-08-24 00:00,FALSE,,ACTIVE,1145.75
MCH6231,Chand Johal And Chawla,Food & Beverage,5812,Private Limited,Jalandhar,Punjab,TRUE,26-06-23 00:00,FALSE,1062018479,ACTIVE,0.919
MCH6233,Vohra Ltd,Books & Stationery,5942,Partnership / LLP,New Delhi,Delhi,TRUE,26-02-26 00:00,FALSE,,ACTIVE,2389.79
MCH6239,Varkey More,Apparel & Fashion,5699,Private Limited,Lucknow,Uttar Pradesh,TRUE,20-08-25 00:00,FALSE,,ACTIVE,849.3
MCH6240,Mutti Plc,Misc Retail,5999,Partnership / LLP,New Delhi,Delhi,TRUE,08-11-25 00:00,FALSE,,ACTIVE,1461.1
MCH6242,Som Inc,Retail & Groceries,5311,Proprietorship,Jaipur,Rajasthan,TRUE,27-06-23 04:59,FALSE,ELTM3518126936690,ACTIVE,1984.97
MCH6244,Memon And Sons,Retail,5311,Individual,Mumbai,Maharashtra,TRUE,24-11-25 00:00,FALSE,,INACTIVE,1468.71
MCH6246,Kota Inc,Apparel & Fashion,5699,Private Limited,Mumbai,Maharashtra,TRUE,17-09-23 00:00,FALSE,NSCU9760012397000,ACTIVE,1586.1
MCH6247,Dhar Ram,Phone Service,4814,Individual,Jaipur,Rajasthan,TRUE,14-01-26 00:00,FALSE,,ACTIVE,468.52
MCH6251,Sodhi Handa And Venkatesh,Retail & Groceries,5411,Proprietorship,Lucknow,Uttar Pradesh,TRUE,18-09-25 00:00,FALSE,2729847488,SUSPENDED,291.55
MCH6254,Murthy Group,Electronics & Tech,4814,Partnership / LLP,Amritsar,Punjab,TRUE,07-05-25 23:34,FALSE,7655418410,INACTIVE,1021.355
MCH6255,Gupta Kibe And Aurora,Medical & Health,7011,Partnership / LLP,Lucknow,Uttar Pradesh,TRUE,31-10-23 04:07,FALSE,5876602681,ACTIVE,0.3182
MCH6256,Rana Walia,Food & Beverage,5812,Proprietorship,Ludhiana,Punjab,TRUE,27-02-25 00:00,TRUE,XXXX5533,INACTIVE,330.34
MCH6257,Parsa Rana And Raja,Food & Beverage,5812,Partnership / LLP,Blr,Karnataka,TRUE,28-03-23 20:34,FALSE,948269604,ACTIVE,2744.98
MCH6258,Mitra Nori And Venkataraman,Medical & Health,,Private Limited,Hyd,Telangana,TRUE,02-10-25 18:46,FALSE,,ACTIVE,353.34
MCH6260,Mittal Plc,Medical & Health,5912,Private Limited,Lucknow,Uttar Pradesh,TRUE,27-01-25 15:46,TRUE,XXXX9807,ACTIVE,1030
MCH6262,Saran Ltd,Retail & Groceries,5311,Partnership / LLP,Mumbai,Maharashtra,TRUE,04-08-25 12:06,TRUE,XXXX7596,INACTIVE,0.656
MCH6263,Bahri Bajaj And Mander,Books & Stationery,5942,Individual,Chennai,Tamil Nadu,TRUE,10-09-25 00:00,FALSE,,ACTIVE,667.85
MCH6267,Mandal Badal,Phone Service,4814,Partnership / LLP,Mumbai,Maharashtra,TRUE,10-12-24 00:00,FALSE,,ACTIVE,942.235
MCH6268,Yogi Sachar And Mammen,Retail & Groceries,5411,Proprietorship,Jalandhar,Punjab,TRUE,05-11-25 00:00,TRUE,XXXX1380,ACTIVE,0.1773
MCH6273,Dubey Narula And Jhaveri,Retail & Groceries,5311,Private Limited,Pune,Maharashtra,TRUE,06-05-25 00:00,FALSE,,ACTIVE,754.63
MCH6274,Mall Inc,Hotel & Lodging,7011,Partnership / LLP,Amritsar,Punjab,TRUE,21-06-25 00:00,TRUE,XXXX1310,ACTIVE,1700.39
MCH6275,Tank Plc,Electronics & Tech,4814,Proprietorship,Chennai,Tamil Nadu,TRUE,26-08-24 00:00,TRUE,XXXX8300,ACTIVE,0.781
MCH6277,Mangat Kaur And Guha,Medical & Health,7011,Partnership / LLP,New Delhi,Delhi,TRUE,07-04-24 03:31,FALSE,,ACTIVE,0.1786
MCH6278,Keer Sha And Sama,Medical & Health,5912,Partnership / LLP,Kolkata,West Bengal,TRUE,23-08-25 00:00,FALSE,2867105387,ACTIVE,8713.68
MCH6280,Khanna Kanda,Apparel & Fashion,5699,Proprietorship,Pune,Maharashtra,FALSE,,FALSE,1584508627,ACTIVE,243.27
MCH6282,Chacko Chakrabarti And Suresh,Retail & Groceries,5411,Private Limited,Jaipur,Rajasthan,TRUE,16-06-24 00:00,TRUE,XXXX6827,ACTIVE,0.1078
MCH6284,Ta1War Ltd,Hotel & Lodging,7011,Partnership / LLP,Amritsar,Punjab,TRUE,27-11-25 00:00,FALSE,6681997576,ACTIVE,678.88
MCH6285,Kumer Mane,Hotel & Lodging,7011,Private Limited,Bengaluru,Karnataka,TRUE,01-10-24 00:00,FALSE,,ACTIVE,567.98
MCH6290,Chaudhry Agarwal,Retail Other,5999,Partnership / LLP,Ludhiana,Punjab,TRUE,09-01-23 00:00,FALSE,,INACTIVE,0.5757
MCH6291,Sheth Anne,Retail,5311,Partnership / LLP,New Delhi,Delhi,TRUE,15-10-25 00:00,FALSE,5416820526,SUSPENDED,2021.5
MCH6293,Bora Nigam,Retail & Groceries,5311,Partnership / LLP,Jalandhar,Punjab,FALSE,,FALSE,,ACTIVE,4957.97
MCH6296,Goyal Vora And Loke,Retail & Groceries,5411,Private Limited,Lucknow,Uttar Pradesh,FALSE,,FALSE,,ACTIVE,0.538
MCH6299,Pathak Mukherjee,Other,5999,Individual,Dilli,Delhi,TRUE,02-02-25 00:00,FALSE,,ACTIVE,256.83
MCH6300,Kumar Plc,Apparel & Fashion,56990,Partnership / LLP,Jaipur,Rajasthan,TRUE,17-04-25 00:00,FALSE,,ACTIVE,1647.52
MCH6301,Apte Vohra And Gade,Electronics & Tech,4814,Partnership / LLP,Jalandhar,Punjab,TRUE,30-03-23 00:00,FALSE,,ACTIVE,2355.49
MCH6302,Gour Rattan,Transprt,4131,Individual,Hyderabad,Telangana,TRUE,29-09-24 00:00,FALSE,HNZM4152862016158,ACTIVE,966.01
MCH6305,Chakraborty Hansandsahota,Travel & Transport,4131,Individual,Mumbai,Maharashtra,TRUE,20-10-25 00:00,FALSE,,ACTIVE,1075.82
MCH6306,Ramesh Viswanathan And Kalita,Travel & Transport,4131,Private Limited,Chennai,Tamil Nadu,TRUE,05-01-26 00:00,TRUE,XXXX8991,ACTIVE,302.6
MCH6308,Seshadri Llc,Apparel & Fashion,5699,Private Limited,New Delhi,Delhi,TRUE,10-03-25 00:00,FALSE,,ACTIVE,422.55
MCH6313,Ramanathan Plc,Retail & Groceries,,Proprietorship,Mumbai,Maharashtra,FALSE,,FALSE,THOM0066375833437,ACTIVE,3430.73
MCH6314,Kuruvilla Lalla And Mallick,Apparel & Fashion,56990,Private Limited,Lucknow,Uttar Pradesh,TRUE,01-05-26 15:15,FALSE,,ACTIVE,697.89
MCH6315,Pal Zacharia And Narayan,Hotel & Lodging,7011,Proprietorship,Mumbai,Maharashtra,TRUE,01-04-23 00:00,FALSE,5478307805,ACTIVE,529.2
MCH6321,Chander Ltd,Other,5999,Private Limited,Jaipur,Rajasthan,FALSE,,FALSE,,ACTIVE,380.1
MCH6325,Mannan Rattan,Retail & Groceries,5311,Private Limited,Calcutta,West Bengal,TRUE,29-12-23 06:16,TRUE,XXXX9688,ACTIVE,1405.47
MCH6326,Barad Murtyandtella,Books & Stationery,5942,Private Limited,Chennai,Tamil Nadu,TRUE,22-06-24 18:08,FALSE,LQXK9607455160094,ACTIVE,671.62
MCH6328,Ray Pandit And Bala,Phone Service,4814,Private Limited,Chennai,Tamil Nadu,TRUE,27-11-25 00:31,FALSE,GCWI4729638964155,ACTIVE,644.89
MCH6329,Srinivas Banerjee,Medical & Health,,Individual,Kolkata,West Bengal,TRUE,12-05-24 00:00,TRUE,XXXX2718,ACTIVE,199.46
MCH6331,Wagle Sinha,Medical & Health,5912,Proprietorship,Bengaluru,Karnataka,TRUE,05-10-24 06:43,FALSE,IOKV1240109633121,ACTIVE,2605.3
MCH6332,Shuk1A Hayre,Retail & Groceries,5311,Proprietorship,Lucknow,Uttar Pradesh,TRUE,01-12-26 17:50,FALSE,,ACTIVE,788.91
MCH6333,Kumer Butala And Sawhney,Apparel & Fashion,5699,Individual,Chennai,Tamil Nadu,TRUE,08-09-24 02:04,FALSE,HRFV9386173143650,ACTIVE,831.77
MCH6336,Kunda Kumar And Gulati,Transprt,,Private Limited,Chennai,Tamil Nadu,TRUE,16-03-24 16:19,TRUE,XXXX8337,ACTIVE,772.78
MCH6337,Chander Llc,Medical & Health,59120,Individual,Calcutta,West Bengal,TRUE,28-12-25 22:16,FALSE,,ACTIVE,1428.08
MCH6338,Dutta Plc,Retail & Groceries,5311,Individual,Kolkata,West Bengal,TRUE,29-06-24 00:00,FALSE,,ACTIVE,1835.5
MCH6343,Prabhakar Ltd,Retail & Groceries,5411,Proprietorship,Ludhiana,Punjab,TRUE,13-11-25 00:00,FALSE,,INACTIVE,8227.32
MCH6345,Mani Group,Other,5999,Partnership / LLP,Ludhiana,Punjab,FALSE,,FALSE,,ACTIVE,1339.21
MCH6351,Mahal Padmanabhan,Food & Beverage,5812,Partnership / LLP,Blr,Karnataka,TRUE,30-03-25 00:00,FALSE,IXWO1858083433710,ACTIVE,3129.06
MCH6352,Chadhagroup,Retail & Groceries,5411,Private Limited,Chennai,Tamil Nadu,TRUE,19-05-24 14:55,FALSE,QWFC2198127321151,SUSPENDED,419.41
MCH6354,Gulati Khosla And Peri,Food & Beverage,5812,Partnership / LLP,Lucknow,Uttar Pradesh,TRUE,14-08-25 00:00,FALSE,,ACTIVE,122.8
MCH6355,Dutt Plc,Apparel & Fashion,5699,Private Limited,Bangalore,Karnataka,TRUE,01-04-25 04:52,FALSE,4977061313,ACTIVE,495.94
MCH6356,Pandit Wagle And Kata,Medical & Health,7011,Private Limited,Asr,Punjab,TRUE,03-08-24 09:31,TRUE,XXXX6397,INACTIVE,499.8
MCH6359,Pai Dada,Travel & Transport,4121,Individual,Jaipur,Rajasthan,TRUE,27-05-25 00:00,FALSE,XFLS9466066220965,ACTIVE,484
MCH6360,Desai Shroff And Goel,Hotel & Lodging,7011,Private Limited,Jalandhar,Punjab,TRUE,11-11-25 00:00,FALSE,7990572488,ACTIVE,635.23
MCH6361,Saran Dhar And Chaudhry,Hotel & Lodging,7011,Proprietorship,New Delhi,Delhi,TRUE,18-04-23 22:29,FALSE,9705258117,ACTIVE,701.89
MCH6365,Bora Sood,Retail & Groceries,5311,Individual,Pune,Maharashtra,TRUE,28-06-25 00:00,FALSE,,ACTIVE,3013.41
MCH6366,Hora Edwin And Zacharia,Electronics & Tech,4814,Proprietorship,Ludhiana,Punjab,TRUE,29-03-25 00:00,FALSE,8367872742,ACTIVE,780.59
MCH6369,Chaudhry Batra And Rama,Travel & Transport,4131,Partnership / LLP,Jalandhar,Punjab,TRUE,15-04-24 00:00,FALSE,3514628122,INACTIVE,612.29
MCH6370,Dass Hegde And Viswanathan,Food & Beverage,5812,Partnership / LLP,Jaipur,Rajasthan,TRUE,24-03-23 18:53,FALSE,PUYW3534134349316,ACTIVE,2201.27
MCH6372,G0Da And S0Ns,Apparel & Fashion,56990,Individual,Chennai,Tamil Nadu,TRUE,14-05-24 00:00,FALSE,WEUJ5834386997769,ACTIVE,515.6
MCH6376,Naik Dhillon And Sama,Books & Stationery,5942,Partnership / LLP,Jalandhar,Punjab,TRUE,20-01-24 00:00,FALSE,KHDL5323426037616,ACTIVE,2593.39
MCH6377,Balasubramanianllc,Medical & Health,5912,Individual,Mumbai,Maharashtra,TRUE,12-06-25 00:00,FALSE,LULW1753905866525,ACTIVE,1259.93
MCH6379,Chana Mahajan,Books & Stationery,5942,Private Limited,Blr,Karnataka,TRUE,08-08-25 17:00,TRUE,XXXX7525,ACTIVE,2923.98
MCH6380,Naik Kalla,Other,5999,Individual,Pune,Maharashtra,TRUE,02-01-26 06:05,FALSE,6290942991,SUSPENDED,1353.03
MCH6383,Char Plc,Electronics & Tech,4814,Proprietorship,Bangalore,Karnataka,TRUE,28-10-23 04:05,FALSE,,ACTIVE,0.266
MCH6384,Rave1 Mane And Madan,Medical & Health,5912,Partnership / LLP,New Delhi,Delhi,TRUE,26-04-23 06:56,FALSE,8497490345,ACTIVE,334.08
MCH6386,Mahajan Inc,Retail,5311,Individual,Asr,Punjab,TRUE,03-02-25 00:00,FALSE,,ACTIVE,922.86
MCH6388,Pillai Subramaniam,Apparel & Fashion,5699,Proprietorship,Jalandhar,Punjab,TRUE,28-04-23 10:55,TRUE,XXXX3833,ACTIVE,2418.46
MCH6390,Barman Plc,Medical & Health,,Individual,Kolkata,West Bengal,TRUE,24-11-23 00:00,TRUE,XXXX9714,ACTIVE,904.29
MCH6391,Bhatti Keer And Gupta,Electronics & Tech,4814,Individual,Mumbai,Maharashtra,TRUE,22-08-25 10:17,FALSE,,ACTIVE,0.684
MCH6392,Thaman Ltd,Hotel & Lodging,7011,Partnership / LLP,Calcutta,West Bengal,TRUE,03-08-23 00:00,FALSE,1989029067,ACTIVE,691.37
MCH6394,Yogiinc,Apparel & Fashion,56990,Private Limited,Calcutta,West Bengal,TRUE,20-10-23 00:00,FALSE,,ACTIVE,1717.76
MCH6396,Mani Puri,Retail Other,59990,Individual,Lucknow,Uttar Pradesh,TRUE,21-04-25 00:00,TRUE,XXXX7558,ACTIVE,4113.97
MCH6397,Chacko Ganguly And Gala,Electronics & Tech,4814,Proprietorship,New Delhi,Delhi,TRUE,18-06-23 10:02,FALSE,KTQR3750781117068,ACTIVE,1021.355
MCH6400,Sem Keer,Retail & Groceries,5411,Partnership / LLP,Ludhiana,Punjab,TRUE,21-12-25 00:00,FALSE,4217077300,ACTIVE,13683.2
MCH6401,Ramachandran Borah,Electronics & Tech,4814,Private Limited,Bengaluru,Karnataka,TRUE,16-07-23 14:03,FALSE,BIIV8391883916775,ACTIVE,0.371
MCH6403,Sahni Kapur And Ganesh,Apparel & Fashion,,Private Limited,Chennai,Tamil Nadu,TRUE,30-05-24 00:00,FALSE,,ACTIVE,344.49
MCH6404,Tailor Group,Other,5999,Private Limited,Jaipur,Rajasthan,TRUE,04-02-26 15:32,FALSE,,SUSPENDED,792.4
MCH6405,Jaggi Ltd,Retail & Groceries,5411,Partnership / LLP,New Delhi,Delhi,TRUE,26-01-24 06:23,TRUE,XXXX6470,ACTIVE,0.4074
MCH6408,Gade And Sons,Books & Stationery,5942,Proprietorship,Chennai,Tamil Nadu,TRUE,11-06-24 00:00,FALSE,,ACTIVE,4374.58
MCH6409,Wason And Sons,Apparel & Fashion,5699,Private Limited,Blr,Karnataka,TRUE,07-10-24 00:00,FALSE,TVOP0202048560476,SUSPENDED,1111.14
MCH6410,Dua Kara,Apparel & Fashion,5699,Individual,Dilli,Delhi,FALSE,,FALSE,,ACTIVE,1003.3
MCH6418,Doctor Ltd,Hotel & Lodging,7011,Proprietorship,Jalandhar,Punjab,FALSE,,FALSE,,ACTIVE,1362.45
MCH6419,Bhalla Dubey And Salvi,Medical & Health,,Proprietorship,Jaipur,Rajasthan,TRUE,15-01-24 01:23,FALSE,,ACTIVE,3881.01
MCH6420,Wadhwa And Sons,Medical & Health,5912,Partnership / LLP,Bangalore,Karnataka,FALSE,,FALSE,724197412,ACTIVE,160.44
MCH6421,Wadhwaltd,Apparel & Fashion,5699,Proprietorship,Bangalore,Karnataka,TRUE,30-01-24 21:37,FALSE,,ACTIVE,1782.12
MCH6422,Dayal Kapur,Hotel & Lodging,7011,Individual,Lucknow,Uttar Pradesh,TRUE,17-11-23 00:00,TRUE,XXXX3524,INACTIVE,0.869
MCH6425,Pall Kanda,Books & Stationery,5942,Proprietorship,New Delhi,Delhi,FALSE,,FALSE,,ACTIVE,1143.39
MCH6427,Bose Inc,Misc Retail,5999,Private Limited,Ludhiana,Punjab,TRUE,02-07-25 00:00,FALSE,UHFS8061607261976,INACTIVE,1949.7
MCH6429,Doshi Group,Apparel & Fashion,5699,Proprietorship,Amritsar,Punjab,TRUE,15-10-25 00:00,FALSE,YIYE8202990184325,ACTIVE,369.26
MCH6430,Prakash Group,Electronics & Tech,4814,Individual,Hyd,Telangana,TRUE,05-08-25 00:00,FALSE,,SUSPENDED,5278.71
MCH6431,Batra Pant And Devan,Hotel & Lodging,7011,Partnership / LLP,Bengaluru,Karnataka,TRUE,31-01-26 00:00,TRUE,XXXX1013,ACTIVE,0.1564
MCH6433,Bhattacharyya Ltd,Electronics & Tech,4814,Partnership / LLP,Bengaluru,Karnataka,TRUE,31-12-24 00:00,FALSE,,ACTIVE,1248.03
MCH6440,Taneja Mahajan,Retail & Groceries,5311,Individual,Jalandhar,Punjab,TRUE,17-04-25 00:00,FALSE,2419488462,ACTIVE,6682.66
MCH6441,Konda Swaminathan And Patel,Electronics & Tech,4814,Individual,Lucknow,Uttar Pradesh,TRUE,30-01-25 00:00,FALSE,6182390542,ACTIVE,4535.55
MCH6445,Shere And Sons,Medical & Health,5912,Individual,Ludhiana,Punjab,TRUE,28-01-25 00:00,FALSE,,ACTIVE,0.766
MCH6446,Contractor Llc,Retail & Groceries,5311,Individual,Jaipur,Rajasthan,TRUE,23-09-24 11:13,FALSE,,ACTIVE,1356.41
MCH6447,Mody Dara And Ray,Food & Beverage,5812,Individual,Calcutta,West Bengal,TRUE,19-05-23 00:00,TRUE,XXXX4551,ACTIVE,860.24
MCH6448,Kara Mahal And Borah,Apparel & Fashion,5699,Individual,Chennai,Tamil Nadu,TRUE,02-02-25 01:23,FALSE,2311602120,SUSPENDED,2308.59
MCH6449,Chakraborty Hans,Food & Beverage,5812,Proprietorship,Hyderabad,Telangana,TRUE,01-03-24 00:00,TRUE,XXXX5646,ACTIVE,1506.6
MCH6450,Bobal Ltd,Apparel & Fashion,5699,Individual,Lucknow,Uttar Pradesh,TRUE,25-06-25 00:00,FALSE,UETF4584172674537,SUSPENDED,3737.71
MCH6451,Chandran Group,Retail & Groceries,5311,Individual,Jalandhar,Punjab,TRUE,07-10-25 00:00,FALSE,5694147499,INACTIVE,165.95
MCH6454,Nagi Ch0Udhury,Apparel & Fashion,5699,Private Limited,Bengaluru,Karnataka,TRUE,28-03-24 00:00,TRUE,XXXX1525,ACTIVE,0.3116
MCH6455,Luthra Wable,Miscellaneous,5999,Partnership / LLP,Bombay,Maharashtra,TRUE,09-04-23 00:00,FALSE,7955476293,ACTIVE,1528.51
MCH6460,Deol Narayanan,Retail,53110,Partnership / LLP,Mumbai,Maharashtra,TRUE,19-01-26 08:20,TRUE,XXXX8283,ACTIVE,878.73
MCH6462,Vaidya Kunda And Bhavsar,Retail,5311,Private Limited,Lucknow,Uttar Pradesh,TRUE,19-12-25 00:00,FALSE,5665285252,ACTIVE,1652.23
MCH6464,Date Llc,Apparel & Fashion,5699,Private Limited,Bengaluru,Karnataka,TRUE,03-12-25 00:00,TRUE,XXXX4137,ACTIVE,0.3772
MCH6465,Chadha Char,Medical & Health,5912,Partnership / LLP,Kolkata,West Bengal,TRUE,22-04-23 17:00,FALSE,5666974983,ACTIVE,749.37
MCH6466,Randhawa Llc,Retail,5311,Individual,Pune,Maharashtra,TRUE,03-06-24 00:00,FALSE,WUJF6073785687916,ACTIVE,3082.9
MCH6468,Golla Murty,Travel & Transport,4131,Partnership / LLP,Hyderabad,Telangana,TRUE,20-06-24 00:00,FALSE,,ACTIVE,1023.91
MCH6469,Bahl Barad And Dhillon,Retail & Groceries,5311,Private Limited,Chennai,Tamil Nadu,TRUE,02-10-25 00:00,FALSE,,ACTIVE,931.21
MCH6473,Tata Group,Food & Beverage,5812,Private Limited,Lucknow,Uttar Pradesh,TRUE,09-04-23 00:00,FALSE,3128582685,SUSPENDED,2924.69
MCH6474,Bakshi Ltd,Medical & Health,5912,Private Limited,Lucknow,Uttar Pradesh,TRUE,06-09-25 00:00,FALSE,UIQO0757463991116,ACTIVE,3871.85
MCH6477,Gopal Dewan,Apparel & Fashion,5699,Proprietorship,Mumbai,Maharashtra,TRUE,20-12-25 00:00,FALSE,GNKM1008209861483,ACTIVE,1828.26
MCH6480,Sundaram And S0Ns,Apparel & Fashion,5699,Partnership / LLP,Bombay,Maharashtra,TRUE,13-11-23 01:40,TRUE,XXXX8936,ACTIVE,680.72
MCH6481,Kalita Inc,Transprt,4131,Private Limited,Mumbai,Maharashtra,TRUE,29-11-24 00:00,FALSE,BFCN8370004846639,ACTIVE,1389.63
MCH6482,Mitra Agate,Retail & Groceries,5311,Individual,Amritsar,Punjab,TRUE,06-04-24 00:00,FALSE,,ACTIVE,0.134
MCH6488,Cheema Dubey And Kala,Apparel & Fashion,,Private Limited,Mumbai,Maharashtra,TRUE,14-11-24 00:00,FALSE,,ACTIVE,1180.07
MCH6492,Peri Llc,Medical & Health,5912,Individual,Mumbai,Maharashtra,TRUE,20-08-25 09:18,FALSE,,ACTIVE,3574.25
MCH6493,Subramaniam Prashad And Parmer,Travel & Transport,4121,Proprietorship,Mumbai,Maharashtra,TRUE,13-04-25 00:00,TRUE,XXXX8820,INACTIVE,1023.91
MCH6498,Sankaran Gupta,Retail & Groceries,5411,Partnership / LLP,Hyderabad,Telangana,TRUE,29-10-23 00:00,FALSE,LBQV8100985155327,SUSPENDED,992.12
MCH6501,Ka1A Garg,Apparel & Fashion,,Proprietorship,Ludhiana,Punjab,TRUE,07-05-23 00:00,FALSE,5422601773,ACTIVE,471.98
MCH6502,Mall Plc,Retail Other,5999,Proprietorship,Chennai,Tamil Nadu,TRUE,10-05-25 03:33,FALSE,,ACTIVE,1695.37
MCH6504,Wagle Choudhry And Patla,Books & Stationery,5942,Private Limited,Jalandhar,Punjab,TRUE,14-11-25 00:00,FALSE,,ACTIVE,0.1748
MCH6507,Ba1Akrishnan Shr0Ff And Tank,Travel & Transport,4131,Individual,Ludhiana,Punjab,TRUE,28-10-24 12:41,FALSE,XEKQ6062690527278,ACTIVE,1269.14
MCH6508,Varty Inc,Medical & Health,5912,Individual,Jalandhar,Punjab,TRUE,18-09-25 00:00,FALSE,,ACTIVE,3434.37
MCH6511,Doctor Sur And Badal,Retail & Groceries,5411,Proprietorship,Pune,Maharashtra,TRUE,27-07-24 20:57,TRUE,XXXX9778,ACTIVE,778.51
MCH6512,Sagar Deep And Rao,Electronics & Tech,,Proprietorship,Hyderabad,Telangana,TRUE,11-01-25 00:00,FALSE,1702999144,ACTIVE,1021.355
MCH6513,Krishna Deshpande And Kar,Retail & Groceries,5311,Individual,Bombay,Maharashtra,TRUE,13-08-25 00:00,TRUE,XXXX3471,ACTIVE,2622.03
MCH6514,Lalla Palan,Food & Beverage,5812,Individual,Kolkata,West Bengal,TRUE,26-03-25 09:22,TRUE,XXXX0164,ACTIVE,958.85
MCH6517,Vig Sen And Kumar,Apparel & Fashion,5699,Proprietorship,New Delhi,Delhi,TRUE,05-05-23 00:00,FALSE,,ACTIVE,1024.93
MCH6519,Dhar Morar And Malhotra,Apparel & Fashion,5699,Private Limited,Pune,Maharashtra,TRUE,15-05-23 00:27,TRUE,XXXX0332,ACTIVE,445.06
MCH6520,Manda Shah,Medical & Health,5912,Individual,Kolkata,West Bengal,TRUE,08-01-24 00:55,FALSE,,ACTIVE,1457.02
MCH6523,Ramanathan Wali,Other,5999,Private Limited,Bangalore,Karnataka,TRUE,27-08-24 00:00,FALSE,CTGF7705622759501,ACTIVE,2272.75
MCH6524,Chaudry Lall,Hotel & Lodging,70110,Proprietorship,New Delhi,Delhi,TRUE,25-12-23 00:00,FALSE,RGKG5701905439053,INACTIVE,926.71
MCH6527,Lalla Bhandari And Mane,Retail & Groceries,5411,Proprietorship,Pune,Maharashtra,TRUE,09-07-25 00:00,FALSE,AWSX7915320511081,ACTIVE,1832.42
MCH6530,Muni Rout,Apparel & Fashion,5699,Individual,Pune,Maharashtra,TRUE,15-10-23 00:00,FALSE,3811526471,ACTIVE,938.29
MCH6535,Nagy And Sons,Retail & Groceries,5411,Proprietorship,Hyd,Telangana,TRUE,24-11-23 00:00,FALSE,,ACTIVE,291.26
MCH6541,Mahal Panchal And Doshi,Medical & Health,5912,Individual,Mumbai,Maharashtra,TRUE,12-06-24 16:15,TRUE,XXXX5174,ACTIVE,0.307
MCH6542,Saraf Dhingra,Retail,5311,Proprietorship,Mumbai,Maharashtra,TRUE,16-12-23 00:00,FALSE,UBFA1146451633512,ACTIVE,321.72
MCH6543,Goswami Ray,Apparel & Fashion,5699,Partnership / LLP,Chennai,Tamil Nadu,TRUE,04-04-25 00:00,TRUE,XXXX9238,ACTIVE,2501.19
MCH6545,Garg Plc,Apparel & Fashion,5699,Partnership / LLP,Ludhiana,Punjab,TRUE,20-02-24 00:00,FALSE,,ACTIVE,1653.52
MCH6547,Gupta Dewanandnadig,Books & Stationery,5942,Individual,Hyderabad,Telangana,TRUE,27-05-23 00:00,FALSE,,INACTIVE,974.14
MCH6548,Kaur Puri And Agate,Electronics & Tech,4814,Partnership / LLP,Hyd,Telangana,TRUE,24-09-23 18:14,FALSE,487365346,ACTIVE,1154.74
MCH6551,Oza Llc,Hotel & Lodging,7011,Private Limited,Lucknow,Uttar Pradesh,TRUE,11-07-23 00:00,FALSE,,ACTIVE,578.45
MCH6554,Vora Llc,Medical & Health,7011,Individual,Bengaluru,Karnataka,TRUE,06-10-24 15:25,FALSE,,ACTIVE,3625.66
MCH6555,Tata Bajwa,Retail,5311,Partnership / LLP,Lucknow,Uttar Pradesh,TRUE,24-12-23 00:00,FALSE,,SUSPENDED,0.389
MCH6556,Chana Barad,Other,5999,Private Limited,Jalandhar,Punjab,TRUE,06-09-24 00:00,TRUE,XXXX3130,ACTIVE,0.1172
MCH6559,Patla Ltd,Hotel & Lodging,7011,Proprietorship,Bengaluru,Karnataka,TRUE,18-12-25 00:00,FALSE,,ACTIVE,922.45
MCH6560,Pandit Jayaraman And Chokshi,Phone Service,4814,Individual,Hyd,Telangana,TRUE,29-05-23 00:00,FALSE,3945566171,ACTIVE,11930.97
MCH6562,Kant Inc,Hotel & Lodging,7011,Proprietorship,Chennai,Tamil Nadu,TRUE,14-10-24 00:00,TRUE,XXXX2723,ACTIVE,2590.35
MCH6563,Naik Plc,Travel & Transport,4131,Individual,Jalandhar,Punjab,TRUE,04-04-25 00:38,FALSE,,ACTIVE,0.1376
MCH6565,Parmer Datta,Electronics & Tech,4814,Proprietorship,Hyd,Telangana,TRUE,28-07-23 00:00,TRUE,XXXX1044,ACTIVE,2464.68
MCH6566,Purohit Chacko And Kadakia,Electronics & Tech,4814,Private Limited,Chennai,Tamil Nadu,TRUE,03-10-24 00:00,FALSE,YAOU8203503390794,INACTIVE,1923.82
MCH6568,Minhas Plc,Hotel & Lodging,7011,Proprietorship,Amritsar,Punjab,TRUE,10-04-24 18:11,FALSE,8442730412,ACTIVE,0.1486
MCH6570,Venkataraman Ltd,Medical & Health,5912,Private Limited,New Delhi,Delhi,TRUE,23-01-24 00:00,FALSE,,ACTIVE,332.15
MCH6572,Naidu Plc,Retail & Groceries,5311,Private Limited,Pune,Maharashtra,TRUE,17-03-25 00:00,FALSE,HNFH7484368794581,ACTIVE,402
MCH6574,Thaman Gupta And Barad,Phone Service,4814,Private Limited,Pune,Maharashtra,TRUE,03-03-24 13:31,FALSE,2887690427,ACTIVE,1371.71
MCH6575,Sanghvi Plc,Books & Stationery,5942,Individual,Lucknow,Uttar Pradesh,TRUE,15-02-25 00:00,FALSE,JZFS4748636238917,ACTIVE,0.819
MCH6577,D’Alia Inc,Apparel & Fashion,5699,Partnership / LLP,Bangalore,Karnataka,TRUE,08-05-23 16:50,FALSE,,ACTIVE,1979.76
MCH6578,Lal Sachdeva,Travel & Transport,41310,Partnership / LLP,Jalandhar,Punjab,TRUE,01-04-26 13:25,FALSE,2444694216,ACTIVE,1965.27
MCH6582,Sagar Group,Medical & Health,5912,Partnership / LLP,Calcutta,West Bengal,TRUE,09-06-23 00:00,FALSE,,ACTIVE,0.1999
MCH6583,Raval Badal,Medical & Health,5912,Individual,Kolkata,West Bengal,TRUE,07-11-25 00:00,FALSE,6285750236,ACTIVE,0.2083
MCH6585,Bansal Ltd,Retail & Groceries,5411,Private Limited,Mumbai,Maharashtra,TRUE,25-01-25 10:52,FALSE,WOEP4190245385925,ACTIVE,729.86
MCH6586,Pandya Plc,Miscellaneous,5999,Individual,Bengaluru,Karnataka,TRUE,29-04-24 00:00,FALSE,ADLW1268933500473,ACTIVE,0.52
MCH6590,Handainc,Apparel & Fashion,5699,Individual,Kolkata,West Bengal,TRUE,04-07-24 00:00,FALSE,IRLC4441881574347,ACTIVE,2071.46
MCH6593,Sharma Ahuja,Retail & Groceries,5411,Proprietorship,Jalandhar,Punjab,TRUE,27-06-25 17:43,FALSE,RJHM5836701029342,ACTIVE,3094.86
MCH6594,Varkey Bhatti,Retail & Groceries,5411,Partnership / LLP,Poona,Maharashtra,TRUE,24-01-25 23:13,FALSE,7425361686,ACTIVE,0.1271
MCH6595,More Sharma,Hotel & Lodging,7011,Proprietorship,Jalandhar,Punjab,TRUE,12-11-23 00:00,FALSE,,ACTIVE,308.54
MCH6598,Banik Halder And Sabharwal,Hotel & Lodging,7011,Individual,Mumbai,Maharashtra,TRUE,02-06-25 00:00,TRUE,XXXX2729,ACTIVE,230.53
MCH6600,Raju Inc,Hotel & Lodging,7011,Individual,Bangalore,Karnataka,TRUE,18-04-25 00:00,FALSE,IHUG8298515768880,ACTIVE,484.58
MCH6602,Thakkar Ltd,Travel & Transport,4131,Partnership / LLP,Mumbai,Maharashtra,TRUE,03-01-23 08:43,TRUE,XXXX6968,ACTIVE,483.25
MCH6603,Atwal Plc,Hotel & Lodging,7011,Proprietorship,Jaipur,Rajasthan,TRUE,20-08-24 00:00,FALSE,GWCP5106034968553,ACTIVE,694.88
MCH6607,Bedi Bhandari,Food & Beverage,5812,Proprietorship,Ludhiana,Punjab,TRUE,30-12-23 00:00,FALSE,,ACTIVE,1203
MCH6608,Puri Dar And Mann,Retail & Groceries,5411,Private Limited,New Delhi,Delhi,TRUE,10-02-24 07:57,FALSE,,ACTIVE,410.36
MCH6611,Mand Plc,Retail & Groceries,5411,Private Limited,Chennai,Tamil Nadu,TRUE,01-01-23 00:00,FALSE,,ACTIVE,1110.3
MCH6612,Sule Pillay,Food & Beverage,5812,Partnership / LLP,Pune,Maharashtra,TRUE,09-09-25 00:00,FALSE,ATSN3885757440400,ACTIVE,2010.07
MCH6615,Pillay Group,Books & Stationery,5942,Individual,Hyd,Telangana,TRUE,12-09-25 23:50,FALSE,3204013146,SUSPENDED,785.64
MCH6617,Buch Group,Apparel & Fashion,5699,Proprietorship,Hyderabad,Telangana,TRUE,01-09-24 00:00,FALSE,,ACTIVE,1759.15
MCH6623,Kakar And Sons,Medical & Health,5912,Individual,Poona,Maharashtra,FALSE,,FALSE,8474818927,ACTIVE,1424.35
MCH6626,Zacharia Kapadia,Medical & Health,5912,Private Limited,Lucknow,Uttar Pradesh,TRUE,25-07-24 00:00,FALSE,,ACTIVE,2864.89
MCH6628,Thakur Kunda,Phone Service,,Private Limited,New Delhi,Delhi,TRUE,13-05-25 14:37,TRUE,XXXX4289,ACTIVE,0.1718
MCH6630,Kalla Vyas And Lanka,Books & Stationery,5942,Proprietorship,Jaipur,Rajasthan,FALSE,,FALSE,,ACTIVE,257.87
MCH6632,Om Mall And Sandhu,Travel & Transport,,Partnership / LLP,Lucknow,Uttar Pradesh,TRUE,28-07-23 00:00,TRUE,XXXX3092,SUSPENDED,996.13
MCH6634,Bobal Randhawa And Guha,Other,,Proprietorship,New Delhi,Delhi,TRUE,17-07-24 00:00,FALSE,4957341463,ACTIVE,3780.75
MCH6635,Sehgal Inc,Food & Beverage,5812,Private Limited,Bengaluru,Karnataka,FALSE,,FALSE,,ACTIVE,1810.23
MCH6637,Sagar Group,Retail,53110,Proprietorship,Jaipur,Rajasthan,TRUE,16-08-23 00:00,FALSE,,ACTIVE,2926.37
MCH6639,Sandal Group,Food & Beverage,5812,Proprietorship,Amritsar,Punjab,TRUE,29-05-24 07:36,FALSE,7230745501,ACTIVE,3334.16
MCH6641,Sunder Taneja,Retail & Groceries,5411,Individual,Kolkata,West Bengal,TRUE,24-12-25 23:48,FALSE,,ACTIVE,126.11
MCH6643,Bala Palla And Srinivas,Books & Stationery,5942,Private Limited,Jalandhar,Punjab,TRUE,13-06-23 10:35,FALSE,3868687292,ACTIVE,1698.35
MCH6645,Kalla Ltd,Apparel & Fashion,,Partnership / LLP,Asr,Punjab,TRUE,29-01-23 13:22,FALSE,CBQP9610741406951,ACTIVE,329.87
MCH6650,Kuruvi11A G01A,Books & Stationery,59420,Private Limited,Bangalore,Karnataka,TRUE,16-07-24 00:00,TRUE,XXXX4971,ACTIVE,2725.71
MCH6651,Choudhry Sarma And Seshadri,Hotel & Lodging,7011,Proprietorship,New Delhi,Delhi,TRUE,05-10-24 13:55,FALSE,SMUJ2866206053187,ACTIVE,0.2606
MCH6654,Cheema Dara,Hotel & Lodging,7011,Partnership / LLP,Mumbai,Maharashtra,TRUE,26-12-23 12:35,FALSE,ETTT3125962256169,ACTIVE,581.25
MCH6656,Uppal Llc,Food & Beverage,58120,Individual,Ludhiana,Punjab,TRUE,11-10-23 00:00,TRUE,XXXX4591,ACTIVE,488.8
MCH6657,Atwal Sarraf,Retail & Groceries,5411,Partnership / LLP,Hyd,Telangana,FALSE,,FALSE,,ACTIVE,0.804
MCH6660,N0Ri Gr0Up,Electronics & Tech,4814,Proprietorship,Chennai,Tamil Nadu,TRUE,26-05-23 00:00,TRUE,XXXX4499,ACTIVE,0.303
MCH6662,Din Gour,Misc Retail,5999,Individual,Poona,Maharashtra,TRUE,26-02-24 00:00,TRUE,XXXX2767,ACTIVE,3959.93
MCH6665,Wadhwainc,Retail & Groceries,53110,Private Limited,New Delhi,Delhi,TRUE,05-07-25 00:00,FALSE,,ACTIVE,1714.72
MCH6666,Baral Inc,Apparel & Fashion,5699,Individual,Bengaluru,Karnataka,TRUE,22-12-25 00:00,FALSE,DXHD9016941179950,ACTIVE,381.87
MCH6667,Konda Jain,Medical & Health,5912,Proprietorship,Hyderabad,Telangana,TRUE,16-10-24 00:00,FALSE,,ACTIVE,2831.62
MCH6670,Sawhney Inc,Retail & Groceries,5411,Individual,Blr,Karnataka,TRUE,17-01-26 00:00,TRUE,XXXX5717,ACTIVE,2332.15
MCH6671,Chandran Dada,Apparel & Fashion,56990,Partnership / LLP,Amritsar,Punjab,TRUE,04-12-23 00:00,FALSE,6648722960,ACTIVE,2579.5
MCH6672,Mittal Bajwa And Guha,Food & Beverage,5812,Individual,New Delhi,Delhi,TRUE,09-08-23 00:00,TRUE,XXXX4811,ACTIVE,3663.66
MCH6675,Vora And Sons,Apparel & Fashion,,Partnership / LLP,Ludhiana,Punjab,TRUE,31-07-25 00:00,TRUE,XXXX5119,ACTIVE,769.28
MCH6676,Balakrishnan Baral,Travel & Transport,4131,Partnership / LLP,Chennai,Tamil Nadu,TRUE,02-08-25 10:17,FALSE,,ACTIVE,1126.87
MCH6677,Deshmukh Choudhry And Lad,Medical & Health,59120,Private Limited,Jalandhar,Punjab,TRUE,05-12-24 00:00,FALSE,,INACTIVE,2949
MCH6680,Vaidya Agrawal,Misc Retail,5999,Partnership / LLP,New Delhi,Delhi,TRUE,28-05-25 00:00,FALSE,,ACTIVE,1214.6
MCH6681,Baria Plc,Travel & Transport,4131,Individual,New Delhi,Delhi,TRUE,17-02-26 00:00,FALSE,443076547,ACTIVE,0.1343
MCH6683,Pai Inc,Retail & Groceries,54110,Individual,Chennai,Tamil Nadu,TRUE,29-11-25 00:42,FALSE,XSXE7944444672498,ACTIVE,808.55
MCH6692,Parekh Group,Books & Stationery,5942,Partnership / LLP,Asr,Punjab,TRUE,23-12-23 00:00,TRUE,XXXX5642,ACTIVE,0.307
MCH6697,Chanda Chakraborty And Mand,Electronics & Tech,4814,Individual,Pune,Maharashtra,TRUE,29-09-25 15:02,FALSE,4744924569,ACTIVE,706.35
MCH6700,Ravi Ltd,Electronics & Tech,4814,Partnership / LLP,Pune,Maharashtra,FALSE,,FALSE,,ACTIVE,219.11
MCH6707,Kari Ltd,Books & Stationery,,Proprietorship,Bangalore,Karnataka,TRUE,21-06-25 00:00,FALSE,8891593046,ACTIVE,1949.47
MCH6708,Soman And Sons,Medical & Health,5912,Private Limited,Ludhiana,Punjab,TRUE,03-06-25 00:00,FALSE,9694442119,ACTIVE,0.957
MCH6711,Loyal Srinivasan,Retail & Groceries,5411,Partnership / LLP,Hyderabad,Telangana,TRUE,15-06-25 00:00,TRUE,XXXX4153,INACTIVE,931.24
MCH6716,Shan Plc,Apparel & Fashion,5699,Partnership / LLP,Amritsar,Punjab,TRUE,07-09-25 00:00,TRUE,XXXX2064,ACTIVE,1208.93
MCH6718,Chaudry Ramachandran,Phone Service,4814,Individual,Lucknow,Uttar Pradesh,TRUE,19-07-24 00:00,TRUE,XXXX5658,ACTIVE,1635.83
MCH6720,Dhingra Shukla And Edwin,Medical & Health,5912,Partnership / LLP,Amritsar,Punjab,TRUE,08-07-25 00:00,TRUE,XXXX5057,ACTIVE,0.638
MCH6721,Saran Varughese And Savant,Medical & Health,5912,Individual,Ludhiana,Punjab,TRUE,11-11-25 00:00,FALSE,EEDF3505931890281,ACTIVE,1696.94
MCH6722,Khalsa Kapadia,Medical & Health,5912,Partnership / LLP,Bengaluru,Karnataka,TRUE,06-03-23 00:00,FALSE,4686133127,ACTIVE,2042.78
MCH6726,Boase Chatterjee,Hotel & Lodging,7011,Individual,Chennai,Tamil Nadu,TRUE,10-04-24 07:16,FALSE,,SUSPENDED,1583.09
MCH6729,Khatri And Sons,Medical & Health,,Partnership / LLP,Chennai,Tamil Nadu,TRUE,01-07-23 00:00,FALSE,TABO6915851442100,ACTIVE,1030
MCH6730,Babu Sarma And Setty,Medical & Health,5912,Partnership / LLP,Lucknow,Uttar Pradesh,TRUE,28-10-23 00:00,TRUE,XXXX4738,ACTIVE,1118.53
MCH6731,Thakurplc,Food & Beverage,5812,Individual,Hyd,Telangana,TRUE,25-10-25 00:00,FALSE,,ACTIVE,305.3
MCH6737,Kohli Inc,Books & Stationery,5942,Partnership / LLP,Ludhiana,Punjab,TRUE,07-06-23 00:00,FALSE,7394942754,ACTIVE,675.29
MCH6738,Jain Kothari And Subramanian,Electronics & Tech,48140,Individual,New Delhi,Delhi,TRUE,06-12-25 23:26,FALSE,MCPW5267667383117,INACTIVE,1846.61
MCH6741,Parikh Bhatt,Hotel & Lodging,7011,Partnership / LLP,New Delhi,Delhi,TRUE,20-06-25 00:00,FALSE,,SUSPENDED,664.53
MCH6742,Mammen Gr0Up,Phone Service,4814,Private Limited,Kolkata,West Bengal,TRUE,20-03-24 00:00,TRUE,XXXX8463,ACTIVE,6284.1
MCH6743,Zacharia Inc,Retail & Groceries,5411,Individual,Dilli,Delhi,TRUE,31-03-24 03:21,TRUE,XXXX6034,ACTIVE,1075.68
MCH6744,Grewal Inc,Miscellaneous,5999,Private Limited,Hyd,Telangana,TRUE,01-12-23 00:00,FALSE,,ACTIVE,1886.71
MCH6745,Chaudry Plc,Medical & Health,7011,Individual,Lucknow,Uttar Pradesh,TRUE,16-05-23 00:00,FALSE,,ACTIVE,2605.91
MCH6746,Tank Chanda And Kothari,Retail & Groceries,54110,Private Limited,Ludhiana,Punjab,TRUE,04-02-24 00:00,FALSE,2882499145,ACTIVE,2445.51
MCH6748,Sathe Inc,Retail & Groceries,5411,Proprietorship,Kolkata,West Bengal,TRUE,05-07-23 00:00,FALSE,,ACTIVE,1451.17
MCH6751,Jhaveri Rege,Books & Stationery,5942,Private Limited,Jalandhar,Punjab,TRUE,30-07-23 00:00,FALSE,,ACTIVE,1649.91
MCH6755,Subramaniam Inc,Medical & Health,7011,Partnership / LLP,New Delhi,Delhi,TRUE,23-03-24 00:00,FALSE,,ACTIVE,1535.05
MCH6756,Mangal Plc,Food & Beverage,5812,Individual,Kolkata,West Bengal,TRUE,21-12-24 00:00,TRUE,XXXX7752,ACTIVE,689.85
MCH6757,Brar Saha,Books & Stationery,5942,Proprietorship,Ludhiana,Punjab,TRUE,09-05-24 00:00,FALSE,NTTY4243627390116,ACTIVE,602.25
MCH6758,Kaul Vyas And Bobal,Medical & Health,5912,Proprietorship,Jaipur,Rajasthan,FALSE,,FALSE,OLOU3337406191926,ACTIVE,1560.09
MCH6764,Rama Vora,Transprt,4131,Partnership / LLP,Hyderabad,Telangana,TRUE,22-08-25 07:58,TRUE,XXXX1624,ACTIVE,892.82
MCH6765,Sengupta Keer,Medical & Health,5912,Individual,New Delhi,Delhi,TRUE,17-11-25 00:00,TRUE,XXXX7076,ACTIVE,1250.47
MCH6770,Chaudhari Dewan,Books & Stationery,5942,Proprietorship,Jaipur,Rajasthan,FALSE,,FALSE,,ACTIVE,1139.41
MCH6772,Sarin Kaleandbava,Retail & Groceries,5411,Individual,Amritsar,Punjab,TRUE,03-12-24 00:00,FALSE,4810020944,ACTIVE,893.58
MCH6773,Parmar Sahota And Rajagopalan,Miscellaneous,5999,Proprietorship,Poona,Maharashtra,TRUE,23-02-24 00:00,FALSE,GSZT9943608461358,ACTIVE,3042
MCH6774,Parsa Ltd,Apparel & Fashion,5699,Private Limited,Asr,Punjab,TRUE,17-01-23 00:00,FALSE,,ACTIVE,2007.14
MCH6775,La11 Gr0Up,Retail Other,5999,Private Limited,Chennai,Tamil Nadu,FALSE,,FALSE,WEWN8816151774902,ACTIVE,196.61
MCH6776,Hari Tak,Travel & Transport,4131,Proprietorship,Jalandhar,Punjab,TRUE,25-05-25 00:00,FALSE,MRFF6144887569600,ACTIVE,1189.41
MCH6777,Lall Date,Retail & Groceries,5411,Partnership / LLP,Lucknow,Uttar Pradesh,TRUE,20-12-23 14:05,TRUE,XXXX6676,ACTIVE,1143.87
MCH6780,Bhatia Dalal And Kapur,Retail Other,5999,Private Limited,Jalandhar,Punjab,TRUE,24-05-25 00:31,FALSE,,ACTIVE,10952.74
MCH6782,Jani Bhakta,Hotel & Lodging,7011,Private Limited,New Delhi,Delhi,TRUE,29-10-24 00:00,FALSE,1624647213,ACTIVE,289.03
MCH6783,Raju Group,Food & Beverage,5812,Individual,Mumbai,Maharashtra,TRUE,17-05-25 11:49,TRUE,XXXX7297,ACTIVE,958.85
MCH6785,Rai Llc,Hotel & Lodging,7011,Proprietorship,Chennai,Tamil Nadu,TRUE,01-12-24 08:40,FALSE,,ACTIVE,2498.92
MCH6789,Sanghvi Garg,Apparel & Fashion,5699,Individual,Kolkata,West Bengal,FALSE,,TRUE,XXXX2367,ACTIVE,8043.93
MCH6795,Hans Majumdar And Mangat,Misc Retail,5999,Individual,Hyderabad,Telangana,TRUE,05-06-23 00:00,FALSE,,ACTIVE,1573.9
MCH6802,Deo Vohra And Palla,Retail & Groceries,53110,Private Limited,New Delhi,Delhi,TRUE,11-04-24 00:00,FALSE,,ACTIVE,1823.92
MCH6803,Babu Aggarwal,Books & Stationery,5942,Partnership / LLP,Pune,Maharashtra,TRUE,24-05-25 00:00,FALSE,KCIX8411550946242,ACTIVE,2653.94
MCH6804,Johal And Sons,Apparel & Fashion,5699,Proprietorship,Chennai,Tamil Nadu,TRUE,13-10-25 00:00,FALSE,9253208573,ACTIVE,4018.13
MCH6805,Dora Ltd,Retail & Groceries,5311,Private Limited,Mumbai,Maharashtra,TRUE,17-09-25 00:00,FALSE,4896284694,ACTIVE,371.73
MCH6806,Virk Batra,Medical & Health,7011,Proprietorship,Jaipur,Rajasthan,TRUE,04-01-24 17:25,FALSE,1113737217,ACTIVE,687.46
MCH6809,Reddy Bhatt,Apparel & Fashion,,Partnership / LLP,Blr,Karnataka,TRUE,05-08-24 00:00,FALSE,,ACTIVE,0.2382
MCH6812,Gade Badami And Choudhary,Electronics & Tech,4814,Proprietorship,Asr,Punjab,TRUE,21-12-23 00:00,FALSE,,ACTIVE,200.21
MCH6814,Gara Seth,Electronics & Tech,4814,Private Limited,Jaipur,Rajasthan,TRUE,02-07-24 00:00,FALSE,2121833537,ACTIVE,1223.19
MCH6815,Borra Talwar And Jha,Electronics & Tech,48140,Partnership / LLP,Jalandhar,Punjab,FALSE,,FALSE,561076238,ACTIVE,750.82
MCH6816,Muni Bakshi,Books & Stationery,,Private Limited,Mumbai,Maharashtra,TRUE,19-10-25 19:36,FALSE,3427916602,SUSPENDED,1412.92
MCH6818,Bava Badami And Sodhi,Retail & Groceries,5311,Partnership / LLP,Mumbai,Maharashtra,TRUE,16-03-23 00:00,FALSE,JOTB5244966377910,ACTIVE,3479.78
MCH6819,Krishnan Pal And Nayar,Food & Beverage,5812,Proprietorship,Hyd,Telangana,TRUE,17-10-25 18:49,FALSE,,ACTIVE,0.499
MCH6822,Sankar Deol And Goswami,Electronics & Tech,4814,Proprietorship,Jaipur,Rajasthan,TRUE,31-03-25 00:00,TRUE,XXXX2270,INACTIVE,1194.99
MCH6824,Talwar Ramesh And Hora,Books & Stationery,,Proprietorship,Bangalore,Karnataka,TRUE,10-09-23 00:00,TRUE,XXXX8796,ACTIVE,3249.65
MCH6825,Biswas Nadig,Other,5999,Proprietorship,Jalandhar,Punjab,TRUE,10-12-23 10:16,FALSE,FNXI2179536432243,SUSPENDED,872.49
MCH6827,Mangat And Sons,Medical & Health,5912,Proprietorship,Jalandhar,Punjab,FALSE,,FALSE,4120235225,ACTIVE,1859.4
MCH6828,Warrior Bhardwaj,Electronics & Tech,4814,Partnership / LLP,Lucknow,Uttar Pradesh,TRUE,01-06-23 00:00,FALSE,NTMS5038197940684,ACTIVE,2500.44
MCH6829,Natarajan Thaker And Aggarwal,Medical & Health,59120,Proprietorship,Mumbai,Maharashtra,TRUE,24-01-24 00:00,FALSE,,ACTIVE,1746.05
MCH6831,Kothari De And Arora,Retail Other,5999,Individual,Kolkata,West Bengal,TRUE,17-11-25 16:43,FALSE,FVLK6104664273261,SUSPENDED,1269.15
MCH6832,Chaudry Barman And Patla,Food & Beverage,5812,Proprietorship,Lucknow,Uttar Pradesh,TRUE,03-09-24 00:00,FALSE,3762925357,ACTIVE,617.14
MCH6836,Gola Rout,Miscellaneous,5999,Proprietorship,Bengaluru,Karnataka,TRUE,03-12-25 00:00,FALSE,6402935239,SUSPENDED,2040.92
MCH6837,Wali Upadhyay And Shukla,Retail & Groceries,5411,Proprietorship,Hyderabad,Telangana,TRUE,22-05-25 00:00,FALSE,MLUM4465205062232,SUSPENDED,413.96
MCH6838,Wali Nair,Medical & Health,5912,Private Limited,New Delhi,Delhi,TRUE,12-11-23 00:00,FALSE,3622849709,ACTIVE,1461.29
MCH6839,Saha Llc,Retail & Groceries,5411,Individual,Chennai,Tamil Nadu,TRUE,20-07-25 00:00,TRUE,XXXX2777,ACTIVE,1531.04
MCH6840,Saini Group,Retail & Groceries,54110,Private Limited,Bengaluru,Karnataka,TRUE,15-09-24 00:00,FALSE,4326022170,ACTIVE,731.68
MCH6843,Thakkar Date And Balasubramanian,Apparel & Fashion,5699,Individual,Mumbai,Maharashtra,TRUE,19-06-24 00:00,FALSE,CATP2399171338860,ACTIVE,2750.74
MCH6844,Bedi Gill And Dube,Medical & Health,7011,Partnership / LLP,Kolkata,West Bengal,TRUE,06-11-25 00:00,FALSE,MUIE3650763763562,ACTIVE,713.58
MCH6848,Dora Llc,Retail & Groceries,5311,Partnership / LLP,Chennai,Tamil Nadu,TRUE,20-09-25 22:23,FALSE,DUSD7272281625368,ACTIVE,1272.49
MCH6851,Chaudhary And S0Ns,Transprt,4131,Individual,Kolkata,West Bengal,TRUE,03-04-23 00:00,TRUE,XXXX0557,ACTIVE,4509.31
MCH6852,Swamy Srinivas,Electronics & Tech,4814,Private Limited,Chennai,Tamil Nadu,FALSE,,FALSE,SOKG3294393943682,ACTIVE,449.44
MCH6853,Prashad Plc,Hotel & Lodging,7011,Private Limited,Dilli,Delhi,TRUE,13-06-24 00:00,FALSE,KVIV4494971706487,ACTIVE,410.64
MCH6854,Singh Pandya,Books & Stationery,5942,Partnership / LLP,Amritsar,Punjab,TRUE,22-07-23 14:48,FALSE,,ACTIVE,0.353
MCH6855,Soman Ravel And Anand,Retail & Groceries,54110,Private Limited,Kolkata,West Bengal,TRUE,06-02-26 00:00,TRUE,XXXX2710,ACTIVE,1385.58
MCH6856,Dalal Morar And Gala,Medical & Health,7011,Private Limited,Chennai,Tamil Nadu,TRUE,18-11-25 11:40,TRUE,XXXX3477,ACTIVE,1373.13
MCH6857,Barad And Sons,Hotel & Lodging,7011,Partnership / LLP,Jalandhar,Punjab,TRUE,24-09-25 12:38,FALSE,8351493566,ACTIVE,2452.63
MCH6860,Buch Plc,Apparel & Fashion,5699,Private Limited,Calcutta,West Bengal,TRUE,09-01-25 00:00,FALSE,,ACTIVE,0.364
MCH6861,Venkataraman Ltd,Other,5999,Private Limited,Mumbai,Maharashtra,TRUE,24-07-23 17:35,FALSE,2685186379,ACTIVE,0.81
MCH6862,Misra Dada,Electronics & Tech,4814,Private Limited,Kolkata,West Bengal,TRUE,12-08-25 00:00,TRUE,XXXX0069,ACTIVE,0.736
MCH6863,Mani Group,Retail & Groceries,5311,Individual,Jaipur,Rajasthan,TRUE,30-05-24 00:00,FALSE,EJVY0425294699404,ACTIVE,0.2985
MCH6865,Mander Chakrabarti,Hotel & Lodging,7011,Private Limited,Mumbai,Maharashtra,TRUE,20-04-23 10:35,FALSE,,ACTIVE,465.56
MCH6866,Shroff Plc,Medical & Health,5912,Partnership / LLP,Ludhiana,Punjab,TRUE,16-01-23 00:00,FALSE,4290543649,ACTIVE,1819.8
MCH6868,Tara Group,Retail,5311,Partnership / LLP,Pune,Maharashtra,TRUE,04-02-24 01:10,FALSE,,ACTIVE,323.93
MCH6869,Oak Kalla And Chand,Transprt,4131,Private Limited,Pune,Maharashtra,TRUE,21-01-25 15:07,TRUE,XXXX1495,ACTIVE,2412.44
MCH6870,Basak Group,Phone Service,4814,Proprietorship,Poona,Maharashtra,TRUE,03-04-25 00:00,FALSE,5001363774,ACTIVE,2497.95
MCH6873,Dar And Sons,Retail & Groceries,5311,Proprietorship,Jalandhar,Punjab,FALSE,,TRUE,XXXX7759,ACTIVE,75.71
MCH6875,Anand Bajwa,Hotel & Lodging,7011,Private Limited,Pune,Maharashtra,TRUE,15-06-25 00:00,FALSE,5856572593,ACTIVE,1892.34
MCH6877,Jain Plc,Apparel & Fashion,5699,Partnership / LLP,Dilli,Delhi,TRUE,23-11-23 17:40,FALSE,,ACTIVE,3249.89
MCH6882,Thaker Hans And Chandra,Travel & Transport,4131,Private Limited,Lucknow,Uttar Pradesh,TRUE,10-02-25 06:27,TRUE,XXXX2452,ACTIVE,274.11
MCH6889,Vala Plc,Retail & Groceries,5311,Proprietorship,Ludhiana,Punjab,TRUE,03-07-24 00:00,TRUE,XXXX2033,ACTIVE,2028.13
MCH6890,Pandit Narasimhan,Hotel & Lodging,7011,Private Limited,Calcutta,West Bengal,TRUE,21-04-24 00:00,TRUE,XXXX8046,INACTIVE,525.87
MCH6892,Chacko Gaba,Medical & Health,5912,Proprietorship,Bengaluru,Karnataka,TRUE,07-05-25 00:00,TRUE,XXXX0824,ACTIVE,684.73
MCH6896,Padmanabhan Purohit,Electronics & Tech,4814,Private Limited,Calcutta,West Bengal,TRUE,10-09-25 00:00,FALSE,9931095643,ACTIVE,1862.46
MCH6903,Sanghvi Suresh,Medical & Health,59120,Proprietorship,Pune,Maharashtra,TRUE,01-12-24 00:00,TRUE,XXXX6921,ACTIVE,3930.65
MCH6904,Dixit Mallick,Hotel & Lodging,7011,Proprietorship,Hyd,Telangana,TRUE,25-03-23 00:00,FALSE,UXIZ6468526873602,ACTIVE,402.95
MCH6907,Dhillon Sama,Food & Beverage,58120,Private Limited,Jalandhar,Punjab,TRUE,21-12-24 07:31,FALSE,,ACTIVE,4335.88
MCH6917,Deshmukh Parmar And Lad,Phone Service,4814,Proprietorship,Jaipur,Rajasthan,TRUE,29-07-23 00:00,FALSE,KZXC7074900980989,ACTIVE,1543.47
MCH6918,Sant Ltd,Travel & Transport,4131,Private Limited,Chennai,Tamil Nadu,TRUE,15-01-23 00:00,FALSE,,ACTIVE,0.472
MCH6919,Mander Ltd,Other,5999,Partnership / LLP,Jalandhar,Punjab,TRUE,05-02-24 02:08,FALSE,6597659461,ACTIVE,2549.85
MCH6920,Bhagat Nadkarni And Dyal,Retail & Groceries,53110,Individual,Calcutta,West Bengal,TRUE,01-01-26 00:00,FALSE,JTIZ3629800274600,ACTIVE,410.54
MCH6922,Bassi Dara And Dutt,Apparel & Fashion,5699,Private Limited,Blr,Karnataka,TRUE,01-04-23 00:00,TRUE,XXXX6999,ACTIVE,1736.93
MCH6923,Kumar Hayre And Grover,Books & Stationery,5942,Partnership / LLP,Lucknow,Uttar Pradesh,TRUE,12-03-24 00:00,FALSE,RIOW5493044350343,INACTIVE,937.24
MCH6926,Bhattacharyya And S0Ns,Medical & Health,,Private Limited,Jaipur,Rajasthan,TRUE,28-08-25 10:51,FALSE,,ACTIVE,3997.27
MCH6928,Tata Wagle,Medical & Health,5912,Partnership / LLP,Bengaluru,Karnataka,TRUE,31-12-23 04:58,FALSE,RIXU6958241048195,ACTIVE,0.1008
MCH6930,Dhingra Plc,Transprt,4131,Proprietorship,Kolkata,West Bengal,TRUE,26-12-25 00:00,FALSE,573344250,ACTIVE,915.81
MCH6935,Sagar Badalandjha,Medical & Health,5912,Private Limited,New Delhi,Delhi,TRUE,06-11-25 00:00,FALSE,,ACTIVE,319.7
MCH6939,Sampath Ltd,Misc Retail,5999,Proprietorship,Lucknow,Uttar Pradesh,TRUE,07-01-25 11:23,TRUE,XXXX8052,ACTIVE,2962.51
MCH6940,Koshy Inc,Travel & Transport,4131,Private Limited,Chennai,Tamil Nadu,TRUE,25-06-24 00:00,FALSE,,ACTIVE,5556.5
MCH6943,Vyas Group,Apparel & Fashion,5699,Individual,Asr,Punjab,TRUE,11-04-23 00:00,FALSE,KIUE4469872424797,ACTIVE,651.75
MCH6944,Amb1E Duga1,Travel & Transport,4131,Individual,Bombay,Maharashtra,TRUE,22-02-23 00:00,FALSE,YQIS3275286791151,ACTIVE,1017.42
MCH6945,Barad Llc,Retail,53110,Partnership / LLP,Ludhiana,Punjab,TRUE,13-09-25 06:55,FALSE,,ACTIVE,3350.77
MCH6947,Sen Llc,Medical & Health,5912,Individual,Hyderabad,Telangana,TRUE,29-05-25 00:00,FALSE,155753762,ACTIVE,820.37
MCH6948,Kala Lokeandsinghal,Phone Service,4814,Individual,Bangalore,Karnataka,TRUE,16-07-25 00:00,FALSE,,ACTIVE,752.55
MCH6949,Dada Suri And Chhabra,Hotel & Lodging,7011,Proprietorship,Poona,Maharashtra,TRUE,26-01-24 00:00,FALSE,2829880140,ACTIVE,333.77
MCH6950,Bal Swaminathan And Desai,Medical & Health,5912,Partnership / LLP,Jaipur,Rajasthan,TRUE,04-10-25 00:08,TRUE,XXXX4795,ACTIVE,1101.05
MCH6953,Khurana Prabhakar,Books & Stationery,,Partnership / LLP,Hyderabad,Telangana,TRUE,10-03-24 00:00,FALSE,,ACTIVE,2749.21
MCH6959,Agrawal Bhatt And Babu,Hotel & Lodging,7011,Partnership / LLP,Lucknow,Uttar Pradesh,TRUE,24-05-24 03:34,FALSE,,ACTIVE,611.31
MCH6960,Das Dhawan,Food & Beverage,,Partnership / LLP,Jaipur,Rajasthan,TRUE,22-01-23 00:00,FALSE,,ACTIVE,0.1832
MCH6965,Lala Group,Medical & Health,5912,Private Limited,Pune,Maharashtra,TRUE,26-08-23 00:00,FALSE,,ACTIVE,0.256
MCH6966,Wali Mand And Prabhakar,Books & Stationery,5942,Partnership / LLP,Amritsar,Punjab,TRUE,16-10-23 00:00,FALSE,,ACTIVE,2789.87
MCH6970,Mani Sankaran,Retail & Groceries,5411,Partnership / LLP,New Delhi,Delhi,TRUE,25-09-24 00:00,FALSE,8930276730,ACTIVE,511.17
MCH6972,Badal Kamdar,Hotel & Lodging,7011,Private Limited,Pune,Maharashtra,TRUE,20-12-23 14:49,FALSE,,ACTIVE,1516.57
MCH6974,Ramaswamy Ltd,Retail & Groceries,5311,Individual,New Delhi,Delhi,TRUE,01-01-26 00:00,TRUE,XXXX1883,ACTIVE,0.1499
MCH6977,Sathe Jha,Books & Stationery,5942,Individual,Lucknow,Uttar Pradesh,TRUE,06-08-23 00:00,TRUE,XXXX2950,ACTIVE,1341.62
MCH6979,Nadig Ltd,Medical & Health,,Proprietorship,Chennai,Tamil Nadu,TRUE,18-05-23 00:42,FALSE,SYHI9438066539953,ACTIVE,640.32
MCH6980,Sarna Rajagopal,Misc Retail,5999,Partnership / LLP,Jalandhar,Punjab,TRUE,13-02-24 12:55,FALSE,,ACTIVE,5229.33
MCH6982,Baral Ramachandran And Keer,Books & Stationery,5942,Partnership / LLP,Lucknow,Uttar Pradesh,TRUE,13-09-25 00:00,FALSE,IVWY4612352669313,SUSPENDED,5234.31
MCH6983,Barman Chand,Retail & Groceries,53110,Partnership / LLP,New Delhi,Delhi,TRUE,07-10-24 12:44,FALSE,,ACTIVE,3713.18
MCH6984,Wadhwa Llc,Retail & Groceries,5411,Individual,Pune,Maharashtra,TRUE,23-01-25 00:00,FALSE,3976512741,ACTIVE,542.76
MCH6985,Devi Radhakrishnan,Books & Stationery,5942,Individual,Jalandhar,Punjab,TRUE,20-01-23 03:57,FALSE,VEKB0627444661101,ACTIVE,694.07
MCH6986,Joshi Chacko And Sawhney,Retail & Groceries,5411,Individual,Mumbai,Maharashtra,TRUE,05-11-25 00:00,FALSE,3156013270,ACTIVE,606.88
MCH6989,Raju Llc,Apparel & Fashion,5699,Individual,Jaipur,Rajasthan,TRUE,03-11-23 00:00,FALSE,4351608402,INACTIVE,1427.8
MCH6990,Apte Choudhary,Transprt,4131,Partnership / LLP,Bangalore,Karnataka,TRUE,05-05-23 00:00,FALSE,,ACTIVE,3342.47
MCH6991,Dani Ltd,Travel & Transport,,Partnership / LLP,Bengaluru,Karnataka,TRUE,16-07-25 00:00,FALSE,5759081808,ACTIVE,1831.13
MCH6992,Srivastava Sha And Natarajan,Food & Beverage,5812,Partnership / LLP,Amritsar,Punjab,TRUE,21-01-26 00:00,FALSE,5921074250,ACTIVE,0.893
MCH6998,Jani Nayak,Retail & Groceries,5311,Individual,New Delhi,Delhi,TRUE,27-01-26 00:00,FALSE,,ACTIVE,3349.13
MCH6999,Solanki Plc,Hotel & Lodging,7011,Partnership / LLP,Chennai,Tamil Nadu,TRUE,26-02-24 00:00,FALSE,,ACTIVE,926.71
MCH7001,Das Llc,Electronics & Tech,48140,Private Limited,Kolkata,West Bengal,TRUE,09-02-25 00:00,FALSE,,ACTIVE,3255.38
MCH7003,Dutt Sachdeva And Sridhar,Retail Other,5999,Individual,Lucknow,Uttar Pradesh,TRUE,30-04-25 00:00,FALSE,7336401497,INACTIVE,418.71
MCH7007,Sastry Soni,Hotel & Lodging,7011,Proprietorship,Chennai,Tamil Nadu,TRUE,11-01-24 00:00,TRUE,XXXX4092,INACTIVE,649.1
MCH7010,Kuruvilla Shanker,Retail & Groceries,5411,Proprietorship,Dilli,Delhi,TRUE,22-07-23 00:00,FALSE,,SUSPENDED,524.4
MCH7013,Batra Narangandgala,Medical & Health,5912,Proprietorship,New Delhi,Delhi,TRUE,02-03-25 00:00,TRUE,XXXX0133,ACTIVE,2875.47
MCH7016,Ratti Plc,Travel & Transport,4131,Partnership / LLP,Lucknow,Uttar Pradesh,TRUE,18-10-25 02:35,FALSE,HWTR3220006102269,ACTIVE,319.94
MCH7017,Roy Khosla And Oak,Misc Retail,,Proprietorship,Lucknow,Uttar Pradesh,TRUE,14-09-25 00:00,TRUE,XXXX0409,ACTIVE,952.71
MCH7020,Dalal Llc,Retail & Groceries,5311,Partnership / LLP,Chennai,Tamil Nadu,TRUE,01-10-23 13:17,FALSE,,ACTIVE,1105.4
MCH7021,Dewan Banerjee And Purohit,Hotel & Lodging,7011,Proprietorship,Bangalore,Karnataka,TRUE,01-07-24 00:00,TRUE,XXXX8572,ACTIVE,969.81
MCH7023,Walla Raj,Retail & Groceries,5311,Individual,New Delhi,Delhi,TRUE,16-03-23 11:15,FALSE,,ACTIVE,1307.24
MCH7024,Gandhi Kunda,Books & Stationery,59420,Private Limited,Lucknow,Uttar Pradesh,TRUE,22-04-24 00:00,FALSE,,ACTIVE,184.56
MCH7025,Shanker Bandi And Bala,Retail Other,5999,Individual,Bengaluru,Karnataka,TRUE,26-01-25 00:00,TRUE,XXXX6482,ACTIVE,4575.03
MCH7026,Ganesan Manda,Hotel & Lodging,7011,Proprietorship,Mumbai,Maharashtra,TRUE,30-09-25 00:00,FALSE,6953234378,ACTIVE,0.1364
MCH7027,Vyas Ghose And Narasimhan,Retail & Groceries,5311,Proprietorship,Hyderabad,Telangana,TRUE,05-04-23 00:00,FALSE,GJGE7959201596190,ACTIVE,0.86
MCH7028,Jain Merchant,Medical & Health,5912,Partnership / LLP,Lucknow,Uttar Pradesh,TRUE,16-10-25 00:00,FALSE,,ACTIVE,542.31
MCH7029,Purohit Ltd,Electronics & Tech,4814,Partnership / LLP,Bengaluru,Karnataka,TRUE,28-03-25 00:44,FALSE,7715883452,INACTIVE,1186.22
MCH7030,Shan Ltd,Retail & Groceries,5311,Individual,Ludhiana,Punjab,FALSE,,FALSE,,SUSPENDED,466.83
MCH7031,Chander Inc,Electronics & Tech,4814,Private Limited,Poona,Maharashtra,TRUE,28-09-25 00:00,TRUE,XXXX5142,ACTIVE,1538.5
MCH7032,Mangat Naik And Kakar,Hotel & Lodging,7011,Private Limited,Asr,Punjab,TRUE,09-01-23 00:00,FALSE,,ACTIVE,926.71
MCH7033,Mani And Sons,Apparel & Fashion,5699,Partnership / LLP,Mumbai,Maharashtra,TRUE,07-06-23 00:00,FALSE,,ACTIVE,2767.54
MCH7034,Kohli Inc,Retail & Groceries,5411,Partnership / LLP,Bengaluru,Karnataka,TRUE,27-03-23 00:00,FALSE,2103247749,ACTIVE,0.4369
MCH7038,Mannan Singh,Books & Stationery,5942,Individual,Blr,Karnataka,TRUE,25-05-25 00:00,FALSE,KOWX5085991997722,INACTIVE,0.62
MCH7040,Bhasin Lala,Books & Stationery,5942,Individual,Mumbai,Maharashtra,TRUE,10-11-25 00:00,FALSE,FTZP5237157996499,SUSPENDED,2406.66
MCH7042,Barad Raman,Electronics & Tech,4814,Proprietorship,Chennai,Tamil Nadu,TRUE,01-07-23 00:00,TRUE,XXXX5012,ACTIVE,986.23
MCH7044,Chanda Gaba,Food & Beverage,5812,Private Limited,Bangalore,Karnataka,TRUE,04-06-23 10:26,FALSE,SOPQ0539518853543,ACTIVE,402.62
MCH7047,Batta Bhavsar,Phone Service,4814,Individual,Lucknow,Uttar Pradesh,FALSE,,FALSE,DJKB0646172113081,ACTIVE,691.03
MCH7048,Manda Inc,Books & Stationery,5942,Proprietorship,Calcutta,West Bengal,TRUE,17-02-24 04:08,FALSE,1555117689,ACTIVE,0.776
MCH7050,Chand And Sons,Medical & Health,5912,Private Limited,Bengaluru,Karnataka,TRUE,04-02-25 15:33,TRUE,XXXX7630,ACTIVE,781.34
MCH7051,Ramachandran Rajan,Food & Beverage,5812,Partnership / LLP,Mumbai,Maharashtra,TRUE,26-12-23 00:00,TRUE,XXXX3526,ACTIVE,1183.53
MCH7057,Lad Kala And Bhagat,Electronics & Tech,48140,Partnership / LLP,Jaipur,Rajasthan,TRUE,02-10-26 15:50,FALSE,,ACTIVE,1333.8
MCH7058,Barad Palandboase,Retail & Groceries,53110,Individual,Kolkata,West Bengal,TRUE,12-06-25 04:07,TRUE,XXXX2802,ACTIVE,1284.51
MCH7060,Nayak Parmer And Anand,Medical & Health,,Private Limited,Kolkata,West Bengal,TRUE,26-05-23 00:00,FALSE,,ACTIVE,1299.1
MCH7061,Grover And Sons,Medical & Health,7011,Individual,Jaipur,Rajasthan,TRUE,12-06-23 22:13,FALSE,,ACTIVE,462.72
MCH7062,Karpe Sekhon And Memon,Miscellaneous,5999,Partnership / LLP,Chennai,Tamil Nadu,TRUE,18-07-24 00:00,FALSE,ERAF1958847105569,INACTIVE,0.2267
MCH7063,Garg Bawa And Hans,Electronics & Tech,4814,Private Limited,Lucknow,Uttar Pradesh,TRUE,28-12-25 00:00,FALSE,,ACTIVE,2717.9
MCH7074,Chakrabarti Rama,Travel & Transport,4131,Individual,Poona,Maharashtra,TRUE,08-06-25 00:00,FALSE,3727290380,ACTIVE,0.843
MCH7075,D’Alia Group,Hotel & Lodging,7011,Partnership / LLP,Chennai,Tamil Nadu,TRUE,03-05-24 20:19,FALSE,1415999033,INACTIVE,1262.21
MCH7076,Bava Shroff,Miscellaneous,59990,Proprietorship,Chennai,Tamil Nadu,TRUE,03-09-25 01:54,FALSE,,ACTIVE,875.99
MCH7077,Basu Llc,Hotel & Lodging,70110,Individual,Lucknow,Uttar Pradesh,TRUE,18-08-25 00:00,FALSE,5226667486,SUSPENDED,0.484
MCH7078,Vasa Gade And Viswanathan,Apparel & Fashion,5699,Individual,Mumbai,Maharashtra,TRUE,17-08-25 00:00,TRUE,XXXX5209,ACTIVE,660.73
MCH7087,Prashad Llc,Retail & Groceries,5311,Partnership / LLP,Chennai,Tamil Nadu,TRUE,29-05-23 00:00,FALSE,,ACTIVE,0.955
MCH7088,Prabhu Agarwal,Retail & Groceries,5311,Proprietorship,Mumbai,Maharashtra,TRUE,30-11-25 13:55,FALSE,1353265918,INACTIVE,5426.05
MCH7089,Reddy Dua And Trivedi,Medical & Health,59120,Private Limited,Kolkata,West Bengal,TRUE,03-08-23 14:43,FALSE,LAWF4141310421548,INACTIVE,819.59
MCH7093,Pai Pau,Hotel & Lodging,7011,Individual,Mumbai,Maharashtra,TRUE,19-03-25 11:49,FALSE,,SUSPENDED,1636.89
MCH7094,Narasimhan And Sons,Retail & Groceries,5411,Partnership / LLP,Lucknow,Uttar Pradesh,TRUE,04-03-23 07:40,FALSE,5172263250,ACTIVE,522.74
MCH7095,Sachdev Sunder And Dalal,Books & Stationery,,Partnership / LLP,Mumbai,Maharashtra,TRUE,20-07-25 08:14,FALSE,6394590196,ACTIVE,3937.6
MCH7096,Mukhopadhyay Din,Food & Beverage,5812,Private Limited,New Delhi,Delhi,TRUE,21-09-23 00:00,FALSE,8048297168,ACTIVE,616.51
MCH7098,Patla Plc,Travel & Transport,4131,Individual,Jaipur,Rajasthan,TRUE,14-11-24 15:07,FALSE,,ACTIVE,0.926
MCH7100,Sanghvi Pandit,Apparel & Fashion,5699,Individual,Pune,Maharashtra,TRUE,07-09-24 00:00,FALSE,,ACTIVE,638.61
MCH7104,Kothari Llc,Phone Service,48140,Partnership / LLP,Jalandhar,Punjab,TRUE,12-07-23 00:00,TRUE,XXXX8714,ACTIVE,810.17
MCH7105,Palan Doctor And Arora,Books & Stationery,5942,Proprietorship,Hyderabad,Telangana,TRUE,18-04-25 00:00,FALSE,1349306323,ACTIVE,969.67
MCH7106,Mody Mitter,Apparel & Fashion,5699,Individual,Bengaluru,Karnataka,TRUE,06-11-23 00:00,FALSE,ZNDK0366125245871,ACTIVE,574.51
MCH7108,Krishnan Group,Retail & Groceries,5411,Proprietorship,New Delhi,Delhi,TRUE,14-05-23 00:00,FALSE,,ACTIVE,567.27
MCH7111,Kohli Zachariah,Retail & Groceries,5411,Partnership / LLP,Ludhiana,Punjab,TRUE,08-04-25 00:00,TRUE,XXXX9398,ACTIVE,585.6
MCH7113,Jain Bhattiandsha,Books & Stationery,5942,Partnership / LLP,Chennai,Tamil Nadu,TRUE,30-07-25 15:17,TRUE,XXXX9585,SUSPENDED,1921.99
MCH7118,Chaudhry Ltd,Retail,5311,Proprietorship,Hyderabad,Telangana,TRUE,15-05-25 00:00,TRUE,XXXX9631,ACTIVE,6144.18
MCH7121,Narasimhan Anand And Gaba,Other,5999,Private Limited,Pune,Maharashtra,TRUE,25-07-25 21:18,FALSE,,ACTIVE,0.2139
MCH7126,Shankar Dave And Mahajan,Travel & Transport,4131,Individual,Pune,Maharashtra,TRUE,29-05-25 00:00,TRUE,XXXX9486,ACTIVE,2564.94
MCH7127,Chhabra Dayal And Sood,Apparel & Fashion,5699,Individual,Amritsar,Punjab,TRUE,05-06-24 00:00,FALSE,7467986775,ACTIVE,0.1738
MCH7128,Agarwal Group,Medical & Health,5912,Private Limited,Jalandhar,Punjab,TRUE,06-06-23 20:54,FALSE,,ACTIVE,6405.9
MCH7133,Dininc,Retail & Groceries,5411,Private Limited,Pune,Maharashtra,TRUE,05-05-23 02:26,FALSE,,ACTIVE,1076.395
MCH7137,Krishna Palan,Electronics & Tech,4814,Partnership / LLP,Ludhiana,Punjab,TRUE,29-09-25 00:00,FALSE,GJTY8331565779502,ACTIVE,1021.355
MCH7138,Shere Shankar,Retail & Groceries,5411,Proprietorship,Chennai,Tamil Nadu,TRUE,07-03-24 10:53,FALSE,CDLC2524893044250,ACTIVE,1960.27
MCH7144,Char Kapadia And Palla,Miscellaneous,5999,Private Limited,Mumbai,Maharashtra,TRUE,23-03-25 00:00,FALSE,8545782179,INACTIVE,4555.85
MCH7145,Ratti And Sons,Retail & Groceries,5411,Proprietorship,Pune,Maharashtra,TRUE,07-01-25 00:00,FALSE,9050093816,ACTIVE,1161.56
MCH7146,Bali Plc,Phone Service,4814,Private Limited,Hyderabad,Telangana,TRUE,14-02-25 00:00,FALSE,6264736894,ACTIVE,8255.11
MCH7149,Keer Dua,Travel & Transport,4131,Private Limited,Dilli,Delhi,TRUE,02-10-26 17:58,FALSE,,SUSPENDED,852.06
MCH7152,Bedi Patil And Rana,Retail,53110,Private Limited,Chennai,Tamil Nadu,TRUE,02-01-26 00:00,FALSE,2453620033,INACTIVE,1076.99
MCH7154,Raj Ram And Chokshi,Food & Beverage,5812,Private Limited,Chennai,Tamil Nadu,TRUE,11-05-23 12:39,FALSE,,ACTIVE,242.8
MCH7156,Sathe Patla And Tailor,Retail & Groceries,,Individual,Jaipur,Rajasthan,TRUE,07-04-23 00:00,FALSE,3942092126,ACTIVE,2168.89
MCH7157,Bir Inc,Electronics & Tech,,Private Limited,Lucknow,Uttar Pradesh,TRUE,16-04-23 00:00,FALSE,,ACTIVE,906.12
MCH7162,Ranganathan Chakraborty,Apparel & Fashion,5699,Private Limited,Poona,Maharashtra,TRUE,17-02-25 00:00,FALSE,LGPC8265918729531,ACTIVE,1830.64
MCH7163,Chowdhury Goyal And Pradhan,Travel & Transport,4131,Proprietorship,Pune,Maharashtra,TRUE,11-08-23 00:00,FALSE,5098805593,ACTIVE,806.17
MCH7164,Tata Sachdeva And Palan,Travel & Transport,4131,Individual,Jalandhar,Punjab,TRUE,10-08-23 05:30,FALSE,FKFD7859864387581,ACTIVE,519.18
MCH7165,Kulkarni Ramanathan,Electronics & Tech,4814,Private Limited,Amritsar,Punjab,TRUE,28-01-25 00:00,FALSE,8142627827,ACTIVE,284.68
MCH7167,Bir Kunda And Manne,Books & Stationery,5942,Partnership / LLP,Hyderabad,Telangana,TRUE,26-05-23 00:00,TRUE,DXXE7335968012539,ACTIVE,0.397
MCH7172,Chandran Palla,Retail & Groceries,5311,Partnership / LLP,Pune,Maharashtra,TRUE,23-09-25 00:00,TRUE,XXXX0145,ACTIVE,1177.65
MCH7176,Sachar Wali And Saha,Travel & Transport,4131,Individual,Kolkata,West Bengal,TRUE,13-02-26 00:00,FALSE,7683191787,ACTIVE,980.72
MCH7178,Devan And Sons,Retail & Groceries,54110,Proprietorship,Kolkata,West Bengal,TRUE,11-11-23 00:00,FALSE,,INACTIVE,758.21
MCH7181,Dar Dada And Kala,Transprt,4131,Partnership / LLP,Calcutta,West Bengal,TRUE,14-04-23 00:00,TRUE,XXXX4833,ACTIVE,859.59
MCH7184,Dara Inc,Retail & Groceries,5411,Proprietorship,Mumbai,Maharashtra,TRUE,31-08-23 00:00,FALSE,,ACTIVE,1095.25
MCH7185,Prasad Ltd,Retail & Groceries,5311,Individual,Mumbai,Maharashtra,TRUE,04-06-23 18:29,TRUE,XXXX4284,ACTIVE,853.37
MCH7187,Sandhu Inc,Food & Beverage,5812,Individual,Asr,Punjab,FALSE,,FALSE,356861723,ACTIVE,4006.56
MCH7190,Som Kibe,Apparel & Fashion,56990,Private Limited,Lucknow,Uttar Pradesh,TRUE,09-04-23 07:24,FALSE,,ACTIVE,2254.41
MCH7191,Bhargava Ltd,Books & Stationery,5942,Proprietorship,Hyd,Telangana,TRUE,26-07-23 00:00,TRUE,XXXX5061,INACTIVE,528.97
MCH7192,Nanda And Sons,Hotel & Lodging,7011,Private Limited,Bangalore,Karnataka,TRUE,02-01-25 00:51,FALSE,4205108918,ACTIVE,650.92
MCH7194,Shan And S0Ns,Travel & Transport,4131,Individual,Ludhiana,Punjab,FALSE,,FALSE,,ACTIVE,983.19
MCH7195,Som And Sons,Miscellaneous,5999,Proprietorship,Chennai,Tamil Nadu,TRUE,15-10-24 14:41,FALSE,,ACTIVE,1440.74
MCH7196,Kunda Bakshi,Retail,5311,Private Limited,Kolkata,West Bengal,TRUE,08-02-26 00:00,FALSE,,SUSPENDED,859.44
MCH7197,Raval Chadha,Food & Beverage,5812,Individual,Bombay,Maharashtra,TRUE,25-09-23 00:19,FALSE,,ACTIVE,218.4
MCH7198,Dar Sani,Hotel & Lodging,7011,Private Limited,Hyderabad,Telangana,TRUE,27-06-23 13:24,FALSE,HWWD0144016589581,ACTIVE,1840.43
MCH7199,Manda And Sons,Books & Stationery,5942,Proprietorship,New Delhi,Delhi,TRUE,02-10-26 11:11,FALSE,,ACTIVE,1077.86
MCH7200,Madan Plc,Apparel & Fashion,5699,Individual,New Delhi,Delhi,TRUE,02-03-25 00:00,FALSE,4050915455,ACTIVE,190.57
MCH7201,Patil Mahajan And Issac,Miscellaneous,5999,Private Limited,Mumbai,Maharashtra,TRUE,16-03-25 00:00,FALSE,796859598,ACTIVE,282.54
MCH7202,Uppal Plc,Travel & Transport,4131,Individual,Jaipur,Rajasthan,TRUE,01-03-23 00:00,FALSE,INKB4884883910397,INACTIVE,1350.11
MCH7203,Sani Memon,Retail,,Proprietorship,Asr,Punjab,TRUE,25-03-23 00:00,FALSE,OFZD1453201567778,ACTIVE,205.09
MCH7204,Thaman Ltd,Books & Stationery,,Individual,Jalandhar,Punjab,TRUE,05-09-23 00:00,FALSE,,ACTIVE,0.937
MCH7205,Dara Plc,Medical & Health,5912,Proprietorship,Ludhiana,Punjab,TRUE,26-09-23 00:00,FALSE,,ACTIVE,1778.94
MCH7206,Srivastava And Sons,Retail & Groceries,5411,Private Limited,Lucknow,Uttar Pradesh,TRUE,18-08-25 00:00,FALSE,1550287427,ACTIVE,1434.41
MCH7211,Apte Vasa And Batta,Books & Stationery,59420,Proprietorship,Bombay,Maharashtra,TRUE,18-11-24 13:48,FALSE,,ACTIVE,0.1841
MCH7215,Kau1 Pur0Hit And Ar0Ra,Retail,5311,Private Limited,Hyderabad,Telangana,TRUE,10-07-23 00:00,FALSE,8944621322,ACTIVE,2403.84
MCH7216,Pillai And Sons,Electronics & Tech,4814,Individual,Amritsar,Punjab,TRUE,02-12-25 23:50,FALSE,,ACTIVE,0.356
MCH7218,Varghese Arya,Medical & Health,7011,Private Limited,Lucknow,Uttar Pradesh,TRUE,25-12-25 00:00,FALSE,VAFX9362941506530,ACTIVE,2725.82
MCH7219,Dhawan Saha,Hotel & Lodging,70110,Individual,Dilli,Delhi,TRUE,06-01-26 00:00,FALSE,HJFW5603026154965,ACTIVE,2354.94
MCH7220,Rege Sharaf,Food & Beverage,5812,Private Limited,Amritsar,Punjab,TRUE,15-12-23 00:00,FALSE,RRUP8952328372225,ACTIVE,978.47
MCH7222,Verma And Sons,Electronics & Tech,4814,Individual,Dilli,Delhi,TRUE,07-11-23 00:00,FALSE,,INACTIVE,4154.85
MCH7225,Apte Wadhwa,Food & Beverage,5812,Individual,Jalandhar,Punjab,TRUE,07-03-25 07:20,TRUE,XXXX2773,ACTIVE,5618.9
MCH7226,Peri Barad And Panchal,Books & Stationery,5942,Proprietorship,New Delhi,Delhi,TRUE,30-11-24 00:00,FALSE,VDWB1270434840968,ACTIVE,0.4237
MCH7228,Swaminathanltd,Electronics & Tech,,Partnership / LLP,Ludhiana,Punjab,TRUE,13-03-24 00:00,TRUE,XXXX9584,ACTIVE,1021.355
MCH7229,Salvi Kale And Sunder,Electronics & Tech,4814,Private Limited,Pune,Maharashtra,TRUE,23-12-25 00:00,FALSE,,ACTIVE,606.62
MCH7233,Arora Llc,Apparel & Fashion,5699,Individual,Ludhiana,Punjab,TRUE,11-10-25 00:00,FALSE,1141889916,ACTIVE,2703.6
MCH7236,Bhasin Llc,Apparel & Fashion,5699,Partnership / LLP,Jalandhar,Punjab,TRUE,31-01-25 00:00,TRUE,XXXX8980,ACTIVE,0.1228
MCH7237,Reddy Majumdar,Food & Beverage,,Partnership / LLP,Dilli,Delhi,TRUE,13-12-24 00:00,FALSE,,ACTIVE,987.48
MCH7239,Tata Hayer,Hotel & Lodging,7011,Individual,Chennai,Tamil Nadu,TRUE,09-06-25 00:00,FALSE,MPZF9929757844428,ACTIVE,1929.61
MCH7244,Nadig Kata,Travel & Transport,4121,Partnership / LLP,Bangalore,Karnataka,TRUE,02-08-24 04:15,FALSE,1173278568,ACTIVE,1686.67
MCH7246,Lata Ltd,Apparel & Fashion,5699,Partnership / LLP,Chennai,Tamil Nadu,TRUE,17-03-24 08:45,TRUE,XXXX2358,ACTIVE,1315.04
MCH7248,Rajagopalan Group,Hotel & Lodging,7011,Partnership / LLP,Hyderabad,Telangana,TRUE,22-05-24 00:00,FALSE,,ACTIVE,859.24
MCH7249,Prakash Group,Food & Beverage,5812,Proprietorship,Mumbai,Maharashtra,TRUE,30-11-24 17:32,FALSE,4410967035,ACTIVE,0.1855
MCH7252,Krishnamurthy Pandit And Mukherjee,Books & Stationery,5942,Proprietorship,Hyd,Telangana,TRUE,01-08-25 00:00,FALSE,285621980,ACTIVE,1234.51
MCH7256,Arora Raman,Transprt,4131,Proprietorship,Lucknow,Uttar Pradesh,TRUE,14-02-26 00:00,FALSE,,ACTIVE,449.65
MCH7257,Nagi Gera And Bedi,Miscellaneous,5999,Proprietorship,Jaipur,Rajasthan,TRUE,29-10-23 03:03,FALSE,,ACTIVE,786.7
MCH7258,Om Swaminathan And Ray,Apparel & Fashion,5699,Private Limited,Jaipur,Rajasthan,TRUE,16-07-24 08:10,FALSE,ARZZ7929473227025,ACTIVE,472.89
MCH7260,Kunda Inc,Medical & Health,7011,Private Limited,Jalandhar,Punjab,TRUE,20-06-24 00:00,FALSE,,ACTIVE,391.11
MCH7262,Loke Llc,Electronics & Tech,4814,Partnership / LLP,Mumbai,Maharashtra,TRUE,13-12-23 00:00,TRUE,XXXX0516,ACTIVE,3675.05
MCH7266,Sule Plc,Food & Beverage,5812,Partnership / LLP,Jaipur,Rajasthan,TRUE,30-08-25 12:28,TRUE,XXXX3283,ACTIVE,958.85
MCH7268,Mand Char,Medical & Health,5912,Private Limited,Mumbai,Maharashtra,TRUE,20-06-25 02:06,FALSE,,ACTIVE,1359.5
MCH7269,La11 Raman,Electronics & Tech,4814,Private Limited,Lucknow,Uttar Pradesh,TRUE,25-10-23 09:50,FALSE,4846136502,ACTIVE,1031.92
MCH7270,Subramanian Llc,Hotel & Lodging,7011,Private Limited,Asr,Punjab,TRUE,15-01-25 22:39,FALSE,,ACTIVE,1469.96
MCH7272,Kulkarni Subramanian,Travel & Transport,4131,Proprietorship,Bengaluru,Karnataka,TRUE,21-12-23 09:01,TRUE,XXXX7890,INACTIVE,376.69
MCH7273,De Gokhale,Travel & Transport,4131,Proprietorship,Jalandhar,Punjab,TRUE,23-05-24 07:01,FALSE,NXVM2607916550138,ACTIVE,654.26
MCH7276,Talwar Kant,Travel & Transport,4131,Partnership / LLP,Jaipur,Rajasthan,TRUE,23-06-23 22:04,FALSE,,ACTIVE,692.16
MCH7279,Das Plc,Retail Other,5999,Partnership / LLP,Jaipur,Rajasthan,FALSE,,FALSE,WTVS1342257023005,ACTIVE,1157.26
MCH7280,Sathe Shan And Oommen,Retail & Groceries,5411,Individual,Ludhiana,Punjab,TRUE,21-10-25 00:00,TRUE,XXXX0221,ACTIVE,466.99
MCH7281,Kalita Mistry,Electronics & Tech,48140,Private Limited,Hyderabad,Telangana,TRUE,24-11-24 00:00,TRUE,XXXX5201,ACTIVE,2941.71
MCH7282,Chopra Llc,Retail & Groceries,5411,Partnership / LLP,Amritsar,Punjab,TRUE,14-12-25 09:02,TRUE,XXXX9513,ACTIVE,0.1111
MCH7288,Lalla Sant And Mutti,Retail & Groceries,5411,Private Limited,Dilli,Delhi,TRUE,18-10-25 00:00,TRUE,XXXX5071,ACTIVE,1076.395
MCH7289,Nayar Dara,Apparel & Fashion,5699,Individual,Poona,Maharashtra,TRUE,28-12-25 00:00,FALSE,AFIS6620860774027,ACTIVE,0.451
MCH7290,Subramanian B0Rde And Ba1Akrishnan,Apparel & Fashion,5699,Individual,Lucknow,Uttar Pradesh,TRUE,17-03-23 00:00,FALSE,IRWT0239440992204,ACTIVE,0.2695
MCH7294,Kuruvilla Ahluwalia And Gole,Medical & Health,5912,Partnership / LLP,Pune,Maharashtra,TRUE,11-06-23 00:00,FALSE,FATQ4333129690113,ACTIVE,1573.98
MCH7295,Palan Ray,Medical & Health,7011,Partnership / LLP,Bangalore,Karnataka,TRUE,02-02-23 10:44,FALSE,,ACTIVE,1161.77
MCH7297,Kala Sibal,Retail & Groceries,5311,Partnership / LLP,Chennai,Tamil Nadu,TRUE,09-02-24 00:00,FALSE,UMLP7890709268939,ACTIVE,2004.49
MCH7298,Sangha Sangha And Kulkarni,Retail & Groceries,5411,Individual,New Delhi,Delhi,TRUE,28-01-24 17:48,FALSE,VEZZ6158628097451,ACTIVE,1661.92
MCH7302,Murthy And Sons,Retail & Groceries,5411,Partnership / LLP,Bangalore,Karnataka,TRUE,23-01-25 00:00,FALSE,,ACTIVE,3381.11
MCH7305,Iyer Nagi,Apparel & Fashion,5699,Individual,Mumbai,Maharashtra,TRUE,23-08-23 00:00,FALSE,,ACTIVE,1967.89
MCH7306,Devi Narang,Travel & Transport,4131,Individual,New Delhi,Delhi,TRUE,20-10-24 05:44,TRUE,XXXX6412,ACTIVE,539.76
MCH7309,Loke Chada And Badal,Apparel & Fashion,,Proprietorship,Ludhiana,Punjab,TRUE,26-07-23 00:00,FALSE,9268725800,ACTIVE,3465.02
MCH7310,Mander Group,Apparel & Fashion,5699,Partnership / LLP,Lucknow,Uttar Pradesh,TRUE,08-09-25 05:21,FALSE,WNOZ8918272123966,INACTIVE,1987.96
MCH7311,Jhaveri Hans,Hotel & Lodging,7011,Proprietorship,Mumbai,Maharashtra,TRUE,12-05-25 00:00,FALSE,RZUE2319491323812,ACTIVE,0.1009
MCH7312,Ramakrishnan Banerjee,Retail,5311,Proprietorship,Mumbai,Maharashtra,TRUE,24-02-24 11:03,FALSE,CCCL8077324997121,ACTIVE,977.96
MCH7313,Comar Din,Electronics & Tech,4814,Private Limited,Mumbai,Maharashtra,TRUE,18-01-26 00:00,FALSE,8645351517,ACTIVE,1884.45
MCH7314,Mahajan B0Rde,Retail Other,5999,Partnership / LLP,Lucknow,Uttar Pradesh,TRUE,05-01-23 09:53,FALSE,3772469001,ACTIVE,0.1003
MCH7316,Tak Ltd,Books & Stationery,,Proprietorship,Jaipur,Rajasthan,TRUE,26-05-24 00:00,FALSE,AICM4314076152252,ACTIVE,688.43
MCH7318,Keer Rao,Electronics & Tech,,Partnership / LLP,Pune,Maharashtra,TRUE,27-11-23 00:00,FALSE,RIME5549722708025,ACTIVE,502.45
MCH7321,Krishna Saraf And Pant,Miscellaneous,,Partnership / LLP,Kolkata,West Bengal,TRUE,28-02-24 10:01,FALSE,,ACTIVE,954.48
MCH7323,Mital Inc,Food & Beverage,5812,Individual,Lucknow,Uttar Pradesh,TRUE,03-01-25 00:00,FALSE,1221388018,ACTIVE,1194.36
MCH7324,Grover Murty,Books & Stationery,5942,Partnership / LLP,Jalandhar,Punjab,TRUE,12-02-25 00:00,FALSE,,SUSPENDED,1077.62
MCH7325,Chatterjee Manda,Misc Retail,,Individual,Kolkata,West Bengal,TRUE,04-01-23 13:43,FALSE,8809607607,ACTIVE,0.142
MCH7326,Mandal Behl And Bhattacharyya,Medical & Health,7011,Proprietorship,Chennai,Tamil Nadu,TRUE,26-10-24 07:07,FALSE,,ACTIVE,1119.05
MCH7327,Krish Dhar And Choudhury,Electronics & Tech,4814,Individual,Kolkata,West Bengal,TRUE,22-05-23 13:42,FALSE,KDMG5541225124685,ACTIVE,0.44
MCH7331,Kala Loyal,Retail,5311,Proprietorship,Hyderabad,Telangana,TRUE,20-05-24 00:00,FALSE,6553174901,ACTIVE,922.86
MCH7332,Mutti Reddy And Guha,Retail & Groceries,5311,Private Limited,Kolkata,West Bengal,TRUE,04-05-25 00:00,TRUE,XXXX9186,ACTIVE,1708.81
MCH7335,Narayan Cheema And Chana,Food & Beverage,5812,Private Limited,Chennai,Tamil Nadu,TRUE,18-03-25 19:16,FALSE,EHXK3209295259680,ACTIVE,699.42
MCH7336,Krishnan And Sons,Food & Beverage,58120,Partnership / LLP,Jalandhar,Punjab,TRUE,03-09-24 00:09,FALSE,2456383296,ACTIVE,1122.92
MCH7337,Nath Narayan,Apparel & Fashion,5699,Individual,Hyd,Telangana,TRUE,28-07-24 00:00,FALSE,,ACTIVE,3029.85
MCH7338,Verma Rai And Patla,Medical & Health,,Private Limited,Bangalore,Karnataka,TRUE,06-05-24 00:00,TRUE,XXXX7454,ACTIVE,2235.57
MCH7339,Purohit Dhingra And Barman,Retail & Groceries,5411,Individual,Chennai,Tamil Nadu,TRUE,16-08-23 22:55,FALSE,IUQD2113343232449,ACTIVE,2247.46
MCH7340,Devi And Sons,Apparel & Fashion,,Partnership / LLP,Calcutta,West Bengal,TRUE,09-01-24 00:00,FALSE,1367853568,ACTIVE,1101.37
MCH7341,Varughese Inc,Hotel & Lodging,7011,Partnership / LLP,Kolkata,West Bengal,TRUE,24-04-23 02:30,FALSE,,ACTIVE,3711.54
MCH7343,Dixit Ltd,Medical & Health,5912,Partnership / LLP,Jaipur,Rajasthan,FALSE,,TRUE,XXXX6255,ACTIVE,0.3142
MCH7344,Banerjee Inc,Travel & Transport,4131,Proprietorship,Ludhiana,Punjab,TRUE,04-09-23 00:00,TRUE,XXXX7344,SUSPENDED,1385.4
MCH7350,Sule Llc,Apparel & Fashion,5699,Private Limited,Amritsar,Punjab,TRUE,31-01-24 17:29,TRUE,XXXX7331,ACTIVE,1887.59
MCH7353,Nadig Llc,Electronics & Tech,48140,Individual,Hyderabad,Telangana,TRUE,11-12-25 00:00,TRUE,XXXX4294,ACTIVE,0.1097
MCH7354,Chatterjee Sarna And Handa,Apparel & Fashion,,Proprietorship,Bengaluru,Karnataka,TRUE,13-10-23 16:44,FALSE,,ACTIVE,0.728
MCH7355,Raval Goswami And Sem,Electronics & Tech,4814,Private Limited,Pune,Maharashtra,TRUE,29-12-23 00:00,FALSE,,ACTIVE,2675.45
MCH7356,Divan Rastogi And Prabhu,Books & Stationery,5942,Partnership / LLP,Lucknow,Uttar Pradesh,TRUE,22-07-25 00:00,FALSE,8041409071,ACTIVE,306.91
MCH7357,Varkey Llc,Hotel & Lodging,7011,Private Limited,Calcutta,West Bengal,TRUE,05-08-25 00:00,FALSE,,ACTIVE,665.88
MCH7358,Basak Patla,Misc Retail,5999,Proprietorship,New Delhi,Delhi,TRUE,19-12-25 00:00,FALSE,1781542230,ACTIVE,3053.41
MCH7359,Rajagopalan Rattan,Medical & Health,5912,Proprietorship,Calcutta,West Bengal,TRUE,13-03-25 00:00,FALSE,,ACTIVE,825.72
MCH7360,Rajan Sahni,Phone Service,,Partnership / LLP,Kolkata,West Bengal,TRUE,05-11-23 00:00,FALSE,HKWU3873449938871,ACTIVE,1218.43
MCH7362,Kothari Plc,Books & Stationery,5942,Private Limited,Pune,Maharashtra,TRUE,11-02-26 00:00,TRUE,XXXX4121,ACTIVE,478.42
MCH7363,Babu Acharya,Misc Retail,5999,Proprietorship,Kolkata,West Bengal,TRUE,03-03-24 08:14,FALSE,,ACTIVE,1983.77
MCH7364,Vig Bala,Hotel & Lodging,7011,Proprietorship,Mumbai,Maharashtra,TRUE,29-08-24 05:57,TRUE,XXXX1900,ACTIVE,1242
MCH7366,Bora Nadkarni,Retail & Groceries,5411,Partnership / LLP,Bengaluru,Karnataka,TRUE,17-03-24 00:00,FALSE,,SUSPENDED,0.2024
MCH7370,Peri Llc,Travel & Transport,41310,Private Limited,Calcutta,West Bengal,TRUE,28-09-23 00:00,FALSE,713043152,ACTIVE,1188.42
MCH7371,Ghose Handa And Golla,Medical & Health,5912,Individual,Chennai,Tamil Nadu,TRUE,08-04-25 00:00,FALSE,DGYJ0066359514769,ACTIVE,456.21
MCH7379,Doctor Dyal And Vaidya,Medical & Health,59120,Partnership / LLP,Jalandhar,Punjab,TRUE,07-03-23 00:00,TRUE,XXXX4037,ACTIVE,198.46
MCH7380,Gour Jani And Mital,Misc Retail,5999,Individual,Chennai,Tamil Nadu,TRUE,06-11-24 00:00,FALSE,,INACTIVE,688.41
MCH7383,Srivastava Venkataraman And Roy,Apparel & Fashion,5699,Individual,Chennai,Tamil Nadu,TRUE,07-10-23 00:00,FALSE,,ACTIVE,241.13
MCH7384,Ahuja Group,Retail & Groceries,5411,Individual,Dilli,Delhi,TRUE,18-05-23 02:59,TRUE,XXXX3860,ACTIVE,0.1058
MCH7386,Tara Plc,Medical & Health,5912,Private Limited,Hyd,Telangana,TRUE,17-12-25 00:00,FALSE,,SUSPENDED,1062.8
MCH7387,Lad Comar,Food & Beverage,5812,Proprietorship,Jalandhar,Punjab,TRUE,25-02-25 03:44,FALSE,DFES3088920437736,ACTIVE,4968.31
MCH7389,Basu Bedi,Food & Beverage,5812,Partnership / LLP,Blr,Karnataka,TRUE,04-07-23 12:28,TRUE,XXXX3335,ACTIVE,958.85
MCH7391,Vora Lad And Sekhon,Retail & Groceries,5411,Partnership / LLP,Poona,Maharashtra,TRUE,08-07-23 00:00,FALSE,,ACTIVE,4971.16
MCH7394,Brahmbhatt Plc,Food & Beverage,5812,Private Limited,New Delhi,Delhi,TRUE,29-07-24 00:00,FALSE,IKKI3369443713209,ACTIVE,3620.77
MCH7395,Bose And Sons,Hotel & Lodging,7011,Individual,Bengaluru,Karnataka,TRUE,01-07-24 00:00,TRUE,XXXX9489,ACTIVE,0.431
MCH7398,Bhavsar And Sons,Retail & Groceries,5311,Proprietorship,Chennai,Tamil Nadu,TRUE,24-04-25 00:00,FALSE,,ACTIVE,6060.9
MCH7400,Kunda Ramachandran And Khurana,Books & Stationery,5942,Private Limited,Pune,Maharashtra,TRUE,11-02-24 00:00,FALSE,,INACTIVE,9167.75
MCH7403,Prabhakar Group,Books & Stationery,5942,Proprietorship,Chennai,Tamil Nadu,TRUE,29-12-25 05:54,TRUE,XXXX4472,ACTIVE,657.74
MCH7408,Bala Group,Retail Other,,Private Limited,Hyderabad,Telangana,TRUE,13-01-26 00:00,FALSE,CMJA0173542788867,ACTIVE,1032.22
MCH7411,Bhasin Soman And Savant,Electronics & Tech,4814,Proprietorship,Chennai,Tamil Nadu,FALSE,,FALSE,,ACTIVE,2298.88
MCH7412,Chand Bada1,Food & Beverage,5812,Private Limited,Mumbai,Maharashtra,TRUE,15-08-25 00:00,FALSE,,ACTIVE,539.2
MCH7413,Uppal Chaudhry,Retail & Groceries,5411,Private Limited,Bengaluru,Karnataka,TRUE,13-09-24 00:00,FALSE,3706152456,ACTIVE,3645.54
MCH7419,Minhas Inc,Apparel & Fashion,56990,Individual,Bengaluru,Karnataka,TRUE,03-05-23 00:00,FALSE,IRMQ2437668083455,ACTIVE,1036.37
MCH7422,Divan Vaidya,Books & Stationery,5942,Individual,Jaipur,Rajasthan,TRUE,26-07-24 13:42,FALSE,7661131218,SUSPENDED,170.31
MCH7428,Chand Inc,Apparel & Fashion,5699,Individual,Bangalore,Karnataka,TRUE,11-10-25 00:00,TRUE,XXXX8001,ACTIVE,1254.86
MCH7429,Sandal Raja And Gopal,Hotel & Lodging,7011,Proprietorship,Blr,Karnataka,TRUE,15-12-23 00:00,FALSE,,ACTIVE,1419.21
MCH7430,Pingle Lata,Retail & Groceries,5311,Individual,Lucknow,Uttar Pradesh,TRUE,07-09-24 13:29,TRUE,XXXX3604,ACTIVE,2426.91
MCH7431,Nagarajan And Sons,Hotel & Lodging,7011,Proprietorship,Jaipur,Rajasthan,TRUE,04-01-23 00:00,TRUE,XXXX7904,ACTIVE,0.1657
MCH7432,Agate Plc,Food & Beverage,5812,Individual,Chennai,Tamil Nadu,TRUE,11-06-24 00:00,FALSE,OKRJ7586561022456,ACTIVE,88.41
MCH7433,Sahota Desai And Sarma,Misc Retail,5999,Individual,Pune,Maharashtra,TRUE,24-02-24 00:00,FALSE,,ACTIVE,867.14
MCH7435,Puri Biswas And Roy,Medical & Health,5912,Partnership / LLP,Jaipur,Rajasthan,TRUE,12-11-23 00:00,TRUE,XXXX1625,SUSPENDED,1536.78
MCH7436,Mane Trivedi,Medical & Health,5912,Individual,Bengaluru,Karnataka,TRUE,14-09-24 00:00,FALSE,,ACTIVE,1384.27
MCH7439,Jayaraman Plc,Medical & Health,70110,Private Limited,Kolkata,West Bengal,TRUE,04-07-24 13:32,FALSE,,ACTIVE,7697.49
MCH7440,Rastogi Manne,Apparel & Fashion,5699,Proprietorship,Lucknow,Uttar Pradesh,TRUE,27-10-25 00:00,FALSE,,ACTIVE,2334.42
MCH7442,Thakur Rana,Miscellaneous,5999,Partnership / LLP,Kolkata,West Bengal,TRUE,17-01-26 22:14,FALSE,,ACTIVE,1816.81
MCH7443,Chander Manda,Transprt,4131,Private Limited,Dilli,Delhi,TRUE,27-03-24 00:00,FALSE,,ACTIVE,0.1371
MCH7444,Lanka Shukla,Apparel & Fashion,5699,Private Limited,Mumbai,Maharashtra,TRUE,13-03-23 03:58,FALSE,7637285335,ACTIVE,2750.67
MCH7446,Sami Narayan And Roy,Books & Stationery,5942,Partnership / LLP,Ludhiana,Punjab,TRUE,08-02-23 00:00,FALSE,,ACTIVE,6191.17
MCH7448,Mittal Inc,Phone Service,4814,Private Limited,Hyderabad,Telangana,TRUE,12-07-24 00:00,FALSE,9231182109,INACTIVE,760.79
MCH7449,Brahmbhatt Nagarajan And Kaul,Retail & Groceries,5311,Proprietorship,Amritsar,Punjab,FALSE,,FALSE,,ACTIVE,397.32
MCH7452,Kala Llc,Retail & Groceries,5311,Proprietorship,Bengaluru,Karnataka,TRUE,07-07-25 00:00,FALSE,4973608976,ACTIVE,1838.62
MCH7455,Mody Bhattacharyya And Palla,Phone Service,4814,Individual,New Delhi,Delhi,TRUE,11-04-24 22:40,TRUE,XXXX4231,ACTIVE,113.99
MCH7458,Hans Som And Krish,Food & Beverage,5812,Proprietorship,Blr,Karnataka,TRUE,20-09-25 20:06,FALSE,,ACTIVE,8448.66
MCH7459,Gara Agarwal And Anne,Hotel & Lodging,7011,Individual,Ludhiana,Punjab,TRUE,14-04-23 20:15,FALSE,2572840529,ACTIVE,2650.18
MCH7462,Malhotra Sachdeva And Sant,Retail & Groceries,5411,Proprietorship,Hyderabad,Telangana,TRUE,11-11-25 00:00,FALSE,EIQX3043472487822,ACTIVE,1601.35
MCH7463,Chaudry Natarajan,Medical & Health,5912,Partnership / LLP,Chennai,Tamil Nadu,TRUE,07-05-25 14:13,FALSE,VIFS4477584866493,ACTIVE,1030
MCH7464,Duttallc,Travel & Transport,4131,Private Limited,Lucknow,Uttar Pradesh,TRUE,18-09-24 00:00,FALSE,,ACTIVE,270.92
MCH7465,Bhatt Group,Misc Retail,,Individual,Pune,Maharashtra,TRUE,04-10-23 00:00,TRUE,XXXX7739,ACTIVE,3040.67
MCH7469,Dua Llc,Food & Beverage,58120,Proprietorship,Pune,Maharashtra,FALSE,,FALSE,464385224,ACTIVE,0.1848
MCH7470,Din Guptaandratti,Retail & Groceries,5311,Partnership / LLP,New Delhi,Delhi,TRUE,21-09-23 00:00,FALSE,UMQY7730271159180,ACTIVE,684.47
MCH7471,Dass Llc,Food & Beverage,5812,Proprietorship,Lucknow,Uttar Pradesh,TRUE,14-02-23 00:00,TRUE,XXXX4634,ACTIVE,390.54
MCH7473,Nair Ramachandran And Mane,Retail,53110,Proprietorship,Hyderabad,Telangana,TRUE,07-09-23 00:00,FALSE,3598989275,INACTIVE,418.39
MCH7476,Sundaram Ltd,Retail & Groceries,5411,Proprietorship,Ludhiana,Punjab,TRUE,09-07-25 15:30,FALSE,MKAI7735339239141,ACTIVE,1389.53
MCH7478,Sami Brahmbhatt And Khurana,Apparel & Fashion,5699,Private Limited,Mumbai,Maharashtra,TRUE,19-08-24 11:01,FALSE,,INACTIVE,1036.37
MCH7479,Wadhwa Bhatia And Gade,Retail,5311,Partnership / LLP,Chennai,Tamil Nadu,TRUE,14-09-24 17:36,FALSE,8868630340,ACTIVE,0.998
MCH7482,Bail Verma And Sur,Apparel & Fashion,5699,Private Limited,Jalandhar,Punjab,TRUE,06-02-24 00:00,FALSE,,ACTIVE,249.45
MCH7489,Sridhar Plc,Misc Retail,5999,Individual,Blr,Karnataka,TRUE,15-09-24 00:00,FALSE,,ACTIVE,990.64
MCH7490,Datta Ltd,Medical & Health,5912,Proprietorship,Calcutta,West Bengal,TRUE,12-11-23 16:38,FALSE,,ACTIVE,1590.69
MCH7493,Sachdeva Pillai,Apparel & Fashion,5699,Private Limited,Kolkata,West Bengal,TRUE,18-01-26 20:12,FALSE,1151514873,ACTIVE,203.44
MCH7495,Subramaniam Radhakrishnan And Bahri,Retail & Groceries,5411,Individual,Amritsar,Punjab,TRUE,14-05-23 00:00,TRUE,XXXX3800,INACTIVE,1584.42
MCH7501,Jayaraman Inc,Retail & Groceries,5311,Partnership / LLP,Calcutta,West Bengal,TRUE,10-03-24 00:00,TRUE,XXXX9347,ACTIVE,2898.16
MCH7502,Gokhale Llc,Retail & Groceries,5311,Individual,Asr,Punjab,TRUE,06-07-24 00:00,FALSE,5976838930,ACTIVE,1185.45
MCH7503,Raval Llc,Retail & Groceries,5411,Partnership / LLP,New Delhi,Delhi,TRUE,30-10-25 13:02,FALSE,6775545242,ACTIVE,1167.54
MCH7504,Balay Plc,Medical & Health,7011,Individual,Chennai,Tamil Nadu,TRUE,24-10-25 10:34,FALSE,1818420938,ACTIVE,1030.01
MCH7508,Garg Deo,Books & Stationery,5942,Partnership / LLP,Amritsar,Punjab,TRUE,15-11-24 00:00,TRUE,XXXX5011,ACTIVE,1956.49
MCH7509,Narasimhan Naidu,Apparel & Fashion,5699,Proprietorship,Kolkata,West Bengal,TRUE,29-07-25 00:00,FALSE,RUXH2213582281170,ACTIVE,1271.23
MCH7513,Buch Inc,Food & Beverage,58120,Individual,Kolkata,West Bengal,TRUE,02-09-24 00:00,FALSE,MLTA1304721995984,ACTIVE,0.584
MCH7514,Ahuja Bobal,Retail,5311,Proprietorship,Lucknow,Uttar Pradesh,TRUE,19-04-24 10:36,FALSE,,ACTIVE,1943.52
MCH7517,Banik Kamdar And Dada,Apparel & Fashion,5699,Individual,Asr,Punjab,TRUE,20-07-25 00:00,FALSE,YYXV9001319720217,ACTIVE,2046.69
MCH7519,Sarkar Garg And Kumar,Travel & Transport,4131,Partnership / LLP,Lucknow,Uttar Pradesh,TRUE,06-01-25 00:00,FALSE,6307100507,INACTIVE,771.94
MCH7521,Boase Plc,Travel & Transport,41310,Proprietorship,Calcutta,West Bengal,TRUE,27-01-26 00:00,FALSE,WKCL3458708850629,ACTIVE,0.88
MCH7523,Venkataraman Hans,Travel & Transport,4131,Proprietorship,Poona,Maharashtra,TRUE,28-04-25 00:00,FALSE,6156184588,ACTIVE,6157.65
MCH7524,Sarna Mital And Deo,Medical & Health,7011,Private Limited,Blr,Karnataka,TRUE,13-07-25 10:56,TRUE,XXXX6292,ACTIVE,1847
MCH7525,Char Narayanan,Books & Stationery,5942,Individual,Lucknow,Uttar Pradesh,TRUE,31-03-25 00:00,FALSE,,ACTIVE,424.34
MCH7533,Boase Krishnan And Tiwari,Apparel & Fashion,,Partnership / LLP,Lucknow,Uttar Pradesh,TRUE,06-04-25 21:09,FALSE,YYIV1816207811981,ACTIVE,0.1221
MCH7536,Kalla Deo,Retail & Groceries,5311,Partnership / LLP,Kolkata,West Bengal,TRUE,29-08-24 00:00,FALSE,5654813293,ACTIVE,803.42
MCH7539,Kalita Din And Ganesh,Retail,5311,Private Limited,Chennai,Tamil Nadu,TRUE,05-01-24 01:38,FALSE,5865236657,ACTIVE,922.86
MCH7540,Buch Das,Retail & Groceries,5311,Proprietorship,Hyd,Telangana,TRUE,17-05-25 00:00,FALSE,ILTI6803944844549,ACTIVE,2362.92
MCH7544,Ganesh And S0Ns,Transprt,4131,Proprietorship,Ludhiana,Punjab,TRUE,22-03-25 00:00,FALSE,FWAU1672608587886,ACTIVE,2329.09
MCH7546,Koshy Llc,Medical & Health,5912,Individual,New Delhi,Delhi,TRUE,17-11-24 00:00,TRUE,XXXX1749,ACTIVE,0.356
MCH7548,Dhillon Inc,Phone Service,4814,Private Limited,Hyderabad,Telangana,TRUE,24-08-25 00:00,TRUE,XXXX6625,SUSPENDED,0.417
MCH7549,Narayan Plc,Hotel & Lodging,7011,Proprietorship,Kolkata,West Bengal,TRUE,22-02-23 04:38,FALSE,8324142833,INACTIVE,0.272
MCH7552,Som And Sons,Electronics & Tech,4814,Proprietorship,Pune,Maharashtra,TRUE,21-07-25 00:00,FALSE,4455888078,ACTIVE,1934
MCH7554,J0Ha1 K0Thari And Nagar,Travel & Transport,4131,Individual,Jalandhar,Punjab,TRUE,05-02-23 23:53,FALSE,,ACTIVE,572.11
MCH7556,Hayer Saini,Books & Stationery,5942,Individual,Chennai,Tamil Nadu,TRUE,24-01-24 20:09,FALSE,,ACTIVE,975.635
MCH7558,Nair Tandon,Hotel & Lodging,7011,Individual,New Delhi,Delhi,TRUE,24-09-25 00:00,FALSE,WDIO8859498666425,ACTIVE,2209.65
MCH7560,Chakraborty And Sons,Retail & Groceries,5411,Partnership / LLP,Pune,Maharashtra,FALSE,,FALSE,WVEJ5381131962008,ACTIVE,2097.03
MCH7563,Anne And Sons,Hotel & Lodging,7011,Private Limited,Amritsar,Punjab,TRUE,16-05-23 00:00,TRUE,XXXX7430,ACTIVE,300.06
MCH7564,Mahal Thaman And Dani,Books & Stationery,,Proprietorship,Jalandhar,Punjab,TRUE,23-12-23 00:00,FALSE,7935535958,ACTIVE,503.13
MCH7566,Kade Bhattacharyya,Medical & Health,5912,Individual,Mumbai,Maharashtra,TRUE,11-12-24 00:00,FALSE,,ACTIVE,748.55
MCH7567,Badal Tripathi,Apparel & Fashion,5699,Partnership / LLP,New Delhi,Delhi,TRUE,23-01-23 14:11,FALSE,,ACTIVE,581.85
MCH7568,Chokshi Lall And Subramaniam,Travel & Transport,4131,Individual,Amritsar,Punjab,TRUE,15-11-25 23:29,TRUE,XXXX4056,ACTIVE,1023.91
MCH7572,Nori Kibe And Das,Apparel & Fashion,5699,Proprietorship,Lucknow,Uttar Pradesh,TRUE,28-11-23 00:00,FALSE,BLHB3138092170893,ACTIVE,0.87
MCH7574,Saini Dubey And Bava,Retail & Groceries,5411,Private Limited,Pune,Maharashtra,TRUE,28-09-24 01:58,FALSE,,ACTIVE,1109.44
MCH7576,Ramanathan Menon,Medical & Health,7011,Partnership / LLP,Jalandhar,Punjab,TRUE,14-10-24 09:09,FALSE,,ACTIVE,757.61
MCH7577,Gandhi Golla And Arora,Apparel & Fashion,5699,Private Limited,Amritsar,Punjab,TRUE,26-01-23 00:00,TRUE,XXXX6249,ACTIVE,1036.37
MCH7580,Dhaliwal Shankar,Electronics & Tech,4814,Proprietorship,Mumbai,Maharashtra,TRUE,04-07-23 00:00,TRUE,XXXX8286,ACTIVE,1155.73
MCH7581,Deshpande Butala And Jain,Apparel & Fashion,5699,Private Limited,Lucknow,Uttar Pradesh,TRUE,13-08-24 00:00,FALSE,5640516477,ACTIVE,1036.37
MCH7582,Gola Ltd,Transprt,4131,Individual,Kolkata,West Bengal,TRUE,31-07-24 16:49,FALSE,,ACTIVE,1056.25
MCH7585,Rattan Ratti,Apparel & Fashion,5699,Partnership / LLP,Pune,Maharashtra,TRUE,10-02-26 00:00,FALSE,,ACTIVE,3222.54
MCH7586,Hayer Savant And Tiwari,Retail & Groceries,5311,Partnership / LLP,Pune,Maharashtra,TRUE,31-03-24 00:00,FALSE,ODJU9409130463225,ACTIVE,765.1
MCH7589,Parekh Dugal And Bumb,Travel & Transport,4131,Private Limited,Pune,Maharashtra,TRUE,17-01-25 00:00,FALSE,1086489702,ACTIVE,437.44
MCH7591,Gour Hora,Food & Beverage,58120,Proprietorship,Asr,Punjab,TRUE,07-12-23 05:34,TRUE,XXXX5661,ACTIVE,1230.68
MCH7595,Subramaniam Balasubramanian,Retail & Groceries,,Individual,Ludhiana,Punjab,TRUE,07-01-26 00:00,FALSE,4323936215,ACTIVE,3392.31
MCH7596,Bajwa Luthra,Electronics & Tech,4814,Private Limited,Hyderabad,Telangana,TRUE,20-04-24 00:00,FALSE,,SUSPENDED,1021.355
MCH7597,Vohra Mitter,Travel & Transport,4121,Proprietorship,Pune,Maharashtra,TRUE,31-07-25 00:00,FALSE,BWIV7516426838159,ACTIVE,2111.86
MCH7600,Minhas Rattan And Oak,Retail,53110,Proprietorship,Ludhiana,Punjab,TRUE,13-10-23 19:20,TRUE,XXXX9742,ACTIVE,0.10025
MCH7604,Varkey Hayer And Ratti,Retail & Groceries,5411,Partnership / LLP,Chennai,Tamil Nadu,TRUE,17-02-25 00:00,TRUE,XXXX6093,ACTIVE,868.52
MCH7605,Kakar Dhi110N,Retail,5311,Private Limited,Blr,Karnataka,TRUE,21-07-25 00:00,TRUE,XXXX1255,ACTIVE,1126.42
MCH7606,Chaudhari Raman,Misc Retail,5999,Private Limited,Blr,Karnataka,TRUE,27-08-24 00:00,FALSE,,ACTIVE,296.04
MCH7607,Vyas Ramakrishnan And Narayanan,Books & Stationery,,Proprietorship,Amritsar,Punjab,TRUE,02-01-25 19:37,FALSE,2925658717,ACTIVE,7039.03
MCH7609,Mitta1 Plc,Medical & Health,5912,Individual,Jalandhar,Punjab,TRUE,10-03-25 00:00,TRUE,XXXX5424,ACTIVE,7169.86
MCH7613,Parekh Ch0Kshi And Das,Apparel & Fashion,5699,Private Limited,Jaipur,Rajasthan,TRUE,23-11-24 19:31,FALSE,VJFK9617718212331,ACTIVE,419.26
MCH7614,Waliltd,Apparel & Fashion,5699,Individual,Mumbai,Maharashtra,TRUE,03-07-23 00:00,FALSE,BEBD9243619313229,ACTIVE,0.969
MCH7615,Dar Parekh And De,Food & Beverage,5812,Proprietorship,Lucknow,Uttar Pradesh,FALSE,,FALSE,4443349499,INACTIVE,2530.9
MCH7618,Thaman Parikh And Dubey,Hotel & Lodging,7011,Private Limited,New Delhi,Delhi,TRUE,22-11-25 00:00,FALSE,SGHB3691205385794,ACTIVE,244.24
MCH7619,Ranganathan Kumer And Pandya,Retail & Groceries,5311,Private Limited,Kolkata,West Bengal,TRUE,02-11-23 00:00,TRUE,XXXX7479,ACTIVE,1076.395
MCH7620,Narain Balasubramanian,Books & Stationery,5942,Private Limited,Chennai,Tamil Nadu,TRUE,14-02-25 00:00,FALSE,2629867303,ACTIVE,2086.1
MCH7621,Iyer Mangal,Retail & Groceries,5411,Proprietorship,Jalandhar,Punjab,TRUE,14-09-23 09:28,FALSE,9620926226,ACTIVE,1096.69
MCH7622,Agrawal Yogi,Transprt,4131,Partnership / LLP,Amritsar,Punjab,TRUE,19-10-25 00:00,FALSE,,ACTIVE,717.88
MCH7623,Pandya Llc,Books & Stationery,,Partnership / LLP,Bombay,Maharashtra,TRUE,23-01-26 00:00,TRUE,XXXX7491,ACTIVE,701.06
MCH7627,Lata Ray,Travel & Transport,4131,Individual,Mumbai,Maharashtra,TRUE,17-05-25 00:00,FALSE,3611125475,ACTIVE,1169.55
MCH7628,Mander Guha And Varty,Phone Service,4814,Proprietorship,Mumbai,Maharashtra,TRUE,12-01-26 00:00,FALSE,845621446,SUSPENDED,8496.25
MCH7629,Taneja Vyas,Miscellaneous,5999,Individual,Poona,Maharashtra,TRUE,01-01-23 17:10,FALSE,70872652,ACTIVE,1413.56
MCH7630,Rama Kalita And Jha,Transprt,4131,Individual,Mumbai,Maharashtra,TRUE,01-10-25 00:00,FALSE,2315692507,ACTIVE,0.2393
MCH7631,Chawla Ganesh,Travel & Transport,4131,Individual,Pune,Maharashtra,TRUE,07-12-23 00:00,FALSE,1532003029,ACTIVE,6757.26
MCH7635,Karpe Inc,Electronics & Tech,4814,Partnership / LLP,Mumbai,Maharashtra,TRUE,11-05-23 12:34,FALSE,4808643996,SUSPENDED,6027.41
MCH7636,Bir Plc,Apparel & Fashion,5699,Proprietorship,Jalandhar,Punjab,TRUE,05-03-25 00:00,TRUE,XXXX9076,ACTIVE,0.178
MCH7639,Brar Chana,Other,5999,Proprietorship,Mumbai,Maharashtra,TRUE,20-02-25 05:32,TRUE,XXXX2309,ACTIVE,4805.68
MCH7644,Mital Plc,Medical & Health,7011,Proprietorship,Chennai,Tamil Nadu,TRUE,07-03-24 00:00,FALSE,,ACTIVE,602.59
MCH7645,Majumdar Nagarajan,Medical & Health,5912,Proprietorship,Amritsar,Punjab,TRUE,21-09-24 00:00,FALSE,7530870851,ACTIVE,1396.81
MCH7647,Bala Mody And Kumer,Medical & Health,5912,Partnership / LLP,Mumbai,Maharashtra,TRUE,30-12-25 18:11,TRUE,XXXX0768,INACTIVE,0.3285
MCH7648,Trivedi Ramachandran And Keer,Retail Other,,Private Limited,Hyd,Telangana,TRUE,12-11-24 16:04,FALSE,7503405109,SUSPENDED,1840.11
MCH7651,Sur Inc,Medical & Health,5912,Proprietorship,Jalandhar,Punjab,TRUE,24-07-25 13:48,FALSE,VAPP7301302357942,ACTIVE,1138.07
MCH7653,Mishra Llc,Apparel & Fashion,5699,Individual,Jalandhar,Punjab,TRUE,30-04-25 00:00,FALSE,CZKM6825233537936,ACTIVE,7064.16
MCH7654,Chakraborty Inc,Apparel & Fashion,5699,Proprietorship,Lucknow,Uttar Pradesh,FALSE,,FALSE,,ACTIVE,0.125
MCH7659,Pandya Bakshi And Chaudhary,Travel & Transport,4131,Private Limited,Chennai,Tamil Nadu,TRUE,16-04-23 18:19,FALSE,FNTE9764699509957,ACTIVE,1564.19
MCH7661,Pal Atwal,Hotel & Lodging,7011,Partnership / LLP,Kolkata,West Bengal,TRUE,20-06-24 00:00,FALSE,LQAC5434478012412,ACTIVE,1304.11
MCH7664,Datta Ltd,Travel & Transport,,Partnership / LLP,Kolkata,West Bengal,FALSE,,TRUE,XXXX7337,ACTIVE,990.98
MCH7667,Solanki Llc,Electronics & Tech,4814,Proprietorship,Lucknow,Uttar Pradesh,TRUE,28-06-24 00:00,FALSE,,ACTIVE,1620.69
MCH7675,Suresh Tandon,Travel & Transport,4131,Partnership / LLP,Pune,Maharashtra,TRUE,24-01-25 00:00,FALSE,,ACTIVE,1022.55
MCH7679,Sama And Sons,Medical & Health,5912,Partnership / LLP,Bengaluru,Karnataka,TRUE,25-02-26 00:00,FALSE,2230627789,ACTIVE,3295.19
MCH7681,Aggarwal Raj And Mand,Retail,5311,Individual,Amritsar,Punjab,TRUE,26-07-23 00:00,FALSE,6309524938,ACTIVE,0.148
MCH7685,Badal Khurana And Bansal,Retail & Groceries,53110,Individual,Jalandhar,Punjab,TRUE,06-05-25 00:19,TRUE,XXXX6889,INACTIVE,3304.25
MCH7687,Pant Mukherjee,Retail Other,5999,Partnership / LLP,Hyderabad,Telangana,TRUE,15-08-23 00:00,FALSE,561782434,ACTIVE,1269.15
MCH7688,Kata Bobal And Basu,Medical & Health,5912,Proprietorship,Ludhiana,Punjab,TRUE,29-07-25 00:00,FALSE,7749062073,ACTIVE,0.3346
MCH7692,Ratti Patla,Retail & Groceries,5311,Individual,Asr,Punjab,TRUE,10-07-25 00:00,TRUE,XXXX7379,ACTIVE,2270.3
MCH7698,Bhatnagar Inc,Misc Retail,5999,Individual,Lucknow,Uttar Pradesh,TRUE,24-08-23 00:13,FALSE,8131154936,ACTIVE,1276.92
MCH7699,Mammen Ltd,Electronics & Tech,4814,Individual,Jalandhar,Punjab,TRUE,16-10-24 05:11,TRUE,XXXX5219,ACTIVE,1021.355
MCH7700,Lanka Setty And Muni,Food & Beverage,5812,Partnership / LLP,New Delhi,Delhi,TRUE,14-06-25 00:00,FALSE,,ACTIVE,4782.98
MCH7701,Ravel Lala,Retail & Groceries,5411,Private Limited,Ludhiana,Punjab,TRUE,12-05-25 05:37,TRUE,XXXX7294,ACTIVE,1411.44
MCH7702,Ahuja Nayar,Retail & Groceries,5411,Private Limited,Ludhiana,Punjab,TRUE,04-10-24 00:00,FALSE,,SUSPENDED,1076.395
MCH7709,Jani Sidhu And Tripathi,Travel & Transport,4131,Partnership / LLP,Jaipur,Rajasthan,TRUE,06-05-25 00:00,FALSE,KEWA6292181807133,ACTIVE,451.31
MCH7712,Sehgal Ltd,Retail & Groceries,54110,Partnership / LLP,Lucknow,Uttar Pradesh,FALSE,,TRUE,XXXX7167,ACTIVE,2215.59
MCH7714,Koshy Dani And Barad,Electronics & Tech,4814,Private Limited,Jalandhar,Punjab,TRUE,27-10-23 23:10,FALSE,,ACTIVE,669.74
MCH7715,Tata Borah,Retail Other,5999,Private Limited,Kolkata,West Bengal,TRUE,10-06-25 00:00,TRUE,XXXX1003,INACTIVE,1652.04
MCH7720,Agate Krishnamurthy,Hotel & Lodging,7011,Private Limited,Chennai,Tamil Nadu,TRUE,10-12-25 22:57,FALSE,,ACTIVE,0.475
MCH7723,Pandya Barman And Biswas,Apparel & Fashion,5699,Private Limited,Ludhiana,Punjab,TRUE,06-01-25 01:31,FALSE,MLMI7440738115367,ACTIVE,3268.86
MCH7724,Johal Khatri And Sant,Retail & Groceries,5411,Individual,Jalandhar,Punjab,TRUE,18-02-26 00:00,FALSE,BSAD5422938420269,ACTIVE,3132.9
MCH7726,Modi Ltd,Retail & Groceries,5311,Individual,Lucknow,Uttar Pradesh,TRUE,17-05-25 15:11,TRUE,XXXX3760,ACTIVE,1955.14
MCH7728,Banerjee Iyengar And Ganguly,Hotel & Lodging,7011,Individual,Jaipur,Rajasthan,TRUE,11-10-24 00:00,TRUE,XXXX5198,ACTIVE,750.16
MCH7729,Jain Bail And Rattan,Retail & Groceries,5411,Private Limited,Pune,Maharashtra,TRUE,04-03-23 07:27,FALSE,,ACTIVE,2571.4
MCH7731,Dalalplc,Medical & Health,7011,Individual,Chennai,Tamil Nadu,TRUE,25-05-24 00:00,FALSE,,ACTIVE,2899.19
MCH7733,Bora Inc,Electronics & Tech,,Private Limited,Lucknow,Uttar Pradesh,TRUE,22-01-24 00:00,TRUE,XXXX3762,ACTIVE,5028.38
MCH7735,Garg Balan,Misc Retail,5999,Proprietorship,Ludhiana,Punjab,TRUE,24-01-24 00:00,FALSE,7094886442,ACTIVE,639.06
MCH7736,Kara Plc,Apparel & Fashion,5699,Individual,Amritsar,Punjab,TRUE,01-02-24 00:00,FALSE,,ACTIVE,778.45
MCH7737,Sarma Tripathi And Chandra,Transprt,41310,Proprietorship,Mumbai,Maharashtra,TRUE,19-09-23 00:00,FALSE,9889598730,ACTIVE,1625.72
MCH7744,Nath Plc,Retail,5311,Individual,Asr,Punjab,TRUE,08-02-26 11:39,FALSE,,ACTIVE,283.48
MCH7746,Luthra Group,Apparel & Fashion,5699,Private Limited,Jaipur,Rajasthan,TRUE,08-10-25 00:00,FALSE,4338266840,ACTIVE,1244.49
MCH7748,Chhabra Group,Food & Beverage,5812,Individual,Poona,Maharashtra,TRUE,26-12-25 00:00,FALSE,225226630,ACTIVE,1602.16
MCH7749,Dhaliwal Chaudhari And Lad,Transprt,4131,Private Limited,Lucknow,Uttar Pradesh,TRUE,28-03-23 01:45,FALSE,,ACTIVE,472.27
MCH7750,Rama Garde And Ravi,Travel & Transport,,Partnership / LLP,Bengaluru,Karnataka,TRUE,22-01-25 00:00,TRUE,XXXX7708,ACTIVE,1271.38
MCH7751,Vig Iyer And Andra,Retail,5311,Partnership / LLP,Pune,Maharashtra,TRUE,28-06-24 00:00,FALSE,6513543497,SUSPENDED,590.58
MCH7757,Uppal Kota And Ramaswamy,Phone Service,4814,Individual,New Delhi,Delhi,TRUE,09-02-24 00:00,TRUE,XXXX2473,ACTIVE,669.43
MCH7758,Memon Agate And Deshpande,Apparel & Fashion,5699,Partnership / LLP,Mumbai,Maharashtra,TRUE,27-12-23 00:00,FALSE,KYBY5368849904131,ACTIVE,362.28
MCH7759,Sankaran Patel And Narain,Apparel & Fashion,5699,Proprietorship,Kolkata,West Bengal,TRUE,15-10-25 13:32,FALSE,EADV1032511266518,ACTIVE,1036.37
MCH7763,Choudhury Mody And Tank,Medical & Health,5912,Individual,Chennai,Tamil Nadu,TRUE,03-11-23 00:00,FALSE,,ACTIVE,777.85
MCH7765,Dyal Llc,Food & Beverage,5812,Individual,Amritsar,Punjab,TRUE,27-02-25 00:00,TRUE,XXXX8941,ACTIVE,3067.55
MCH7767,Nadkarni Pathak,Medical & Health,7011,Individual,Chennai,Tamil Nadu,TRUE,07-10-25 07:50,FALSE,,ACTIVE,3595.48
MCH7768,Sahota Walia,Travel & Transport,4131,Partnership / LLP,New Delhi,Delhi,TRUE,19-06-25 07:32,FALSE,,SUSPENDED,1097.55
MCH7769,Atwal Loke And Prasad,Electronics & Tech,4814,Partnership / LLP,Mumbai,Maharashtra,TRUE,21-07-24 00:00,FALSE,,ACTIVE,232.38
MCH7772,Chatterjee Wason And Nadkarni,Retail & Groceries,5311,Partnership / LLP,Bombay,Maharashtra,TRUE,02-01-26 19:37,TRUE,XXXX1871,ACTIVE,541.48
MCH7773,Nath Parikh,Apparel & Fashion,5699,Individual,Jaipur,Rajasthan,TRUE,09-08-25 12:42,TRUE,XXXX0128,ACTIVE,544.16
MCH7779,Mane Bassi And Samra,Apparel & Fashion,5699,Partnership / LLP,Lucknow,Uttar Pradesh,TRUE,12-12-24 19:16,FALSE,UAHK2726212156650,ACTIVE,1036.37
MCH7780,Jain Plc,Medical & Health,5912,Proprietorship,Lucknow,Uttar Pradesh,TRUE,19-07-25 13:23,FALSE,,INACTIVE,1030
MCH7784,Dave Babu,Medical & Health,5912,Partnership / LLP,Ludhiana,Punjab,TRUE,16-03-23 00:00,TRUE,XXXX3111,ACTIVE,0.643
MCH7790,Barman Roy,Books & Stationery,5942,Proprietorship,Chennai,Tamil Nadu,TRUE,28-05-25 00:00,FALSE,3171421828,ACTIVE,1525.46
MCH7794,Kalita Plc,Medical & Health,5912,Partnership / LLP,New Delhi,Delhi,TRUE,01-05-25 18:59,FALSE,GLZI3360162189324,ACTIVE,622.63
MCH7795,Samra Venkataraman And Bhatti,Travel & Transport,4131,Private Limited,Amritsar,Punjab,TRUE,03-08-24 04:15,TRUE,XXXX1904,ACTIVE,723.93
MCH7796,Kari Sridhar And J0Ha1,Retail & Groceries,54110,Partnership / LLP,Poona,Maharashtra,TRUE,12-09-24 00:00,FALSE,5623137802,ACTIVE,489.31
MCH7802,Venkatesh Llc,Medical & Health,5912,Partnership / LLP,Lucknow,Uttar Pradesh,TRUE,12-04-24 13:06,FALSE,5184855438,ACTIVE,1493.43
MCH7803,Mukherjee Sha,Electronics & Tech,4814,Private Limited,Jaipur,Rajasthan,TRUE,16-02-23 00:00,FALSE,7883892457,ACTIVE,0.763
MCH7804,Choudhry And Sons,Books & Stationery,59420,Proprietorship,Ludhiana,Punjab,TRUE,02-04-24 20:13,TRUE,XXXX6038,ACTIVE,0.586
MCH7806,Sahni Bhavsar And Kaul,Travel & Transport,4121,Private Limited,Hyderabad,Telangana,TRUE,17-04-23 00:00,TRUE,XXXX2487,ACTIVE,1046.19
MCH7810,Bail Inc,Books & Stationery,5942,Proprietorship,Ludhiana,Punjab,TRUE,25-01-25 00:00,FALSE,9018773100,INACTIVE,529.29
MCH7814,Mallick Puri,Food & Beverage,5812,Proprietorship,Jaipur,Rajasthan,TRUE,03-01-24 00:00,FALSE,,ACTIVE,2963.54
MCH7817,Lata Plc,Food & Beverage,5812,Private Limited,Chennai,Tamil Nadu,TRUE,27-07-25 00:00,FALSE,,INACTIVE,3090.66
MCH7821,Deshmukh Inc,Other,,Partnership / LLP,Bangalore,Karnataka,TRUE,26-01-26 00:00,FALSE,3967998762,ACTIVE,1463.63
MCH7828,Jhaveri And Sons,Apparel & Fashion,56990,Individual,Kolkata,West Bengal,TRUE,23-02-26 00:00,FALSE,3888843924,ACTIVE,3105.54
MCH7829,Hora Ltd,Travel & Transport,4131,Partnership / LLP,Jaipur,Rajasthan,TRUE,06-05-25 00:00,TRUE,XXXX7292,ACTIVE,0.422
MCH7830,Narayanan Barad,Medical & Health,5912,Private Limited,Jaipur,Rajasthan,TRUE,14-12-25 17:19,FALSE,9447863643,SUSPENDED,1497.41
MCH7832,Sodhi Venkataraman And Kohli,Misc Retail,5999,Individual,New Delhi,Delhi,TRUE,02-06-25 00:45,TRUE,XXXX9396,ACTIVE,4116.49
MCH7833,Chopra Baral And Hayre,Books & Stationery,5942,Proprietorship,Hyderabad,Telangana,TRUE,10-02-23 07:53,FALSE,,SUSPENDED,0.648
MCH7835,Dugar Dhawan And De,Medical & Health,7011,Private Limited,Lucknow,Uttar Pradesh,TRUE,26-12-23 12:25,FALSE,,SUSPENDED,1744.59
MCH7837,Wali Group,Miscellaneous,,Individual,Kolkata,West Bengal,TRUE,03-06-23 00:00,FALSE,,ACTIVE,803.03
MCH7838,Yohannan Sethi And Khare,Food & Beverage,58120,Proprietorship,Asr,Punjab,TRUE,25-03-24 00:00,FALSE,,ACTIVE,974.3
MCH7839,Mahajan Bhasin,Apparel & Fashion,5699,Partnership / LLP,Amritsar,Punjab,TRUE,03-06-23 00:00,TRUE,XXXX8814,ACTIVE,4413.06
MCH7840,Sood Llc,Retail & Groceries,5311,Individual,Pune,Maharashtra,TRUE,26-09-23 00:00,TRUE,XXXX2181,ACTIVE,0.394
MCH7841,Manda Group,Books & Stationery,5942,Proprietorship,Poona,Maharashtra,TRUE,01-10-24 00:00,FALSE,8517196401,ACTIVE,14164.49
MCH7842,J0Ha1 Ltd,Food & Beverage,5812,Private Limited,Kolkata,West Bengal,TRUE,06-02-25 00:00,TRUE,XXXX0929,ACTIVE,0.1856
MCH7843,Rastogi Das,Food & Beverage,5812,Partnership / LLP,Amritsar,Punjab,TRUE,03-04-25 00:00,TRUE,XXXX7401,ACTIVE,1274.89
MCH7844,Singh Mane,Retail & Groceries,5411,Proprietorship,Ludhiana,Punjab,TRUE,31-10-24 00:00,FALSE,,ACTIVE,0.1309
MCH7845,Bhasin Dubey,Phone Service,4814,Private Limited,Ludhiana,Punjab,TRUE,22-08-24 00:00,FALSE,8372327074,ACTIVE,0.994
MCH7846,Chad Gole,Miscellaneous,,Individual,Mumbai,Maharashtra,TRUE,24-08-23 00:00,TRUE,XXXX4268,ACTIVE,0.228
MCH7847,Ramakrishnan Misra,Retail & Groceries,5411,Individual,Mumbai,Maharashtra,TRUE,12-04-25 00:00,FALSE,,ACTIVE,0.2108
MCH7849,Lal Wagle,Retail & Groceries,5311,Proprietorship,Jaipur,Rajasthan,TRUE,02-12-25 16:31,TRUE,XXXX0377,ACTIVE,4061.65
MCH7850,Reddy Inc,Apparel & Fashion,5699,Partnership / LLP,Chennai,Tamil Nadu,TRUE,16-05-24 05:07,FALSE,,ACTIVE,0.1378
MCH7851,Warrior Hora And Dayal,Phone Service,4814,Individual,Jalandhar,Punjab,TRUE,02-07-24 00:00,FALSE,6337984791,ACTIVE,942.235
MCH7852,Kapadia K0Nda And Luthra,Hotel & Lodging,,Proprietorship,Chennai,Tamil Nadu,TRUE,12-05-23 06:13,TRUE,XXXX7199,SUSPENDED,4401.63
MCH7856,Sood Dalal And Butala,Hotel & Lodging,7011,Private Limited,New Delhi,Delhi,TRUE,11-06-25 15:54,FALSE,1705220103,ACTIVE,0.2048
MCH7860,Pall Som And Dalal,Misc Retail,5999,Private Limited,Asr,Punjab,TRUE,11-11-24 02:08,FALSE,1164754239,ACTIVE,625.05
MCH7862,Pandit Ratti,Medical & Health,5912,Individual,Amritsar,Punjab,TRUE,23-04-23 00:00,FALSE,,ACTIVE,558.23
MCH7863,Lal Hegde And Hora,Food & Beverage,5812,Partnership / LLP,Lucknow,Uttar Pradesh,TRUE,18-11-24 00:00,FALSE,BRCS2990278425539,ACTIVE,673.1
MCH7864,Kumer Iyer And Bhavsar,Travel & Transport,4131,Private Limited,Amritsar,Punjab,TRUE,30-12-24 05:51,FALSE,9319227409,ACTIVE,611.66
MCH7865,Rout Inc,Retail & Groceries,5411,Individual,Hyderabad,Telangana,TRUE,13-11-23 13:57,TRUE,XXXX3299,ACTIVE,2187.26
MCH7866,Bhattacharyya And Sons,Retail & Groceries,5311,Partnership / LLP,New Delhi,Delhi,TRUE,31-10-25 05:29,FALSE,QKIU3712061004002,ACTIVE,2522
MCH7868,Chander Ramakrishnan,Retail & Groceries,5311,Individual,Pune,Maharashtra,TRUE,21-09-25 01:36,TRUE,XXXX9717,ACTIVE,563.96
MCH7870,Kalla Moreandswamy,Medical & Health,5912,Private Limited,Jaipur,Rajasthan,TRUE,04-03-25 00:00,FALSE,JRSV4497187312439,ACTIVE,681.25
MCH7871,Mital Palla And Saraf,Apparel & Fashion,5699,Proprietorship,Hyderabad,Telangana,TRUE,17-02-26 14:36,FALSE,QSZR3521803060698,ACTIVE,2352.21
MCH7875,Narasimhan Plc,Retail & Groceries,5411,Private Limited,Amritsar,Punjab,TRUE,03-01-25 00:00,FALSE,,ACTIVE,585.43
MCH7876,Yadav Bansal,Books & Stationery,5942,Individual,Lucknow,Uttar Pradesh,TRUE,22-09-24 00:00,FALSE,,ACTIVE,549.03
MCH7877,Parekh Borra,Books & Stationery,5942,Private Limited,Bombay,Maharashtra,TRUE,29-02-24 00:00,TRUE,XXXX5911,ACTIVE,975.635
MCH7879,Sawhney Goda,Electronics & Tech,4814,Individual,Jalandhar,Punjab,TRUE,30-12-23 23:35,FALSE,,ACTIVE,1760.85
MCH7880,Ben Khare,Travel & Transport,4131,Individual,Chennai,Tamil Nadu,TRUE,20-01-24 00:00,FALSE,,ACTIVE,3857.41
MCH7881,Menon Plc,Retail & Groceries,5311,Partnership / LLP,Pune,Maharashtra,TRUE,04-02-24 00:00,FALSE,1137446678,ACTIVE,1357.1
MCH7885,Sura Llc,Apparel & Fashion,5699,Partnership / LLP,Lucknow,Uttar Pradesh,TRUE,15-04-25 09:52,TRUE,XXXX8127,ACTIVE,2999.12
MCH7890,Contractor Plc,Hotel & Lodging,7011,Partnership / LLP,Chennai,Tamil Nadu,TRUE,21-07-24 17:41,FALSE,KQNM1742343730851,ACTIVE,652.34
MCH7891,Bakshi Plc,Retail & Groceries,5411,Individual,Bangalore,Karnataka,TRUE,03-02-24 20:11,FALSE,5025889978,ACTIVE,3419.67
MCH7895,Pau Plc,Retail Other,,Individual,Amritsar,Punjab,TRUE,06-08-23 09:45,FALSE,,ACTIVE,0.583
MCH7896,Samra Llc,Medical & Health,7011,Private Limited,Calcutta,West Bengal,TRUE,16-10-23 00:00,FALSE,SGTY6881761008390,SUSPENDED,2276.65
MCH7900,Basu Sami,Travel & Transport,4131,Individual,New Delhi,Delhi,TRUE,24-04-25 00:00,FALSE,CGXR1652716099772,ACTIVE,1035.61
MCH7901,Bala Group,Food & Beverage,5812,Partnership / LLP,Jaipur,Rajasthan,TRUE,02-03-23 12:07,FALSE,VXJE9106968913579,ACTIVE,958.85
MCH7902,Deol Inc,Travel & Transport,4131,Partnership / LLP,Ludhiana,Punjab,TRUE,05-07-25 00:00,FALSE,,ACTIVE,2892.53
MCH7904,Kapadia Pandya,Books & Stationery,5942,Partnership / LLP,Chennai,Tamil Nadu,TRUE,20-09-23 00:00,TRUE,XXXX8842,ACTIVE,6260.03
MCH7906,Ganesan Gopal And Ratta,Medical & Health,5912,Individual,Jaipur,Rajasthan,TRUE,04-08-23 00:00,FALSE,6930056996,ACTIVE,733.85
MCH7910,Shenoy Llc,Food & Beverage,5812,Partnership / LLP,Hyd,Telangana,TRUE,25-03-24 00:00,FALSE,5996954160,INACTIVE,741.5
MCH7912,Sarma Arya,Apparel & Fashion,5699,Private Limited,Lucknow,Uttar Pradesh,TRUE,01-01-25 00:00,FALSE,ZNNS3870382152945,ACTIVE,1318.64
MCH7913,Khare Inc,Medical & Health,5912,Partnership / LLP,Pune,Maharashtra,TRUE,22-02-25 00:00,FALSE,QFFQ8944942522196,ACTIVE,1243.32
MCH7914,Grover Karnik,Electronics & Tech,4814,Proprietorship,Jaipur,Rajasthan,TRUE,30-11-23 00:00,FALSE,,ACTIVE,1922.54
MCH7917,Parsa Madan,Retail & Groceries,5411,Proprietorship,Pune,Maharashtra,TRUE,02-04-23 01:07,TRUE,XXXX8810,ACTIVE,1524.64
MCH7918,Purohit Llc,Books & Stationery,5942,Private Limited,Calcutta,West Bengal,TRUE,06-09-24 00:00,TRUE,XXXX2495,ACTIVE,0.1204
MCH7919,Majumdar Chandran,Travel & Transport,4131,Partnership / LLP,Jaipur,Rajasthan,TRUE,12-09-25 01:54,FALSE,ZYZN0297509951145,ACTIVE,4626.02
MCH7922,Dara Llc,Food & Beverage,5812,Partnership / LLP,Bombay,Maharashtra,TRUE,13-05-24 00:00,FALSE,4216494567,ACTIVE,1260.96
MCH7925,Bedi Shroff And Nadkarni,Travel & Transport,4131,Proprietorship,Lucknow,Uttar Pradesh,TRUE,07-07-23 00:00,FALSE,BECU4208184850705,ACTIVE,2480.62
MCH7930,Bhatt Ganguly And Dhingra,Retail & Groceries,5311,Proprietorship,Dilli,Delhi,TRUE,16-12-25 00:00,FALSE,,SUSPENDED,1892.15
MCH7932,Sethi Ltd,Electronics & Tech,48140,Private Limited,Bengaluru,Karnataka,TRUE,20-04-25 22:28,FALSE,AUYT1495828220876,ACTIVE,4410.18
MCH7933,Baradinc,Food & Beverage,5812,Individual,Asr,Punjab,TRUE,26-07-25 00:00,FALSE,,ACTIVE,0.1177
MCH7934,Srinivasan Maharaj,Food & Beverage,5812,Partnership / LLP,Chennai,Tamil Nadu,TRUE,23-02-23 00:00,FALSE,,ACTIVE,1154.88
MCH7938,Chander Ltd,Phone Service,,Proprietorship,Bangalore,Karnataka,TRUE,22-09-23 00:00,FALSE,,ACTIVE,639.19
MCH7939,Mand Llc,Food & Beverage,5812,Private Limited,Bengaluru,Karnataka,TRUE,23-01-25 00:00,FALSE,,ACTIVE,2096.4
MCH7942,Parmar Oza,Medical & Health,5912,Proprietorship,Hyderabad,Telangana,TRUE,10-08-24 06:25,FALSE,,ACTIVE,1133.78
MCH7943,Chaudhary Rana,Medical & Health,59120,Individual,Calcutta,West Bengal,TRUE,27-12-24 00:00,FALSE,IEWV4741965388466,ACTIVE,3927.63
MCH7944,Bassi Dyal,Travel & Transport,4131,Proprietorship,Kolkata,West Bengal,TRUE,04-11-25 00:00,FALSE,YDDT9877099170196,ACTIVE,1227.24
MCH7945,Barad Wagle And Raju,Medical & Health,5912,Individual,Ludhiana,Punjab,TRUE,24-01-23 00:00,FALSE,EHNZ2779616653327,ACTIVE,268.67
MCH7947,Padmanabhan Kale,Electronics & Tech,4814,Private Limited,Mumbai,Maharashtra,TRUE,09-08-23 00:00,FALSE,,ACTIVE,3921.35
MCH7948,Sachdeva Buch,Retail & Groceries,5311,Partnership / LLP,Mumbai,Maharashtra,TRUE,03-07-25 00:00,TRUE,XXXX0532,ACTIVE,656.76
MCH7949,Vohra Chaudhary,Travel & Transport,4131,Private Limited,Mumbai,Maharashtra,TRUE,14-10-23 00:00,FALSE,,ACTIVE,265.37
MCH7950,Om Andra,Retail & Groceries,5411,Individual,Ludhiana,Punjab,FALSE,,FALSE,,ACTIVE,3471.68
MCH7951,Peri Group,Hotel & Lodging,7011,Proprietorship,Jaipur,Rajasthan,TRUE,21-02-24 00:00,FALSE,,ACTIVE,981.55
MCH7953,Deep Group,Retail & Groceries,5411,Proprietorship,Mumbai,Maharashtra,TRUE,07-08-25 00:00,FALSE,4208218333,ACTIVE,1668.75
MCH7954,Sur Inc,Hotel & Lodging,7011,Private Limited,Hyderabad,Telangana,TRUE,01-04-25 22:07,FALSE,,ACTIVE,2803
MCH7955,Andra Oommen And Salvi,Apparel & Fashion,5699,Partnership / LLP,Asr,Punjab,TRUE,02-02-23 00:00,TRUE,XXXX5039,ACTIVE,2313.71
MCH7957,Varty Natarajan,Hotel & Lodging,7011,Private Limited,Chennai,Tamil Nadu,TRUE,28-06-24 09:08,FALSE,,ACTIVE,410.29
MCH7960,Comar Ramesh,Retail & Groceries,5411,Proprietorship,Amritsar,Punjab,TRUE,05-01-23 00:00,TRUE,XXXX2411,ACTIVE,1076.395
MCH7965,Magar Kant,Retail & Groceries,5311,Proprietorship,Pune,Maharashtra,TRUE,13-05-24 00:00,TRUE,XXXX3832,ACTIVE,567.32
MCH7967,Chandran Inc,Medical & Health,5912,Individual,Bengaluru,Karnataka,TRUE,19-06-25 00:00,FALSE,,ACTIVE,1630.08
MCH7969,Karan Balandkhurana,Travel & Transport,4131,Individual,Lucknow,Uttar Pradesh,TRUE,16-04-25 00:00,FALSE,,ACTIVE,836.32
MCH7972,Lata Inc,Retail & Groceries,5411,Partnership / LLP,Bangalore,Karnataka,TRUE,16-12-24 00:00,FALSE,6873256015,ACTIVE,401.1
MCH7973,Dhar Som And Mane,Medical & Health,7011,Proprietorship,Calcutta,West Bengal,TRUE,17-01-23 11:57,FALSE,GEUZ7160822941996,ACTIVE,1422.91
MCH7974,Verma Koshy And Bhardwaj,Retail & Groceries,5411,Individual,Jaipur,Rajasthan,TRUE,04-10-23 00:00,FALSE,7985944544,ACTIVE,460.5
MCH7977,Kohli Vaidya And Nagar,Hotel & Lodging,7011,Proprietorship,Chennai,Tamil Nadu,TRUE,23-07-25 00:00,FALSE,PYMW1543762535071,ACTIVE,0.479
MCH7978,Ganesan Kohli And Savant,Misc Retail,5999,Individual,Jaipur,Rajasthan,TRUE,15-02-23 00:00,TRUE,XXXX8648,ACTIVE,2414.03
MCH7981,Singhal Manne And Ray,Apparel & Fashion,5699,Private Limited,Jalandhar,Punjab,TRUE,02-11-23 00:00,FALSE,IOCQ7344534204502,ACTIVE,234.87
MCH7982,De0 Ltd,Retail & Groceries,5311,Partnership / LLP,Ludhiana,Punjab,TRUE,14-01-23 04:48,FALSE,KDBH6204467913349,ACTIVE,0.579
MCH7983,Karpe Raval,Retail & Groceries,53110,Individual,Lucknow,Uttar Pradesh,TRUE,11-01-24 00:00,TRUE,XXXX7464,ACTIVE,3843.3
MCH7985,Ba1Ay Mammen And Raman,Food & Beverage,5812,Partnership / LLP,Lucknow,Uttar Pradesh,TRUE,16-12-23 19:17,FALSE,,ACTIVE,2429.67
MCH7986,Pathak Inc,Retail Other,,Individual,Chennai,Tamil Nadu,TRUE,30-05-24 00:00,FALSE,,ACTIVE,1602.91
MCH7987,Mangat Sundaram,Medical & Health,5912,Individual,Chennai,Tamil Nadu,TRUE,25-02-23 00:00,TRUE,XXXX1113,ACTIVE,2275.51
MCH7991,Rastogi Plc,Books & Stationery,5942,Partnership / LLP,Mumbai,Maharashtra,FALSE,,FALSE,,ACTIVE,1076.7
MCH7992,Goel Group,Electronics & Tech,48140,Individual,Bengaluru,Karnataka,TRUE,18-10-23 00:00,FALSE,UIMY5187810690637,ACTIVE,609.52
MCH7993,Garde Inc,Electronics & Tech,4814,Partnership / LLP,Kolkata,West Bengal,TRUE,23-04-23 00:00,FALSE,4099690978,ACTIVE,0.1024
MCH7996,Bhargava Llc,Medical & Health,5912,Private Limited,Amritsar,Punjab,TRUE,18-12-24 00:00,FALSE,BYTJ9061277350740,INACTIVE,830.56
MCH7997,Rattan Naik And Singh,Miscellaneous,5999,Individual,Poona,Maharashtra,TRUE,31-05-24 14:52,FALSE,MFLT0388804537888,ACTIVE,397.79
MCH8003,Tank Ltd,Retail & Groceries,5311,Proprietorship,Hyderabad,Telangana,TRUE,14-12-23 00:00,FALSE,RVNR6882512785280,ACTIVE,614.4
MCH8004,Hayre Agate,Miscellaneous,5999,Individual,Asr,Punjab,TRUE,10-01-25 20:15,FALSE,2751341092,INACTIVE,934.62
MCH8005,Kumar Ahluwalia And Thaman,Travel & Transport,4131,Proprietorship,Bengaluru,Karnataka,TRUE,30-06-25 00:00,FALSE,,ACTIVE,6211.56
MCH8007,Chaudhari Inc,Apparel & Fashion,5699,Proprietorship,Poona,Maharashtra,TRUE,26-11-25 16:25,FALSE,KFYF9189766472754,ACTIVE,1165.41
MCH8013,Thakkar Vohra,Books & Stationery,5942,Proprietorship,Bengaluru,Karnataka,TRUE,08-06-24 00:00,FALSE,8058369632,ACTIVE,975.635
MCH8014,Mukherjee Inc,Medical & Health,5912,Proprietorship,Jaipur,Rajasthan,TRUE,25-01-26 00:00,FALSE,,ACTIVE,702
MCH8018,Lad Plc,Retail & Groceries,54110,Private Limited,Kolkata,West Bengal,TRUE,27-03-25 00:00,TRUE,XXXX3019,ACTIVE,655.7
MCH8019,Chaudhry Naidu,Books & Stationery,5942,Private Limited,Jaipur,Rajasthan,FALSE,,FALSE,,ACTIVE,888.78
MCH8023,Char Gala,Apparel & Fashion,5699,Individual,Chennai,Tamil Nadu,TRUE,04-04-24 00:00,FALSE,PWFC1818550515264,ACTIVE,837.35
MCH8024,Banik Plc,Retail & Groceries,5411,Individual,Jalandhar,Punjab,TRUE,02-02-26 22:13,FALSE,OAOZ8994715452448,ACTIVE,1100.96
MCH8025,Karnik Hayer And Khalsa,Phone Service,4814,Partnership / LLP,Lucknow,Uttar Pradesh,TRUE,14-08-23 14:32,FALSE,4642162943,ACTIVE,1781.41
MCH8029,Gokhale Varughese And Dube,Retail,5311,Proprietorship,Hyd,Telangana,TRUE,21-12-25 00:00,FALSE,GRPS2021500015035,ACTIVE,0.973
MCH8031,Chokshi Ltd,Hotel & Lodging,7011,Individual,Hyd,Telangana,TRUE,26-07-25 00:00,FALSE,3288481391,ACTIVE,2110.06
MCH8032,Roy Ramesh,Apparel & Fashion,5699,Partnership / LLP,Bombay,Maharashtra,TRUE,24-05-25 00:00,FALSE,,ACTIVE,1773.07
MCH8033,Gole Group,Books & Stationery,59420,Private Limited,Jalandhar,Punjab,TRUE,22-05-25 00:00,FALSE,3271616033,ACTIVE,1372.74
MCH8035,Munshi Mani And Taneja,Retail Other,5999,Individual,Mumbai,Maharashtra,TRUE,08-02-25 00:00,FALSE,5547624355,ACTIVE,1269.15
MCH8036,Sarma Madan And Pandey,Medical & Health,5912,Partnership / LLP,Mumbai,Maharashtra,TRUE,12-07-25 21:56,FALSE,,ACTIVE,2055.77
MCH8037,Patla Balakrishnan,Phone Service,4814,Proprietorship,Pune,Maharashtra,TRUE,19-09-25 16:54,FALSE,4862107137,ACTIVE,327.35
MCH8038,Singh Baria And Kakar,Medical & Health,5912,Private Limited,Lucknow,Uttar Pradesh,TRUE,20-12-24 17:52,FALSE,5855829731,ACTIVE,1174.3
MCH8039,Kibe Brahmbhattandjaggi,Apparel & Fashion,5699,Proprietorship,Pune,Maharashtra,TRUE,28-10-24 00:00,FALSE,,ACTIVE,2282.53
MCH8043,Lalla Group,Retail & Groceries,5311,Private Limited,Ludhiana,Punjab,TRUE,31-07-24 00:00,FALSE,,ACTIVE,0.1064
MCH8044,Sant Nadkarni And Rajan,Retail & Groceries,5411,Individual,Blr,Karnataka,TRUE,13-10-24 07:30,FALSE,,ACTIVE,794.78
MCH8046,Muni Llc,Medical & Health,,Partnership / LLP,Mumbai,Maharashtra,TRUE,12-11-24 00:00,FALSE,GNMM4947998232253,ACTIVE,401.9
MCH8048,Kaul Master And Deo,Electronics & Tech,4814,Individual,Hyderabad,Telangana,TRUE,15-02-25 00:00,TRUE,XXXX6691,ACTIVE,2683.93
MCH8049,Balan Shah,Apparel & Fashion,5699,Private Limited,Lucknow,Uttar Pradesh,TRUE,09-04-24 00:00,FALSE,,ACTIVE,1036.37
MCH8050,Bora Oommen,Retail & Groceries,5311,Individual,Jalandhar,Punjab,TRUE,16-12-23 05:28,FALSE,YBIM5056880883544,ACTIVE,587.46
MCH8051,Saxena Kamdar And Kannan,Books & Stationery,5942,Partnership / LLP,New Delhi,Delhi,TRUE,17-10-24 00:00,FALSE,,ACTIVE,598.72
MCH8052,Mangat Ganesh,Travel & Transport,4131,Proprietorship,Calcutta,West Bengal,TRUE,05-01-24 09:32,FALSE,,ACTIVE,527.34
MCH8053,Chhabra Inc,Electronics & Tech,4814,Individual,Hyderabad,Telangana,TRUE,29-03-23 01:53,TRUE,XXXX7777,ACTIVE,1235.44
MCH8054,Kant Gara And Grewal,Travel & Transport,4131,Proprietorship,Chennai,Tamil Nadu,TRUE,12-12-24 00:00,FALSE,RGWT7200559316561,ACTIVE,1023.91
MCH8055,Gade Dani And Daya1,Food & Beverage,5812,Private Limited,Blr,Karnataka,TRUE,02-06-24 16:33,FALSE,VCUQ2055885788947,INACTIVE,1539.89
MCH8056,Pai Doshi And Nath,Electronics & Tech,4814,Private Limited,Lucknow,Uttar Pradesh,TRUE,26-05-24 00:00,FALSE,YMRE9652845311736,ACTIVE,581.34
MCH8057,Kalla Group,Medical & Health,59120,Proprietorship,Mumbai,Maharashtra,TRUE,29-08-25 00:00,FALSE,,ACTIVE,437.01
MCH8058,Jayaraman Pall And Goel,Medical & Health,5912,Partnership / LLP,Kolkata,West Bengal,TRUE,25-06-23 00:00,FALSE,DJCR4230820318730,ACTIVE,1476.23
MCH8059,Kapadia Plc,Electronics & Tech,4814,Proprietorship,Bombay,Maharashtra,TRUE,05-06-23 00:00,FALSE,,ACTIVE,263.96
MCH8060,Nayar Ahluwalia,Food & Beverage,5812,Private Limited,Pune,Maharashtra,TRUE,03-04-25 20:55,FALSE,6259970343,INACTIVE,2824.32
MCH8062,Randhawa Kata,Misc Retail,,Individual,Bombay,Maharashtra,TRUE,31-03-24 00:00,FALSE,,ACTIVE,0.1473
MCH8065,Gandhi Shanker,Travel & Transport,4131,Individual,Lucknow,Uttar Pradesh,TRUE,19-07-24 12:29,FALSE,9755596598,ACTIVE,674.4
MCH8066,Sane Shukla,Retail & Groceries,5411,Partnership / LLP,Amritsar,Punjab,TRUE,03-08-23 00:00,FALSE,222417187,ACTIVE,665.07
MCH8068,Narula Nadkarni,Transprt,41310,Private Limited,Bengaluru,Karnataka,TRUE,08-06-25 09:19,FALSE,ATPT6936183619498,ACTIVE,452.45
MCH8069,Memon Inc,Hotel & Lodging,7011,Individual,Amritsar,Punjab,TRUE,09-09-23 20:32,TRUE,XXXX8900,ACTIVE,557.54
MCH8073,Chaudhary Nori And Aggarwal,Electronics & Tech,4814,Private Limited,Bombay,Maharashtra,TRUE,08-04-23 00:00,FALSE,UFCA0209377639619,ACTIVE,2535.65
MCH8074,Prakash Bera,Electronics & Tech,4814,Individual,Jalandhar,Punjab,TRUE,12-04-24 00:00,FALSE,2437188894,ACTIVE,439.79
MCH8076,Sani Sanghvi And Butala,Retail & Groceries,5311,Individual,Ludhiana,Punjab,TRUE,02-07-24 00:00,FALSE,9096281984,ACTIVE,470.52
MCH8078,Thaman Ganguly,Medical & Health,5912,Proprietorship,Mumbai,Maharashtra,TRUE,12-07-23 00:00,FALSE,7715038972,ACTIVE,1158.31
MCH8080,Brar Plc,Electronics & Tech,4814,Individual,Pune,Maharashtra,TRUE,02-02-25 00:00,FALSE,,ACTIVE,0.1241
MCH8082,Contractor And Sons,Medical & Health,7011,Proprietorship,Amritsar,Punjab,TRUE,20-02-25 00:00,TRUE,XXXX4733,ACTIVE,4480.58
MCH8085,Verma Ramachandran,Books & Stationery,5942,Individual,Pune,Maharashtra,TRUE,22-10-25 00:00,FALSE,7310237630,ACTIVE,975.635
MCH8086,Kala Llc,Retail & Groceries,5411,Partnership / LLP,Jalandhar,Punjab,TRUE,29-12-24 00:00,TRUE,XXXX1156,ACTIVE,1335.85
MCH8091,Kata Mangat And Tiwari,Food & Beverage,5812,Partnership / LLP,Amritsar,Punjab,TRUE,18-09-23 00:00,FALSE,XDJG1975759254930,ACTIVE,723.01
MCH8093,Seth Bassi And Raman,Hotel & Lodging,7011,Partnership / LLP,Hyd,Telangana,TRUE,15-05-24 00:00,TRUE,XXXX3618,ACTIVE,1629.96
MCH8095,Saxena Llc,Apparel & Fashion,5699,Private Limited,Jaipur,Rajasthan,TRUE,16-08-24 00:00,FALSE,7415423811,ACTIVE,304.22
MCH8096,Srinivas Verma,Electronics & Tech,,Partnership / LLP,Bombay,Maharashtra,FALSE,,FALSE,,ACTIVE,2241.14
MCH8098,Sahni Bahri And Apte,Medical & Health,5912,Individual,Poona,Maharashtra,TRUE,27-08-25 08:34,TRUE,XXXX6599,ACTIVE,0.197
MCH8101,Jani Varghese And Barman,Apparel & Fashion,,Proprietorship,New Delhi,Delhi,FALSE,,FALSE,ZAGS9531645948920,ACTIVE,734.89
MCH8104,Chacko Group,Hotel & Lodging,7011,Private Limited,Bangalore,Karnataka,TRUE,02-01-24 09:22,FALSE,4591497253,ACTIVE,926.71
MCH8107,Ramachandran Ltd,Retail Other,5999,Partnership / LLP,Jaipur,Rajasthan,FALSE,,TRUE,XXXX9786,ACTIVE,1269.15
MCH8109,Nadkarni Sawhney And Singh,Medical & Health,5912,Partnership / LLP,New Delhi,Delhi,TRUE,28-04-24 00:00,FALSE,836014923,ACTIVE,0.5729
MCH8110,Kamdar Raval,Other,5999,Partnership / LLP,Lucknow,Uttar Pradesh,TRUE,13-07-23 00:00,FALSE,,ACTIVE,768.59
MCH8114,Raman Sandal And Bedi,Phone Service,4814,Individual,Jalandhar,Punjab,TRUE,08-02-24 00:00,FALSE,LFZC4951241506007,ACTIVE,1612.23
MCH8119,Subramanianandsons,Travel & Transport,4121,Proprietorship,Amritsar,Punjab,TRUE,14-06-23 00:00,FALSE,,ACTIVE,1285.93
MCH8125,Dar Plc,Retail & Groceries,5311,Partnership / LLP,Ludhiana,Punjab,TRUE,16-09-25 00:00,FALSE,VZMM0683609991755,ACTIVE,176.19
MCH8126,Saxena Mitra And Chada,Medical & Health,5912,Individual,Lucknow,Uttar Pradesh,TRUE,12-03-25 00:00,TRUE,XXXX5937,SUSPENDED,844.44
MCH8129,Devan Ramesh And 0Ak,Retail & Groceries,5311,Individual,Kolkata,West Bengal,TRUE,22-03-25 13:11,TRUE,XXXX5824,ACTIVE,0.294
MCH8130,Kale Kumer And Chand,Retail & Groceries,5411,Partnership / LLP,Ludhiana,Punjab,TRUE,05-02-26 04:03,FALSE,GYEV9276514828192,ACTIVE,419.61
MCH8131,Sekhon Agrawal,Other,5999,Private Limited,Kolkata,West Bengal,TRUE,15-05-23 00:00,FALSE,,INACTIVE,5430.66
MCH8132,Sami Balay,Apparel & Fashion,5699,Private Limited,Bengaluru,Karnataka,TRUE,20-08-25 00:20,TRUE,XXXX7576,ACTIVE,4139.52
MCH8135,Bhakta Plc,Miscellaneous,5999,Private Limited,Asr,Punjab,TRUE,04-09-24 00:00,FALSE,,ACTIVE,0.857
MCH8136,Bora Inc,Hotel & Lodging,7011,Proprietorship,Amritsar,Punjab,TRUE,27-10-25 00:00,TRUE,XXXX8920,INACTIVE,0.635
MCH8137,G0Pa1 Mahajan,Travel & Transport,4131,Partnership / LLP,Blr,Karnataka,TRUE,30-01-24 00:00,TRUE,XXXX2908,ACTIVE,561.1
MCH8138,Chaudhuri Varma,Retail & Groceries,5311,Individual,Chennai,Tamil Nadu,TRUE,05-12-25 00:00,FALSE,,ACTIVE,0.1502
MCH8139,Mani Kala And Verma,Retail & Groceries,5311,Individual,Asr,Punjab,TRUE,07-02-24 00:00,FALSE,6294042962,ACTIVE,2137.68
MCH8140,Chokshi Johal And Sachdeva,Food & Beverage,58120,Proprietorship,Calcutta,West Bengal,TRUE,24-08-24 20:09,FALSE,,ACTIVE,1136.04
MCH8142,Mane And Sons,Medical & Health,5912,Private Limited,Ludhiana,Punjab,TRUE,25-08-25 00:00,FALSE,WMPI8979622395583,ACTIVE,5955.63
MCH8145,Dhi110N Llc,Hotel & Lodging,7011,Private Limited,Chennai,Tamil Nadu,TRUE,12-10-25 00:00,FALSE,,ACTIVE,180.43
MCH8146,Bath Purohit,Books & Stationery,5942,Proprietorship,New Delhi,Delhi,TRUE,28-04-25 17:40,TRUE,XXXX1421,ACTIVE,5566.64
MCH8148,Sehgal Banik,Travel & Transport,41310,Proprietorship,Bengaluru,Karnataka,TRUE,27-01-24 00:00,FALSE,,ACTIVE,0.406
MCH8149,Chandran Mander And Parmar,Food & Beverage,5812,Partnership / LLP,Kolkata,West Bengal,FALSE,,FALSE,,ACTIVE,0.1378
MCH8150,Hegde Doctor,Medical & Health,5912,Partnership / LLP,Poona,Maharashtra,TRUE,02-11-23 00:00,FALSE,MNHK7085418913677,ACTIVE,0.143
MCH8151,Dalal Plc,Apparel & Fashion,5699,Individual,Jalandhar,Punjab,TRUE,01-08-24 20:15,FALSE,WQMC9295186993346,ACTIVE,0.12
MCH8152,Chaudhari Plc,Medical & Health,59120,Proprietorship,Jalandhar,Punjab,TRUE,24-07-23 20:56,FALSE,,ACTIVE,1648.01
MCH8154,Yohannan Plc,Travel & Transport,4121,Proprietorship,Jalandhar,Punjab,TRUE,26-06-23 00:00,FALSE,,SUSPENDED,998.6
MCH8157,Mahal Srinivas And Vasa,Medical & Health,,Proprietorship,New Delhi,Delhi,TRUE,09-10-24 09:16,FALSE,XFHS0358306861946,INACTIVE,1033.09
MCH8159,Grover Barad,Retail & Groceries,5411,Partnership / LLP,Chennai,Tamil Nadu,TRUE,18-12-24 00:00,FALSE,,SUSPENDED,768.97
MCH8160,Amble And Sons,Apparel & Fashion,56990,Individual,Jaipur,Rajasthan,TRUE,18-05-23 00:00,TRUE,XXXX4907,ACTIVE,5769.95
MCH8163,Sama Pant And Tara,Books & Stationery,,Private Limited,Lucknow,Uttar Pradesh,TRUE,13-06-25 00:00,FALSE,,ACTIVE,1638.28
MCH8164,Devan Basu And Buch,Food & Beverage,5812,Private Limited,New Delhi,Delhi,TRUE,26-04-23 00:00,FALSE,KRTZ4526793978232,ACTIVE,3036.35
MCH8165,Sandhu Saran And Dhar,Retail Other,5999,Proprietorship,Chennai,Tamil Nadu,TRUE,09-04-23 00:00,TRUE,XXXX2851,ACTIVE,1269.15
MCH8169,Kapur Prashad And Srinivasan,Miscellaneous,5999,Individual,Jaipur,Rajasthan,TRUE,03-11-24 00:00,TRUE,XXXX1277,ACTIVE,0.1294
MCH8170,Dyal Chadha And Shenoy,Phone Service,4814,Partnership / LLP,Hyd,Telangana,TRUE,15-12-24 00:00,FALSE,4344277649,ACTIVE,589.07
MCH8174,Bera Group,Retail & Groceries,5311,Private Limited,Pune,Maharashtra,TRUE,23-12-23 04:06,TRUE,XXXX5992,ACTIVE,1502.14
MCH8176,Bala Plc,Retail & Groceries,5311,Proprietorship,Hyderabad,Telangana,FALSE,,FALSE,,ACTIVE,0.3488
MCH8177,Soman Inc,Food & Beverage,5812,Private Limited,Calcutta,West Bengal,TRUE,03-04-24 04:33,TRUE,XXXX3095,ACTIVE,2423.6
MCH8181,Mall Chatterjee,Travel & Transport,4131,Individual,Amritsar,Punjab,FALSE,,FALSE,6803575158,ACTIVE,1624.73
MCH8187,Chada Mammen And Lanka,Travel & Transport,4131,Proprietorship,Ludhiana,Punjab,TRUE,03-06-25 00:00,FALSE,3255945345,ACTIVE,0.671
MCH8188,Ram Krish And Pai,Retail Other,5999,Partnership / LLP,Lucknow,Uttar Pradesh,TRUE,16-02-25 00:00,TRUE,XXXX6724,INACTIVE,734.28
MCH8189,Bajaj Sura,Travel & Transport,4131,Proprietorship,New Delhi,Delhi,TRUE,31-01-23 11:30,FALSE,,ACTIVE,1010.26
MCH8192,Oza Sant And Loke,Retail & Groceries,54110,Private Limited,Kolkata,West Bengal,TRUE,05-11-24 00:46,TRUE,XXXX6524,INACTIVE,0.408
MCH8197,Virk Venkataraman,Medical & Health,5912,Proprietorship,Kolkata,West Bengal,TRUE,03-01-24 00:00,FALSE,,ACTIVE,964.03
MCH8198,Buch Sengupta,Retail & Groceries,5311,Individual,Kolkata,West Bengal,TRUE,18-01-23 00:00,FALSE,,ACTIVE,2004.67
MCH8200,Rai Bhargava,Books & Stationery,5942,Proprietorship,Amritsar,Punjab,TRUE,19-07-23 00:00,FALSE,,ACTIVE,443.44
MCH8203,Lad Suresh,Other,,Partnership / LLP,Ludhiana,Punjab,TRUE,16-10-24 00:00,FALSE,YJQR4818378164787,ACTIVE,0.937
MCH8204,Bumb Bansal,Hotel & Lodging,7011,Private Limited,Jalandhar,Punjab,TRUE,13-10-25 17:19,FALSE,190035504,ACTIVE,1083.04
MCH8208,Tak Shankar,Hotel & Lodging,7011,Individual,Mumbai,Maharashtra,TRUE,18-03-24 07:08,FALSE,,ACTIVE,1309.39
MCH8209,Cheema Bansal And Comar,Apparel & Fashion,5699,Proprietorship,Ludhiana,Punjab,TRUE,27-12-23 00:00,FALSE,WBQV3675439647595,ACTIVE,0.6788
MCH8210,Dave Bath And Cherian,Travel & Transport,4131,Proprietorship,Hyderabad,Telangana,TRUE,04-10-25 00:00,FALSE,2958672318,ACTIVE,3204.47
MCH8211,Parekh Atwal,Retail & Groceries,54110,Private Limited,Jaipur,Rajasthan,TRUE,22-05-25 00:00,FALSE,9728363988,ACTIVE,1076.395
MCH8212,Taneja Ltd,Retail & Groceries,5311,Private Limited,Chennai,Tamil Nadu,TRUE,03-07-23 00:00,FALSE,,INACTIVE,2159.07
MCH8215,Brar Ramesh And Kaul,Retail & Groceries,5411,Partnership / LLP,Chennai,Tamil Nadu,TRUE,23-05-23 00:00,FALSE,DOZI8655958280664,INACTIVE,1544.34
MCH8219,Devi Group,Electronics & Tech,4814,Individual,Ludhiana,Punjab,TRUE,06-01-23 05:16,FALSE,,ACTIVE,0.198
MCH8220,Sarkar Plc,Retail & Groceries,54110,Private Limited,Poona,Maharashtra,TRUE,11-06-24 00:00,FALSE,,ACTIVE,142.34
MCH8221,Kala Bajaj,Books & Stationery,5942,Proprietorship,Bengaluru,Karnataka,FALSE,,FALSE,5133526509,ACTIVE,1133.63
MCH8225,Bedi Date,Other,,Private Limited,Poona,Maharashtra,TRUE,28-02-24 00:00,FALSE,6820537783,ACTIVE,2289.3
MCH8226,Das Subramanian,Other,5999,Partnership / LLP,Jaipur,Rajasthan,TRUE,26-03-24 00:00,FALSE,6578658444,ACTIVE,789.74
MCH8233,Patel Ltd,Retail & Groceries,5411,Partnership / LLP,Jalandhar,Punjab,TRUE,28-12-24 17:57,FALSE,,ACTIVE,1942.94
MCH8235,Konda Pillai,Books & Stationery,5942,Private Limited,Chennai,Tamil Nadu,TRUE,29-08-25 19:03,TRUE,XXXX2371,ACTIVE,921.33
MCH8238,Lala Seth And Tak,Apparel & Fashion,5699,Partnership / LLP,Jaipur,Rajasthan,TRUE,22-07-24 00:00,TRUE,XXXX3627,ACTIVE,952.06
MCH8239,Brahmbhatt 0Ak And Dhar,Retail & Groceries,5411,Partnership / LLP,Jaipur,Rajasthan,TRUE,19-05-25 21:53,FALSE,,ACTIVE,0.266
MCH8240,Sur Llc,Medical & Health,5912,Partnership / LLP,Lucknow,Uttar Pradesh,TRUE,10-08-25 00:00,FALSE,641477724,ACTIVE,1777.69
MCH8241,Mane Wagle And Ganesan,Retail & Groceries,5311,Partnership / LLP,Kolkata,West Bengal,TRUE,22-09-24 06:26,FALSE,GUGG0514416234988,ACTIVE,814.25
MCH8242,Choudhary Pall,Hotel & Lodging,7011,Private Limited,Ludhiana,Punjab,TRUE,27-06-23 07:50,TRUE,XXXX7286,ACTIVE,607.04
MCH8245,Dhillon Saran And Kalita,Hotel & Lodging,7011,Partnership / LLP,Ludhiana,Punjab,TRUE,06-09-25 00:00,FALSE,,ACTIVE,0.2778
MCH8247,Pandya Muni And Hora,Phone Service,48140,Partnership / LLP,Lucknow,Uttar Pradesh,TRUE,24-10-24 08:45,FALSE,ODLV2829878275215,ACTIVE,1396.47
MCH8253,Dutt Narain,Retail & Groceries,5411,Proprietorship,Hyderabad,Telangana,TRUE,15-04-24 01:54,TRUE,XXXX4097,ACTIVE,1104.19
MCH8255,Yadav Goyal And Sem,Apparel & Fashion,5699,Individual,Jalandhar,Punjab,TRUE,02-11-23 00:00,FALSE,3847429821,ACTIVE,2733.83
MCH8259,Lall Group,Books & Stationery,59420,Proprietorship,Jalandhar,Punjab,TRUE,13-04-23 00:00,FALSE,,ACTIVE,2667.52
MCH8261,Sridhar Manda And Arora,Food & Beverage,5812,Proprietorship,Jaipur,Rajasthan,TRUE,12-02-23 15:30,FALSE,,SUSPENDED,8032.44
MCH8262,Sanghvi Ltd,Retail & Groceries,54110,Proprietorship,Bengaluru,Karnataka,TRUE,10-06-24 00:00,FALSE,,ACTIVE,0.4676
MCH8263,Gara Kar And Raval,Apparel & Fashion,5699,Proprietorship,Chennai,Tamil Nadu,TRUE,21-07-25 16:32,FALSE,XLDI5037601996445,ACTIVE,1443.08
MCH8264,Hayer Pant And Suresh,Travel & Transport,4131,Private Limited,Jaipur,Rajasthan,TRUE,01-03-25 00:00,FALSE,WKHI8476650778332,ACTIVE,2906.17
MCH8268,Krishnamurthy Chopra,Books & Stationery,5942,Private Limited,Chennai,Tamil Nadu,TRUE,13-09-25 00:00,FALSE,9959196450,ACTIVE,1218.95
MCH8271,Konda Bawa,Apparel & Fashion,5699,Proprietorship,Chennai,Tamil Nadu,TRUE,05-10-23 00:57,FALSE,WSNV9244788716456,ACTIVE,1087.99
MCH8272,Kaur Barad And Sengupta,Retail & Groceries,5411,Partnership / LLP,Amritsar,Punjab,TRUE,04-11-23 00:00,FALSE,5098196386,ACTIVE,0.225
MCH8276,Kakar Handa And Sachdeva,Food & Beverage,5812,Proprietorship,Mumbai,Maharashtra,TRUE,23-09-25 00:00,TRUE,XXXX1898,ACTIVE,2410.37
MCH8277,Patil Goyal And Sarin,Medical & Health,5912,Individual,Asr,Punjab,TRUE,04-07-25 00:00,TRUE,XXXX6940,INACTIVE,1542.69
MCH8279,Lala Plc,Retail & Groceries,5411,Proprietorship,Chennai,Tamil Nadu,FALSE,,FALSE,,ACTIVE,416
MCH8281,Krishnan Kuruvilla,Hotel & Lodging,7011,Individual,Chennai,Tamil Nadu,TRUE,16-01-24 23:49,FALSE,5487927446,ACTIVE,1408.93
MCH8283,Nadkarni Llc,Travel & Transport,4131,Private Limited,Kolkata,West Bengal,TRUE,26-10-23 00:00,TRUE,XXXX9874,ACTIVE,731.97
MCH8286,Chadha Chaudhari And Edwin,Medical & Health,5912,Private Limited,Hyderabad,Telangana,TRUE,09-08-23 00:00,TRUE,XXXX2952,ACTIVE,1828.46
MCH8288,Kakar Sood,Retail & Groceries,5311,Private Limited,Blr,Karnataka,TRUE,04-05-24 00:00,FALSE,1654192370,ACTIVE,1556.66
MCH8289,Ch0Udhury Chakrabarti And Kha1Sa,Travel & Transport,4131,Proprietorship,Lucknow,Uttar Pradesh,TRUE,10-06-23 00:00,FALSE,1750486763,ACTIVE,954.52
MCH8291,Walia Inc,Hotel & Lodging,7011,Private Limited,Ludhiana,Punjab,TRUE,01-04-23 19:11,FALSE,,ACTIVE,1898.37
MCH8295,Mammen Llc,Miscellaneous,5999,Private Limited,Chennai,Tamil Nadu,TRUE,04-11-24 00:00,TRUE,XXXX0713,ACTIVE,1554.58
MCH8296,Gara Inc,Retail & Groceries,5411,Partnership / LLP,Jalandhar,Punjab,TRUE,16-07-25 16:55,FALSE,MFEL4687001236835,ACTIVE,1076.395
MCH8297,Ghose Plc,Travel & Transport,4131,Partnership / LLP,Kolkata,West Bengal,TRUE,02-12-24 00:00,TRUE,XXXX1368,ACTIVE,1408.64
MCH8299,Garde Plc,Food & Beverage,5812,Partnership / LLP,Jaipur,Rajasthan,TRUE,06-01-23 00:00,FALSE,,ACTIVE,1496.13
MCH8306,Magar Gaba,Travel & Transport,4131,Private Limited,New Delhi,Delhi,TRUE,22-11-25 00:00,FALSE,,INACTIVE,840.15
MCH8308,Thakkar Plc,Hotel & Lodging,,Proprietorship,Mumbai,Maharashtra,TRUE,06-06-23 21:51,FALSE,LHVQ2811292052937,ACTIVE,0.1612
MCH8310,Chakraborty Ltd,Travel & Transport,4131,Individual,New Delhi,Delhi,TRUE,02-01-26 00:00,FALSE,5355342816,ACTIVE,1287.03
MCH8312,Ramanathan Andra And Sarma,Medical & Health,5912,Partnership / LLP,Lucknow,Uttar Pradesh,TRUE,20-02-23 00:00,TRUE,XXXX8360,ACTIVE,1966.71
MCH8314,Chawla Mander,Travel & Transport,4131,Partnership / LLP,Kolkata,West Bengal,TRUE,07-09-24 00:00,FALSE,PBDO0323494203428,ACTIVE,93.33
MCH8316,Nagi Plc,Food & Beverage,5812,Private Limited,Chennai,Tamil Nadu,TRUE,23-09-23 00:00,TRUE,XXXX1199,ACTIVE,1504.17
MCH8324,Golla Chaudhuri,Medical & Health,7011,Private Limited,Jalandhar,Punjab,TRUE,06-04-25 00:00,FALSE,,ACTIVE,1030
MCH8325,Sarin Inc,Miscellaneous,59990,Individual,Amritsar,Punjab,TRUE,19-03-25 00:00,FALSE,1450425498,ACTIVE,1640.03
MCH8326,Bassi Lalla And Sastry,Retail & Groceries,5411,Individual,Amritsar,Punjab,TRUE,30-12-25 00:00,TRUE,XXXX1031,ACTIVE,0.1031
MCH8327,Men0N Ltd,Miscellaneous,,Individual,Bengaluru,Karnataka,TRUE,18-06-23 18:05,FALSE,,INACTIVE,1670.04
MCH8328,Raman Dass,Retail & Groceries,5411,Partnership / LLP,Jalandhar,Punjab,TRUE,29-09-24 00:00,FALSE,,ACTIVE,2484.83
MCH8329,Halder Panchal And Pandit,Retail Other,,Individual,Lucknow,Uttar Pradesh,TRUE,07-10-25 00:00,TRUE,XXXX8898,ACTIVE,0.422
MCH8330,Trivedi Shan,Food & Beverage,5812,Partnership / LLP,Hyderabad,Telangana,TRUE,11-05-24 18:16,FALSE,2548494928,ACTIVE,4115.86
MCH8331,Yogi Inc,Retail Other,5999,Proprietorship,Blr,Karnataka,TRUE,07-05-25 00:00,FALSE,,ACTIVE,1372.86
MCH8332,Sethi Buch And Sachdeva,Medical & Health,70110,Individual,Hyderabad,Telangana,TRUE,04-05-25 00:00,FALSE,,ACTIVE,1666.61
MCH8334,Rai Bandiandjayaraman,Travel & Transport,4121,Partnership / LLP,Kolkata,West Bengal,TRUE,17-08-24 14:07,FALSE,MJDT6229880746794,ACTIVE,3117.64
MCH8335,Bhatti Keer,Retail,,Proprietorship,Hyderabad,Telangana,TRUE,03-06-24 00:00,FALSE,,INACTIVE,1335.83
MCH8337,Padmanabhan Nanda,Misc Retail,5999,Individual,Blr,Karnataka,TRUE,20-08-24 08:14,FALSE,OIGZ3615629643358,ACTIVE,694.67
MCH8338,Basu Ltd,Food & Beverage,5812,Private Limited,Pune,Maharashtra,TRUE,21-06-25 00:00,TRUE,XXXX2977,ACTIVE,279.5
MCH8341,Jha Ltd,Electronics & Tech,4814,Private Limited,Chennai,Tamil Nadu,TRUE,07-02-23 18:23,TRUE,XXXX7449,ACTIVE,2211.95
MCH8344,Purohit Ravi,Retail & Groceries,53110,Private Limited,Pune,Maharashtra,TRUE,04-09-23 21:29,FALSE,,ACTIVE,337.58
MCH8345,Srinivas Bali And Bhatt,Hotel & Lodging,7011,Proprietorship,Jalandhar,Punjab,TRUE,08-02-23 02:01,FALSE,,ACTIVE,1909.16
MCH8346,Sane Ben,Misc Retail,5999,Private Limited,Kolkata,West Bengal,TRUE,03-04-24 00:00,FALSE,IXCA8152224460445,ACTIVE,2955.96
MCH8352,Tailor And Sons,Hotel & Lodging,70110,Proprietorship,Lucknow,Uttar Pradesh,TRUE,11-06-24 00:00,FALSE,,ACTIVE,1393.59
MCH8355,Chacko D’Alia,Retail & Groceries,5311,Private Limited,Bangalore,Karnataka,TRUE,14-08-24 00:00,FALSE,ZJXY9541779110030,INACTIVE,413.17
MCH8358,Sarna Singh,Apparel & Fashion,5699,Proprietorship,Asr,Punjab,TRUE,16-12-25 19:12,TRUE,XXXX7799,SUSPENDED,1645.07
MCH8363,Salvi Group,Hotel & Lodging,7011,Proprietorship,Lucknow,Uttar Pradesh,TRUE,20-11-24 00:00,FALSE,,ACTIVE,833.32
MCH8364,Kataplc,Medical & Health,5912,Individual,Bombay,Maharashtra,TRUE,21-11-23 12:44,FALSE,,ACTIVE,753.31
MCH8365,Banik Plc,Miscellaneous,5999,Private Limited,Jalandhar,Punjab,TRUE,11-01-24 00:00,TRUE,XXXX2609,ACTIVE,0.3523
MCH8369,Samra Radhakrishnan,Apparel & Fashion,5699,Proprietorship,Bengaluru,Karnataka,TRUE,18-03-24 13:50,FALSE,IECA0291676472161,ACTIVE,2175.82
MCH8370,Tandon Khosla,Travel & Transport,4131,Partnership / LLP,Hyderabad,Telangana,TRUE,15-09-24 22:48,FALSE,2595692413,ACTIVE,0.574
MCH8372,Parsa Chokshi,Electronics & Tech,4814,Private Limited,Amritsar,Punjab,TRUE,02-10-23 09:57,TRUE,XXXX0623,ACTIVE,714.9
MCH8374,Nadig Batra,Apparel & Fashion,5699,Partnership / LLP,Asr,Punjab,TRUE,21-02-24 17:20,FALSE,VELJ0567478440820,ACTIVE,831.77
MCH8377,Agate Suresh And Bahri,Retail & Groceries,5311,Individual,Hyderabad,Telangana,TRUE,02-05-24 00:00,TRUE,XXXX2261,ACTIVE,1519.49
MCH8379,Deep Group,Books & Stationery,5942,Private Limited,Kolkata,West Bengal,TRUE,29-01-26 00:00,TRUE,XXXX9737,SUSPENDED,0.469
MCH8380,Gola Bal,Phone Service,48140,Individual,Hyderabad,Telangana,TRUE,14-10-25 05:29,TRUE,XXXX2229,ACTIVE,3345.73
MCH8384,Tella Batra And Baral,Retail & Groceries,5311,Individual,Jalandhar,Punjab,TRUE,04-08-23 00:00,FALSE,,ACTIVE,1076.395
MCH8385,Thaker Hegde,Food & Beverage,5812,Partnership / LLP,Amritsar,Punjab,TRUE,14-05-24 00:00,FALSE,,ACTIVE,2913.48
MCH8389,Thaman Group,Food & Beverage,,Individual,Mumbai,Maharashtra,TRUE,17-02-24 16:36,TRUE,XXXX0828,ACTIVE,1716.78
MCH8390,Thakkar Babu And Nagi,Transprt,41310,Private Limited,Hyd,Telangana,TRUE,25-03-24 00:00,TRUE,XXXX7354,ACTIVE,2159.57
MCH8391,Talwar Bhasin,Apparel & Fashion,,Individual,Ludhiana,Punjab,TRUE,21-10-25 00:00,FALSE,9793728885,ACTIVE,0.2052
MCH8393,Salvi Llc,Hotel & Lodging,7011,Partnership / LLP,Jalandhar,Punjab,TRUE,18-10-24 00:00,TRUE,XXXX4953,ACTIVE,1230
MCH8399,La11A Wadhwa And Bhardwaj,Food & Beverage,,Private Limited,Kolkata,West Bengal,TRUE,05-09-25 20:30,TRUE,XXXX6906,ACTIVE,1773.81
MCH8400,Banerjee Inc,Food & Beverage,5812,Proprietorship,Lucknow,Uttar Pradesh,FALSE,,FALSE,,ACTIVE,958.85
MCH8401,Pandey Plc,Medical & Health,,Partnership / LLP,Chennai,Tamil Nadu,TRUE,09-09-25 00:00,FALSE,328253862,INACTIVE,0.625
MCH8405,Roy Ltd,Apparel & Fashion,,Private Limited,Kolkata,West Bengal,TRUE,13-02-23 22:05,FALSE,MAGL2579020752689,INACTIVE,1147.53
MCH8407,Dey Group,Travel & Transport,4131,Individual,Lucknow,Uttar Pradesh,TRUE,10-07-24 00:00,FALSE,,ACTIVE,2726.27
MCH8409,Dua Naidu And Agate,Travel & Transport,4131,Individual,Mumbai,Maharashtra,TRUE,05-09-24 14:57,FALSE,,ACTIVE,1474.83
MCH8410,Kade Llc,Retail & Groceries,5411,Partnership / LLP,Lucknow,Uttar Pradesh,TRUE,08-11-24 00:00,FALSE,5959501337,ACTIVE,893.08
MCH8411,Chopra Group,Food & Beverage,5812,Private Limited,Jalandhar,Punjab,TRUE,01-01-23 00:00,FALSE,,ACTIVE,1067.4
MCH8412,Sachdeva Mutti,Retail & Groceries,5311,Private Limited,Bengaluru,Karnataka,TRUE,01-03-23 00:00,FALSE,,ACTIVE,2327.41
MCH8413,Mammen Parmerandchandra,Electronics & Tech,4814,Proprietorship,Bangalore,Karnataka,TRUE,19-03-24 00:00,FALSE,,ACTIVE,393.94
MCH8416,Bal Kant And Gola,Retail & Groceries,5411,Private Limited,Chennai,Tamil Nadu,TRUE,31-03-25 00:00,TRUE,XXXX9605,ACTIVE,5069.39
MCH8417,Bhalla Batta,Retail & Groceries,5311,Partnership / LLP,Bengaluru,Karnataka,TRUE,07-07-25 16:05,FALSE,,ACTIVE,544.37
MCH8418,Jaggi Inc,Hotel & Lodging,7011,Individual,Pune,Maharashtra,TRUE,12-01-23 00:00,FALSE,5753448100,ACTIVE,1654.02
MCH8419,Nigam Inc,Phone Service,4814,Proprietorship,Asr,Punjab,TRUE,01-10-25 08:52,FALSE,WLCE4900884368712,ACTIVE,462.51
MCH8421,Wali Chowdhury And Barman,Food & Beverage,5812,Private Limited,Bengaluru,Karnataka,TRUE,10-08-23 02:41,FALSE,7007867420,ACTIVE,966.94
MCH8422,Kakar Bera,Apparel & Fashion,56990,Proprietorship,Amritsar,Punjab,TRUE,03-10-25 00:00,TRUE,XXXX1336,ACTIVE,661.76
MCH8423,Balasubramanian And Sons,Retail & Groceries,5411,Private Limited,Bombay,Maharashtra,TRUE,26-01-25 00:00,FALSE,5080169849,ACTIVE,1838.16
MCH8425,Bhatnagar Comarandhans,Hotel & Lodging,7011,Individual,Jalandhar,Punjab,TRUE,06-12-25 00:00,FALSE,NAVX0262232106872,ACTIVE,637.53
MCH8427,Lad Vora,Books & Stationery,5942,Private Limited,Jalandhar,Punjab,TRUE,30-03-25 00:00,FALSE,YVUE5995024073682,SUSPENDED,815.94
MCH8428,Keer Batra And Kapadia,Hotel & Lodging,7011,Partnership / LLP,Jalandhar,Punjab,TRUE,19-08-24 14:22,FALSE,,ACTIVE,2475.47
MCH8431,Bala Group,Travel & Transport,4131,Individual,Ludhiana,Punjab,TRUE,02-05-25 00:00,TRUE,XXXX7030,ACTIVE,964.23
MCH8432,Lad Inc,Books & Stationery,5942,Private Limited,Dilli,Delhi,TRUE,07-10-24 00:00,FALSE,FRLI9065794513387,ACTIVE,394.7
MCH8433,Gill Taneja And Bhardwaj,Retail & Groceries,5411,Individual,Lucknow,Uttar Pradesh,TRUE,12-05-23 00:00,FALSE,9035895384,SUSPENDED,5465.01
MCH8435,Bajwa Sandhu,Apparel & Fashion,5699,Individual,Jaipur,Rajasthan,TRUE,11-08-24 00:00,FALSE,XRHA7493996842867,ACTIVE,5825.04
MCH8436,Seshadri Minhas And Subramanian,Electronics & Tech,4814,Individual,New Delhi,Delhi,TRUE,21-12-25 00:00,TRUE,XXXX8739,ACTIVE,1427.93
MCH8437,Sinha Llc,Hotel & Lodging,7011,Proprietorship,Kolkata,West Bengal,TRUE,04-12-25 08:30,FALSE,,ACTIVE,761.27
MCH8439,Bala And Sons,Medical & Health,5912,Individual,Jalandhar,Punjab,TRUE,14-09-24 00:00,FALSE,,ACTIVE,1591.75
MCH8440,Chacko Natarajan And Menon,Other,5999,Individual,Mumbai,Maharashtra,TRUE,19-01-25 00:00,FALSE,,ACTIVE,775.41
MCH8445,Chand Inc,Miscellaneous,5999,Partnership / LLP,Jaipur,Rajasthan,TRUE,27-12-25 10:31,FALSE,,ACTIVE,2873.41
MCH8446,Pingle Inc,Medical & Health,5912,Individual,Jalandhar,Punjab,TRUE,11-02-24 09:35,FALSE,IMWK0138526461627,ACTIVE,1069
MCH8448,Roy Parekh And Ratti,Hotel & Lodging,7011,Private Limited,Jaipur,Rajasthan,TRUE,25-07-24 22:15,FALSE,,ACTIVE,364.74
MCH8449,Mani Ramachandran,Medical & Health,5912,Partnership / LLP,New Delhi,Delhi,TRUE,27-12-24 07:20,TRUE,XXXX6183,ACTIVE,461.73
MCH8450,Singhal Llc,Miscellaneous,,Private Limited,Jaipur,Rajasthan,TRUE,18-07-23 00:00,FALSE,HPUX4362247724149,ACTIVE,2472.47
MCH8451,Kala Pradhan And Hayre,Food & Beverage,5812,Partnership / LLP,Hyderabad,Telangana,TRUE,14-06-24 00:00,FALSE,9996900448,ACTIVE,1874.56
MCH8453,Jaggi Saxena And Ratta,Retail & Groceries,5411,Partnership / LLP,Amritsar,Punjab,TRUE,19-11-23 00:00,FALSE,,ACTIVE,599.17
MCH8455,Chauhan Raju,Retail & Groceries,5311,Private Limited,Poona,Maharashtra,TRUE,29-03-23 00:00,FALSE,5585488676,ACTIVE,1832.78
MCH8456,Srinivasan And Sons,Retail & Groceries,5411,Individual,Jalandhar,Punjab,TRUE,03-04-23 13:45,TRUE,XXXX9275,ACTIVE,0.3454
MCH8460,Luthra Plc,Retail & Groceries,,Private Limited,Jaipur,Rajasthan,TRUE,10-03-23 19:52,TRUE,XXXX0930,ACTIVE,2927.81
MCH8464,Kapadia Sarin And Bhargava,Retail & Groceries,5411,Proprietorship,Ludhiana,Punjab,TRUE,19-07-24 17:44,FALSE,,ACTIVE,1536.1
MCH8466,Dani Plc,Retail Other,5999,Proprietorship,Lucknow,Uttar Pradesh,TRUE,20-11-24 00:00,FALSE,971517189,ACTIVE,1946.42
MCH8467,Tara Nagi And Keer,Retail & Groceries,5411,Proprietorship,Chennai,Tamil Nadu,TRUE,06-08-24 00:00,FALSE,YVFX0584692360896,INACTIVE,3292.09
MCH8470,Garg Suri And Sagar,Apparel & Fashion,5699,Individual,Ludhiana,Punjab,TRUE,19-11-23 00:00,FALSE,,ACTIVE,1036.37
MCH8472,Guha Sandhu,Phone Service,48140,Partnership / LLP,Amritsar,Punjab,FALSE,,FALSE,,ACTIVE,1828.57
MCH8473,Tella Dara And Krish,Phone Service,4814,Private Limited,Mumbai,Maharashtra,TRUE,21-06-25 06:51,FALSE,,ACTIVE,320.84
MCH8475,Karpe Iyer And Gole,Books & Stationery,5942,Private Limited,Bengaluru,Karnataka,TRUE,20-04-25 00:00,FALSE,,ACTIVE,2426.04
MCH8480,Doshi Sarin,Travel & Transport,4131,Individual,Pune,Maharashtra,TRUE,02-07-23 00:00,FALSE,,ACTIVE,1310.85
MCH8481,Dixit Geraandgara,Travel & Transport,4131,Proprietorship,Jaipur,Rajasthan,FALSE,,FALSE,COTV7157526007969,ACTIVE,1730.88
MCH8484,Grover Swamy And Johal,Medical & Health,5912,Private Limited,Kolkata,West Bengal,TRUE,17-08-23 22:00,FALSE,,SUSPENDED,1273.08
MCH8489,Mand And Sons,Hotel & Lodging,7011,Individual,Poona,Maharashtra,TRUE,24-08-25 00:00,TRUE,XXXX8251,ACTIVE,2744.11
MCH8490,Sekhon Chadha,Apparel & Fashion,5699,Proprietorship,Dilli,Delhi,TRUE,28-06-24 00:00,TRUE,XXXX6195,INACTIVE,694.05
MCH8492,Narayan Gr0Up,Electronics & Tech,4814,Individual,Calcutta,West Bengal,FALSE,,TRUE,XXXX3928,INACTIVE,1021.355
MCH8493,Buch Inc,Medical & Health,5912,Individual,Chennai,Tamil Nadu,TRUE,17-01-25 02:45,FALSE,YMCT2319815382495,ACTIVE,2394.24
MCH8496,Sandhu Plc,Books & Stationery,5942,Partnership / LLP,Hyderabad,Telangana,TRUE,01-10-25 19:16,FALSE,PCDO3725942171870,ACTIVE,975.635
MCH8497,Pandey Dutta And Thakkar,Food & Beverage,5812,Private Limited,New Delhi,Delhi,TRUE,18-09-25 03:34,FALSE,266895023,ACTIVE,802
MCH8501,Koshy Mukherjee,Hotel & Lodging,7011,Partnership / LLP,Hyderabad,Telangana,TRUE,21-08-23 00:00,FALSE,,ACTIVE,3180.8
MCH8504,Kohli Plc,Retail & Groceries,5411,Proprietorship,Chennai,Tamil Nadu,TRUE,05-05-25 19:30,FALSE,5858195769,ACTIVE,977.26
MCH8505,Kamdar Ghosh,Books & Stationery,5942,Private Limited,Jaipur,Rajasthan,TRUE,02-08-23 00:00,TRUE,XXXX4333,ACTIVE,517.98
MCH8506,Handa Sahni And Sawhney,Electronics & Tech,4814,Partnership / LLP,Hyderabad,Telangana,TRUE,12-01-26 00:00,FALSE,,ACTIVE,0.339
MCH8508,Iyengar Gillandtella,Other,59990,Private Limited,Chennai,Tamil Nadu,TRUE,12-12-23 06:59,FALSE,,ACTIVE,1985.47
MCH8509,Merchant Kalita,Retail & Groceries,5411,Private Limited,Hyderabad,Telangana,TRUE,11-02-25 00:00,FALSE,5703041030,ACTIVE,329.11
MCH8511,Bhattacharyya Llc,Travel & Transport,4131,Proprietorship,Kolkata,West Bengal,TRUE,13-09-25 17:14,FALSE,5718101424,ACTIVE,1377.4
MCH8512,Luthra Bhasin,Travel & Transport,4131,Proprietorship,Lucknow,Uttar Pradesh,TRUE,22-07-25 00:00,FALSE,,ACTIVE,2579.73
MCH8517,Bandi Bir And Buch,Medical & Health,5912,Individual,Dilli,Delhi,TRUE,12-05-25 00:00,TRUE,XXXX8958,ACTIVE,2544.34
MCH8518,Srivastava Parsa,Apparel & Fashion,5699,Individual,Jaipur,Rajasthan,TRUE,11-09-24 00:00,FALSE,,ACTIVE,191.84
MCH8521,Sankaran Mangat And Gaba,Retail & Groceries,5311,Proprietorship,Dilli,Delhi,TRUE,24-11-24 00:00,FALSE,MNDO2443340838612,ACTIVE,1028.11
MCH8525,Bah1 Mangat,Hotel & Lodging,7011,Individual,Mumbai,Maharashtra,TRUE,27-03-25 07:27,FALSE,,ACTIVE,444.54
MCH8527,Varkey Chacko And Sarraf,Retail & Groceries,5411,Private Limited,New Delhi,Delhi,TRUE,20-07-25 12:37,FALSE,,ACTIVE,128.48
MCH8529,Prakash Sharaf,Phone Service,4814,Partnership / LLP,Asr,Punjab,TRUE,30-10-24 00:00,TRUE,XXXX5799,INACTIVE,2061.7
MCH8530,Chopra Khanna,Retail & Groceries,5311,Partnership / LLP,Hyderabad,Telangana,FALSE,,FALSE,,ACTIVE,442.28
MCH8536,Boase Plc,Electronics & Tech,,Partnership / LLP,Bombay,Maharashtra,TRUE,23-10-24 00:00,FALSE,,ACTIVE,3149.45
MCH8537,Sunder Llc,Travel & Transport,4131,Private Limited,Chennai,Tamil Nadu,TRUE,16-09-25 00:00,FALSE,FNGX1491502830694,ACTIVE,1072.34
MCH8539,Arya Char,Apparel & Fashion,5699,Proprietorship,Chennai,Tamil Nadu,TRUE,07-10-25 09:25,TRUE,XXXX4751,ACTIVE,3012.9
MCH8540,Tiwari Ltd,Other,5999,Proprietorship,Jaipur,Rajasthan,TRUE,27-06-24 07:54,FALSE,,ACTIVE,872.49
MCH8545,Taneja And Sons,Retail & Groceries,5411,Private Limited,Jaipur,Rajasthan,TRUE,06-07-25 00:00,FALSE,,ACTIVE,0.1926
MCH8546,Jani Plc,Retail & Groceries,5311,Partnership / LLP,Calcutta,West Bengal,TRUE,21-09-24 00:00,FALSE,,ACTIVE,1691.74
MCH8548,Karpe Ltd,Food & Beverage,5812,Partnership / LLP,New Delhi,Delhi,FALSE,,FALSE,,ACTIVE,0.699
MCH8549,Amb1E Sangha And C0Mar,Electronics & Tech,4814,Individual,Ludhiana,Punjab,TRUE,12-01-26 00:00,TRUE,XXXX7799,ACTIVE,1130.69
MCH8550,Nayar Ltd,Phone Service,,Partnership / LLP,Jalandhar,Punjab,TRUE,09-01-24 17:54,FALSE,CEPK3792011478067,ACTIVE,1649.78
MCH8551,Sule Ganesh,Apparel & Fashion,5699,Individual,Kolkata,West Bengal,TRUE,15-03-23 04:50,FALSE,ILTD6256269158206,ACTIVE,1452.12
MCH8552,Manne Manda And Toor,Travel & Transport,4131,Proprietorship,Pune,Maharashtra,TRUE,19-08-23 00:00,FALSE,,ACTIVE,1023.91
MCH8553,Kumar And Sons,Retail & Groceries,54110,Partnership / LLP,Jalandhar,Punjab,TRUE,15-11-25 00:00,FALSE,,ACTIVE,1412.27
MCH8554,Mangat Plc,Miscellaneous,5999,Proprietorship,Mumbai,Maharashtra,TRUE,03-04-23 00:00,FALSE,,ACTIVE,934.62
MCH8555,Ar0Ra Plc,Other,59990,Private Limited,New Delhi,Delhi,TRUE,15-04-23 00:00,FALSE,9465965379,ACTIVE,0.1643
MCH8556,Rout Dhillon And Sinha,Books & Stationery,5942,Proprietorship,Jaipur,Rajasthan,TRUE,05-04-23 17:49,FALSE,,ACTIVE,975.635
MCH8558,Dutt Tailor,Retail,5311,Proprietorship,Amritsar,Punjab,TRUE,29-12-24 00:00,FALSE,,ACTIVE,857.14
MCH8559,Gokhale Dugal And Pradhan,Food & Beverage,5812,Private Limited,Pune,Maharashtra,TRUE,07-09-23 00:00,FALSE,,SUSPENDED,2171.47
MCH8561,Swaminathan Sa1Vi And Kant,Apparel & Fashion,5699,Private Limited,Bombay,Maharashtra,TRUE,19-04-25 00:00,FALSE,PNGX7339881598856,ACTIVE,4447.81
MCH8562,Radhakrishnan Apte,Food & Beverage,5812,Private Limited,Chennai,Tamil Nadu,TRUE,12-04-23 06:47,FALSE,,ACTIVE,0.1647
MCH8563,Sen Saxena And Chopra,Retail & Groceries,5411,Proprietorship,Poona,Maharashtra,TRUE,18-12-25 00:00,TRUE,XXXX7720,ACTIVE,1384.68
MCH8565,Mammen Modi And Sankar,Food & Beverage,5812,Proprietorship,Jaipur,Rajasthan,TRUE,27-07-24 21:42,FALSE,,ACTIVE,609.89
MCH8566,Magar Kota,Transprt,4131,Partnership / LLP,Asr,Punjab,TRUE,01-03-26 12:47,FALSE,,ACTIVE,1353.18
MCH8568,Krishna Agrawal,Electronics & Tech,4814,Partnership / LLP,Kolkata,West Bengal,TRUE,25-10-24 03:43,FALSE,7283032727,ACTIVE,412.1
MCH8569,Tara Ltd,Food & Beverage,5812,Individual,Lucknow,Uttar Pradesh,TRUE,18-11-25 04:42,FALSE,,ACTIVE,1022.19
MCH8570,Reddy Ltd,Books & Stationery,5942,Partnership / LLP,Hyderabad,Telangana,TRUE,28-03-23 00:00,FALSE,4219980172,ACTIVE,528.1
MCH8571,Garde Toor And Malhotra,Phone Service,4814,Partnership / LLP,Amritsar,Punjab,TRUE,31-05-23 00:00,FALSE,,ACTIVE,266.55
MCH8572,Sheth Sethandkulkarni,Phone Service,4814,Individual,Jaipur,Rajasthan,TRUE,15-01-26 00:00,FALSE,AQKO8183766323405,ACTIVE,0.4326
MCH8574,Vohra Group,Medical & Health,5912,Individual,Jaipur,Rajasthan,TRUE,04-02-26 00:00,FALSE,NSHE9263060444640,INACTIVE,746.57
MCH8575,Doctor Merchant And Bhatti,Electronics & Tech,4814,Partnership / LLP,Calcutta,West Bengal,TRUE,18-04-24 00:00,FALSE,,ACTIVE,2693.45
MCH8578,Bhatt Llc,Transprt,4131,Proprietorship,Poona,Maharashtra,TRUE,26-08-23 23:42,FALSE,QYMF1422119480722,ACTIVE,2462.04
MCH8579,Om Llc,Retail & Groceries,5311,Proprietorship,Blr,Karnataka,TRUE,10-05-24 00:00,FALSE,IKJV1180612753786,ACTIVE,3034.67
MCH8581,Sundaram Sekhon And Andra,Hotel & Lodging,7011,Partnership / LLP,Jalandhar,Punjab,TRUE,14-11-24 00:00,FALSE,,ACTIVE,953.97
MCH8588,Kala Kant And Gola,Travel & Transport,4121,Individual,Chennai,Tamil Nadu,TRUE,24-11-25 00:00,FALSE,5957904984,ACTIVE,1023.91
MCH8591,Dutta And Sons,Misc Retail,5999,Individual,Kolkata,West Bengal,TRUE,02-02-25 00:00,TRUE,XXXX4892,ACTIVE,2731.17
MCH8592,Venkatesh Brahmbhatt,Books & Stationery,5942,Private Limited,Bengaluru,Karnataka,TRUE,29-11-23 06:07,TRUE,XXXX8568,ACTIVE,2914.59
MCH8597,Hayre Badami,Food & Beverage,5812,Private Limited,Amritsar,Punjab,TRUE,26-05-23 00:00,TRUE,XXXX4723,ACTIVE,1847.81
MCH8598,Raghavan Nadig And Karpe,Food & Beverage,5812,Proprietorship,Pune,Maharashtra,TRUE,16-06-24 14:32,TRUE,XXXX2019,ACTIVE,1385.16
MCH8600,Kalita Bains And Gandhi,Food & Beverage,5812,Proprietorship,New Delhi,Delhi,TRUE,06-07-24 00:00,FALSE,RRYJ6587686551997,ACTIVE,0.855
MCH8601,Chahal Parekh,Food & Beverage,5812,Private Limited,Asr,Punjab,TRUE,20-02-25 00:00,FALSE,SPNT7219401023773,ACTIVE,600.58
MCH8602,Raghavan Ah1Uwa1Ia,Retail & Groceries,5411,Individual,Chennai,Tamil Nadu,TRUE,19-01-23 00:00,FALSE,,ACTIVE,292.78
MCH8603,Mane Ltd,Food & Beverage,5812,Proprietorship,Ludhiana,Punjab,TRUE,01-04-23 16:26,FALSE,9861979521,ACTIVE,258.46
MCH8606,Prabhakar Ltd,Books & Stationery,5942,Partnership / LLP,Mumbai,Maharashtra,TRUE,25-11-24 22:32,FALSE,,ACTIVE,602.72
MCH8607,Sachdeva Dutta,Electronics & Tech,4814,Partnership / LLP,Jalandhar,Punjab,TRUE,16-02-26 21:14,FALSE,HBCE1328673504211,ACTIVE,699.07
MCH8610,Pandey And Sons,Retail Other,5999,Proprietorship,Bengaluru,Karnataka,FALSE,,FALSE,LZLP7648523257090,ACTIVE,0.1014
MCH8612,Kurian Goda,Food & Beverage,5812,Proprietorship,Bombay,Maharashtra,TRUE,18-07-23 06:11,TRUE,XXXX5561,ACTIVE,1133.93
MCH8613,Comar Tata,Food & Beverage,5812,Individual,Lucknow,Uttar Pradesh,TRUE,05-09-23 12:31,FALSE,,SUSPENDED,2485.09
MCH8614,Basu Gola,Travel & Transport,4131,Partnership / LLP,Poona,Maharashtra,TRUE,01-08-26 00:00,TRUE,XXXX7777,ACTIVE,1454.86
MCH8615,Devi Narasimhan,Books & Stationery,5942,Proprietorship,Calcutta,West Bengal,TRUE,18-11-24 00:00,FALSE,8648906197,ACTIVE,722.58
MCH8616,Ratti Jha,Apparel & Fashion,5699,Proprietorship,Pune,Maharashtra,TRUE,30-05-25 00:00,FALSE,,ACTIVE,1036.37
MCH8619,Salvi Nazareth,Retail & Groceries,54110,Proprietorship,New Delhi,Delhi,TRUE,25-07-24 00:00,FALSE,,ACTIVE,860.21
MCH8622,Choudhry Krishna,Hotel & Lodging,7011,Partnership / LLP,Pune,Maharashtra,TRUE,18-03-25 00:00,FALSE,,ACTIVE,196.86
MCH8624,Kannan Mital,Medical & Health,5912,Proprietorship,Pune,Maharashtra,TRUE,20-05-23 00:00,FALSE,BFXZ1340418444371,ACTIVE,1202.33
MCH8628,Char Sastry And Sane,Travel & Transport,4131,Individual,Pune,Maharashtra,TRUE,18-08-23 01:53,FALSE,KLDA6853429090498,ACTIVE,1108.74
MCH8631,Chaudhari Chhabra,Apparel & Fashion,5699,Proprietorship,Lucknow,Uttar Pradesh,TRUE,17-02-24 00:00,FALSE,7902410971,ACTIVE,1011.95
MCH8632,Koshy Suri And Dey,Food & Beverage,5812,Individual,New Delhi,Delhi,TRUE,14-11-25 10:58,FALSE,BRHB3883781562442,ACTIVE,3705.21
MCH8633,Pillai Lata,Medical & Health,5912,Individual,Amritsar,Punjab,TRUE,02-04-25 00:00,FALSE,6437885672,ACTIVE,1325.55
MCH8634,Palla Brar,Medical & Health,5912,Partnership / LLP,Jalandhar,Punjab,TRUE,13-06-23 00:00,FALSE,FVKP3398609583042,ACTIVE,843.2
MCH8636,Ghosh Dash,Books & Stationery,5942,Partnership / LLP,Asr,Punjab,TRUE,06-09-23 09:12,FALSE,8172688665,ACTIVE,3699.41
MCH8638,Ramanathan Apte,Books & Stationery,5942,Partnership / LLP,Chennai,Tamil Nadu,TRUE,16-04-25 00:00,TRUE,XXXX4259,ACTIVE,985.8
MCH8639,Samra Behl,Medical & Health,7011,Private Limited,Bengaluru,Karnataka,TRUE,30-06-24 11:58,FALSE,,ACTIVE,2557.45
MCH8640,Vasa Nanda And Bhat,Retail & Groceries,5311,Proprietorship,Pune,Maharashtra,TRUE,05-03-25 00:00,FALSE,,ACTIVE,347.11
MCH8641,Rai And Sons,Travel & Transport,4131,Individual,Ludhiana,Punjab,TRUE,01-10-24 00:00,FALSE,,ACTIVE,1023.91
MCH8643,Kota Aurora And Dugal,Apparel & Fashion,5699,Proprietorship,New Delhi,Delhi,TRUE,15-04-24 14:41,FALSE,GITM5447907663864,ACTIVE,1011.23
MCH8644,M0Re L0Ke,Travel & Transport,4131,Individual,Ludhiana,Punjab,TRUE,20-07-25 00:00,FALSE,,ACTIVE,1294.91
MCH8645,Desai Agarwal And Handa,Electronics & Tech,4814,Individual,Ludhiana,Punjab,TRUE,31-03-24 00:00,FALSE,,ACTIVE,1177.09
MCH8648,Kumer Pradhan And Pai,Medical & Health,5912,Proprietorship,Jalandhar,Punjab,TRUE,17-12-23 00:00,FALSE,CPHP6408157927970,ACTIVE,2147.87
MCH8650,Konda Ltd,Miscellaneous,5999,Proprietorship,Ludhiana,Punjab,TRUE,27-05-24 00:00,TRUE,XXXX1884,ACTIVE,578.35
MCH8654,Deshpande Comar And Pandya,Phone Service,4814,Individual,New Delhi,Delhi,FALSE,,FALSE,2533166217,ACTIVE,0.898
MCH8656,Sarma Krish And Ranganathan,Books & Stationery,5942,Proprietorship,Kolkata,West Bengal,TRUE,04-02-25 00:00,FALSE,ZBCP7467206635740,ACTIVE,975.635
MCH8659,Sha Ltd,Hotel & Lodging,7011,Partnership / LLP,Mumbai,Maharashtra,TRUE,23-10-24 00:00,FALSE,6929887204,ACTIVE,926.71
MCH8660,Ben Guha And Sabharwa1,Food & Beverage,5812,Proprietorship,Lucknow,Uttar Pradesh,TRUE,22-07-25 00:00,TRUE,XXXX9591,ACTIVE,958.85
MCH8661,Kapoor And Sons,Transprt,,Partnership / LLP,Mumbai,Maharashtra,FALSE,,FALSE,,ACTIVE,1762.47
MCH8663,Khalsa Group,Books & Stationery,,Partnership / LLP,Jalandhar,Punjab,TRUE,04-05-23 00:00,FALSE,CZSI5545012134696,INACTIVE,0.338
MCH8672,Ganguly Sarin And Merchant,Retail,5311,Individual,Jalandhar,Punjab,TRUE,06-09-25 00:00,FALSE,3398230728,ACTIVE,1816.05
MCH8673,Goswami And Sons,Food & Beverage,5812,Private Limited,New Delhi,Delhi,TRUE,25-02-26 00:00,FALSE,1774013903,ACTIVE,979.86
MCH8674,Mani Dutta And Issac,Food & Beverage,5812,Private Limited,Chennai,Tamil Nadu,TRUE,05-05-23 15:05,FALSE,1748773482,ACTIVE,958.85
MCH8678,Dani Talwar,Hotel & Lodging,7011,Partnership / LLP,Lucknow,Uttar Pradesh,TRUE,07-07-24 00:00,TRUE,XXXX8500,INACTIVE,393.54
MCH8679,Dutt Goel,Phone Service,4814,Private Limited,Kolkata,West Bengal,TRUE,14-08-24 00:00,TRUE,XXXX4631,ACTIVE,423.15
MCH8680,Bhatt Toor,Retail & Groceries,5311,Private Limited,Jaipur,Rajasthan,TRUE,02-12-25 00:00,FALSE,,ACTIVE,1399.6
MCH8681,Suri Ltd,Apparel & Fashion,5699,Partnership / LLP,Jalandhar,Punjab,TRUE,19-07-25 03:33,FALSE,TFNO3503811861510,ACTIVE,1034.26
MCH8692,Singhal Mane,Misc Retail,5999,Partnership / LLP,Jalandhar,Punjab,TRUE,24-07-25 00:00,FALSE,1479687132,ACTIVE,1884.81
MCH8693,Mukhopadhyay Rama,Retail & Groceries,5411,Individual,Lucknow,Uttar Pradesh,TRUE,07-10-24 22:23,TRUE,XXXX9284,ACTIVE,406.79
MCH8697,Karnik Ltd,Miscellaneous,5999,Proprietorship,Hyderabad,Telangana,TRUE,19-01-23 11:39,FALSE,ELBE1390395985700,ACTIVE,353.31
MCH8698,Boase Bal And Mand,Retail & Groceries,5311,Private Limited,Calcutta,West Bengal,TRUE,13-06-25 00:00,FALSE,,ACTIVE,3054.52
MCH8703,Mody Group,Other,,Partnership / LLP,Hyderabad,Telangana,TRUE,09-04-23 03:36,TRUE,XXXX1194,SUSPENDED,2908.51
MCH8705,Sahota Kale And Patil,Transprt,4131,Private Limited,New Delhi,Delhi,TRUE,10-11-24 00:00,TRUE,XXXX9019,ACTIVE,1127.21
MCH8708,Mukherjee Sami And Purohit,Retail Other,5999,Proprietorship,Hyderabad,Telangana,TRUE,28-01-26 00:00,FALSE,,SUSPENDED,2919.92
MCH8713,Shere Loke And Butala,Phone Service,48140,Private Limited,New Delhi,Delhi,FALSE,,FALSE,,INACTIVE,1029.16
MCH8714,Guptagroup,Medical & Health,5912,Proprietorship,Pune,Maharashtra,TRUE,10-08-23 00:00,TRUE,XXXX2445,ACTIVE,569.38
MCH8715,Raju Lokeandvora,Retail Other,5999,Partnership / LLP,Hyderabad,Telangana,TRUE,14-09-25 00:00,FALSE,,ACTIVE,1332.26
MCH8716,Naik Chada And Divan,Other,5999,Private Limited,Ludhiana,Punjab,TRUE,11-01-23 00:00,FALSE,EDPS0799008597487,ACTIVE,225.43
MCH8718,Chaudhari Bhalla,Food & Beverage,5812,Individual,Poona,Maharashtra,TRUE,23-07-24 04:38,FALSE,,ACTIVE,958.85
MCH8719,Kala Llc,Retail & Groceries,5311,Individual,Kolkata,West Bengal,TRUE,25-10-25 00:00,FALSE,,ACTIVE,2779.32
MCH8721,Bera Chhabra,Travel & Transport,4131,Proprietorship,Lucknow,Uttar Pradesh,TRUE,09-08-24 00:00,FALSE,,ACTIVE,2543.82
MCH8724,Sethi Reddy,Retail & Groceries,5411,Private Limited,Hyderabad,Telangana,TRUE,09-04-25 00:00,FALSE,3785181664,INACTIVE,425.41
MCH8725,Gala Group,Hotel & Lodging,7011,Private Limited,Jaipur,Rajasthan,TRUE,14-08-24 22:49,FALSE,PIMP1040686768002,ACTIVE,0.7512
MCH8726,Rast0Gi Saini,Misc Retail,5999,Partnership / LLP,Ludhiana,Punjab,FALSE,,FALSE,5579571324,ACTIVE,4900.29
MCH8727,Vig Mann,Retail Other,5999,Partnership / LLP,New Delhi,Delhi,FALSE,,FALSE,PYLB7387354028266,ACTIVE,157.65
MCH8729,Chowdhury Krishnamurthy And Parekh,Books & Stationery,59420,Private Limited,Kolkata,West Bengal,TRUE,07-02-24 00:00,FALSE,7331970917,ACTIVE,870.42
MCH8730,Bhasin Mall And Sarraf,Misc Retail,5999,Private Limited,Jalandhar,Punjab,TRUE,13-02-25 00:00,TRUE,XXXX3406,ACTIVE,937.7
MCH8733,Dhillon Goel And Dar,Electronics & Tech,4814,Proprietorship,Calcutta,West Bengal,TRUE,27-03-24 19:48,TRUE,XXXX9551,ACTIVE,2966.16
MCH8734,Ganguly Hayre And Choudhury,Electronics & Tech,4814,Proprietorship,Lucknow,Uttar Pradesh,TRUE,05-05-23 00:00,FALSE,8075659044,ACTIVE,4276.72
MCH8735,Chhabra Kunda And Sem,Phone Service,4814,Partnership / LLP,Jalandhar,Punjab,TRUE,18-09-25 00:00,FALSE,DZIA5449518052658,ACTIVE,1589.68
MCH8736,Dora Sachar,Retail & Groceries,5311,Private Limited,Mumbai,Maharashtra,TRUE,11-10-24 13:06,TRUE,XXXX8019,ACTIVE,2228.33
MCH8741,Swaminathan Kakar,Electronics & Tech,4814,Proprietorship,Kolkata,West Bengal,TRUE,17-08-24 15:49,FALSE,7135208273,ACTIVE,8897.16
MCH8744,Prashad Llc,Books & Stationery,59420,Individual,Jalandhar,Punjab,TRUE,31-03-25 16:57,FALSE,WWJH8069949347893,ACTIVE,3282.54
MCH8746,Kari Inc,Medical & Health,5912,Partnership / LLP,Pune,Maharashtra,TRUE,10-11-24 07:16,TRUE,XXXX5648,ACTIVE,1030
MCH8749,Tara Parmer And Walla,Travel & Transport,4131,Private Limited,Kolkata,West Bengal,TRUE,19-06-25 00:00,FALSE,BWRP8229942592433,INACTIVE,584.1
MCH8750,Bawa Chatterjee And Sathe,Hotel & Lodging,7011,Individual,Ludhiana,Punjab,TRUE,30-11-25 21:13,FALSE,2442042302,ACTIVE,3120.06
MCH8753,Bhandari Trivedi And Bora,Travel & Transport,4131,Partnership / LLP,Hyderabad,Telangana,TRUE,27-12-24 13:54,FALSE,,INACTIVE,718.79
MCH8755,Biswas Divan And Sachdeva,Hotel & Lodging,7011,Private Limited,Chennai,Tamil Nadu,TRUE,25-07-25 09:26,FALSE,1014752136,SUSPENDED,2277.32
MCH8756,Warrior Inc,Apparel & Fashion,56990,Private Limited,Jalandhar,Punjab,TRUE,04-10-23 00:00,FALSE,9910438985,ACTIVE,1476.03
MCH8761,Chokshi Llc,Medical & Health,70110,Individual,Hyd,Telangana,TRUE,12-01-25 06:08,FALSE,9822762385,ACTIVE,963.43
MCH8762,Dani Saha,Travel & Transport,4131,Partnership / LLP,Calcutta,West Bengal,FALSE,,FALSE,,ACTIVE,778.15
MCH8765,Kamdar Sehgal And Tata,Retail & Groceries,5411,Partnership / LLP,New Delhi,Delhi,TRUE,06-01-25 00:00,TRUE,XXXX8883,ACTIVE,4863.17
MCH8766,Shanker Ltd,Medical & Health,5912,Proprietorship,Chennai,Tamil Nadu,TRUE,02-07-25 00:00,FALSE,LBCS6149751072464,ACTIVE,0.801
MCH8767,Golla Group,Apparel & Fashion,5699,Proprietorship,Hyderabad,Telangana,TRUE,05-11-23 00:00,FALSE,,ACTIVE,397.99
MCH8768,Kata Bajwa,Miscellaneous,5999,Partnership / LLP,Chennai,Tamil Nadu,TRUE,16-09-23 08:38,FALSE,7445884693,ACTIVE,1033.9
MCH8769,Dara Keer,Medical & Health,5912,Private Limited,Jaipur,Rajasthan,TRUE,29-12-24 11:46,FALSE,,ACTIVE,637.83
MCH8770,Mani Mutti,Other,5999,Proprietorship,New Delhi,Delhi,TRUE,07-04-23 00:00,TRUE,XXXX8061,ACTIVE,0.379
MCH8775,Bakshi Shah,Apparel & Fashion,56990,Partnership / LLP,New Delhi,Delhi,TRUE,09-07-25 07:17,FALSE,,ACTIVE,480.13
MCH8777,Kibe Plc,Hotel & Lodging,7011,Partnership / LLP,Mumbai,Maharashtra,TRUE,16-06-23 00:00,FALSE,3399976956,ACTIVE,1945.67
MCH8779,Tak Wali,Food & Beverage,5812,Individual,Bengaluru,Karnataka,TRUE,24-01-24 00:00,FALSE,3182666424,ACTIVE,0.206
MCH8781,Gade Plc,Medical & Health,5912,Private Limited,Mumbai,Maharashtra,TRUE,27-02-23 16:50,FALSE,,ACTIVE,714.3
MCH8782,Swamy Khurana,Apparel & Fashion,5699,Proprietorship,Asr,Punjab,TRUE,29-04-25 00:00,FALSE,,ACTIVE,1314.55
MCH8784,Iyengar Savant And Sehgal,Transprt,4131,Private Limited,Bombay,Maharashtra,TRUE,12-01-24 00:00,FALSE,,ACTIVE,0.575
MCH8789,Pingle Nadigandnarula,Food & Beverage,5812,Individual,Ludhiana,Punjab,TRUE,07-02-25 00:00,FALSE,3828234177,ACTIVE,1463.08
MCH8790,Thaman Singh,Medical & Health,5912,Individual,Kolkata,West Bengal,TRUE,04-02-24 00:00,FALSE,,ACTIVE,1030
MCH8792,Chopra Nori,Apparel & Fashion,5699,Private Limited,Lucknow,Uttar Pradesh,TRUE,01-09-25 00:00,TRUE,XXXX7970,ACTIVE,793.52
MCH8794,Mani Zachariah,Retail & Groceries,5411,Partnership / LLP,Blr,Karnataka,TRUE,04-01-26 01:33,FALSE,AKYW5964261838493,INACTIVE,6393.53
MCH8795,Basak Bhavsar,Books & Stationery,5942,Proprietorship,Jaipur,Rajasthan,TRUE,15-03-24 00:00,TRUE,XXXX0185,INACTIVE,243.16
MCH8798,Ch0Wdhury Su1E,Retail & Groceries,5311,Individual,Jalandhar,Punjab,TRUE,28-12-24 02:38,FALSE,CPUC4526229447155,ACTIVE,207.92
MCH8799,Dada Ramaswamy And Dugal,Books & Stationery,5942,Private Limited,Hyd,Telangana,TRUE,09-04-23 00:00,FALSE,STYQ1453146869201,SUSPENDED,2080.34
MCH8801,Bedi Inc,Medical & Health,59120,Proprietorship,Lucknow,Uttar Pradesh,TRUE,11-08-24 00:00,TRUE,XXXX1264,ACTIVE,3479.49
MCH8805,Bose Inc,Apparel & Fashion,5699,Individual,Ludhiana,Punjab,TRUE,07-10-24 00:00,FALSE,,ACTIVE,6022.98
MCH8808,Kothari Bansal And Gupta,Books & Stationery,,Individual,Blr,Karnataka,TRUE,19-09-25 01:30,FALSE,9868014892,ACTIVE,0.38
MCH8809,Narasimhan Sem,Electronics & Tech,,Individual,Jalandhar,Punjab,TRUE,05-02-23 00:00,FALSE,,INACTIVE,2118.31
MCH8811,Bobal Llc,Other,59990,Partnership / LLP,Hyderabad,Telangana,TRUE,18-12-23 00:00,FALSE,4729552126,ACTIVE,1645.76
MCH8813,Dey Dua,Food & Beverage,5812,Partnership / LLP,Hyderabad,Telangana,TRUE,10-11-23 00:00,FALSE,7101082372,ACTIVE,1432.39
MCH8817,Sawhneyltd,Hotel & Lodging,7011,Individual,Poona,Maharashtra,FALSE,,FALSE,,INACTIVE,495.07
MCH8819,Acharyainc,Medical & Health,5912,Private Limited,Ludhiana,Punjab,TRUE,27-02-24 00:00,TRUE,XXXX4379,ACTIVE,2075.22
MCH8820,Mistry Group,Food & Beverage,5812,Partnership / LLP,Kolkata,West Bengal,TRUE,19-10-25 00:00,FALSE,VDFR2877623309973,ACTIVE,1132.45
MCH8821,Mukhopadhyay Cherian,Food & Beverage,5812,Proprietorship,Jalandhar,Punjab,TRUE,26-11-23 00:00,FALSE,2404954167,ACTIVE,703.03
MCH8823,Subramanian Inc,Apparel & Fashion,5699,Partnership / LLP,Mumbai,Maharashtra,TRUE,31-01-24 00:00,TRUE,XXXX6614,SUSPENDED,523.43
MCH8824,Mani Plc,Other,5999,Individual,Hyderabad,Telangana,TRUE,22-02-24 00:00,FALSE,602443496,ACTIVE,1314.9
MCH8825,Mandal Chaudhari And Savant,Apparel & Fashion,5699,Individual,Jalandhar,Punjab,TRUE,27-07-25 00:00,FALSE,8501342789,ACTIVE,1817.3
MCH8826,Mallick Dasgupta,Retail & Groceries,5311,Private Limited,Jalandhar,Punjab,TRUE,09-02-23 07:13,FALSE,2382228031,ACTIVE,1719.24
MCH8828,Ranganathan And Sons,Travel & Transport,4131,Individual,Amritsar,Punjab,TRUE,02-01-26 04:46,FALSE,,ACTIVE,1023.91
MCH8832,Korpal Dugar And Grover,Retail & Groceries,5411,Individual,Ludhiana,Punjab,TRUE,27-10-25 07:47,TRUE,XXXX3528,ACTIVE,2140.7
MCH8835,Natarajan Hegde And Varughese,Retail Other,5999,Proprietorship,Mumbai,Maharashtra,TRUE,04-08-25 15:21,FALSE,FGCL8739381455039,ACTIVE,523.96
MCH8837,Tata Rajagopal,Retail & Groceries,5411,Partnership / LLP,Ludhiana,Punjab,TRUE,03-09-23 00:00,FALSE,,SUSPENDED,2586.19
MCH8838,Kala Sidhu And Kuruvilla,Medical & Health,5912,Partnership / LLP,Chennai,Tamil Nadu,TRUE,11-02-23 00:00,FALSE,,ACTIVE,593.62
MCH8840,Chatterjee And Sons,Retail,53110,Individual,Pune,Maharashtra,TRUE,26-09-24 02:57,FALSE,,ACTIVE,1208.62
MCH8842,Bala Pillai And Kala,Other,5999,Partnership / LLP,Amritsar,Punjab,TRUE,23-04-23 00:00,TRUE,XXXX1658,SUSPENDED,872.49
MCH8844,Lad Walia And Raj,Medical & Health,5912,Individual,Ludhiana,Punjab,TRUE,26-11-25 00:00,FALSE,5044649266,ACTIVE,1030
MCH8845,Varkey Jha,Other,,Partnership / LLP,Kolkata,West Bengal,TRUE,03-01-24 05:26,FALSE,,ACTIVE,5630.04
MCH8850,Sachdev Nayar And Arora,Retail & Groceries,5411,Partnership / LLP,Ludhiana,Punjab,TRUE,07-04-25 03:43,FALSE,,SUSPENDED,1076.395
MCH8851,Kanda Kohli And Thaman,Food & Beverage,5812,Proprietorship,Jalandhar,Punjab,FALSE,,FALSE,,SUSPENDED,5573.07
MCH8852,Bali Hora,Medical & Health,,Individual,Dilli,Delhi,TRUE,09-07-24 00:00,FALSE,,ACTIVE,2821.74
MCH8854,Kohli Aurora,Travel & Transport,4131,Private Limited,Chennai,Tamil Nadu,TRUE,12-04-23 00:00,TRUE,XXXX8113,ACTIVE,429.48
MCH8855,Rau Dua And Nadkarni,Retail & Groceries,5411,Private Limited,Ludhiana,Punjab,TRUE,06-06-25 02:15,FALSE,5829674472,ACTIVE,2893.79
MCH8861,Prashad And Sons,Retail Other,5999,Individual,Chennai,Tamil Nadu,FALSE,,TRUE,XXXX5366,ACTIVE,1269.15
MCH8863,Sastry Plc,Electronics & Tech,48140,Individual,Pune,Maharashtra,TRUE,08-03-24 00:00,FALSE,,ACTIVE,1021.355
MCH8864,Lala Ben,Medical & Health,5912,Individual,Ludhiana,Punjab,TRUE,28-12-25 05:23,FALSE,,ACTIVE,869.2
MCH8865,Wali Yogi,Books & Stationery,5942,Partnership / LLP,Pune,Maharashtra,FALSE,,FALSE,ADDY9100060907565,ACTIVE,0.1783
MCH8869,Tella Roy,Medical & Health,5912,Proprietorship,Ludhiana,Punjab,TRUE,17-05-25 00:00,FALSE,3757131975,ACTIVE,618.72
MCH8870,Solanki Cherian,Travel & Transport,4131,Partnership / LLP,Kolkata,West Bengal,TRUE,04-07-25 00:00,FALSE,HJDK9008014525015,ACTIVE,0.1597
MCH8873,Pathak Bath And Kant,Transprt,4131,Partnership / LLP,Pune,Maharashtra,TRUE,06-11-25 00:00,FALSE,,ACTIVE,2212.3
MCH8876,Narayanan And Sons,Books & Stationery,5942,Individual,Blr,Karnataka,TRUE,10-12-25 00:00,TRUE,XXXX5207,ACTIVE,2065.28
MCH8878,Kashyap Behl,Hotel & Lodging,7011,Proprietorship,Calcutta,West Bengal,TRUE,21-07-23 00:00,FALSE,,ACTIVE,228.35
MCH8879,Raju And Sons,Medical & Health,,Proprietorship,Lucknow,Uttar Pradesh,TRUE,30-08-23 05:18,FALSE,,ACTIVE,0.906
MCH8880,Hayer Walia,Travel & Transport,4131,Partnership / LLP,Jalandhar,Punjab,TRUE,08-04-23 11:08,FALSE,,ACTIVE,2616.91
MCH8884,Dubey Srinivasan And Pillai,Books & Stationery,,Proprietorship,Chennai,Tamil Nadu,TRUE,03-07-23 00:00,FALSE,,ACTIVE,975.635
MCH8885,Dhawan Devanandchokshi,Apparel & Fashion,5699,Individual,New Delhi,Delhi,TRUE,12-09-25 04:35,FALSE,,ACTIVE,1036.37
MCH8889,Mahal Edwin And Dasgupta,Apparel & Fashion,5699,Proprietorship,Poona,Maharashtra,TRUE,26-03-23 00:00,FALSE,,SUSPENDED,1329.62
MCH8890,Halder Inc,Hotel & Lodging,70110,Private Limited,Lucknow,Uttar Pradesh,TRUE,15-01-26 00:00,TRUE,XXXX3843,SUSPENDED,2352.14
MCH8891,Natt Maneandpau,Electronics & Tech,,Private Limited,Mumbai,Maharashtra,TRUE,13-03-25 09:17,FALSE,6087577130,ACTIVE,0.114
MCH8893,Anand Dada,Retail & Groceries,5411,Private Limited,New Delhi,Delhi,TRUE,15-02-23 00:00,FALSE,,ACTIVE,598.72
MCH8895,Chakraborty Apte,Hotel & Lodging,7011,Proprietorship,Jalandhar,Punjab,TRUE,04-05-23 01:45,FALSE,8501954276,ACTIVE,2412.11
MCH8896,Yadav Padmanabhan,Travel & Transport,4131,Private Limited,Hyderabad,Telangana,TRUE,05-02-24 00:00,TRUE,XXXX8367,ACTIVE,1243.9
MCH8899,Bedi And Sons,Apparel & Fashion,5699,Private Limited,Kolkata,West Bengal,TRUE,25-02-25 00:00,TRUE,XXXX6442,SUSPENDED,1036.37
MCH8900,Nadkarni Khare,Food & Beverage,5812,Individual,Lucknow,Uttar Pradesh,TRUE,11-06-25 00:00,FALSE,ORVR2313413068698,INACTIVE,0.1349
MCH8901,Narasimhan And Sons,Electronics & Tech,4814,Private Limited,Amritsar,Punjab,TRUE,01-04-24 05:23,FALSE,3421072904,ACTIVE,772.61
MCH8902,Sabharwal Ltd,Retail & Groceries,5411,Proprietorship,Amritsar,Punjab,TRUE,27-12-24 00:00,FALSE,8958186574,ACTIVE,270.57
MCH8903,Keer Sagar,Retail & Groceries,54110,Partnership / LLP,Lucknow,Uttar Pradesh,TRUE,16-09-24 00:00,FALSE,,ACTIVE,841.61
MCH8909,Palan Wali And Wagle,Other,5999,Individual,Dilli,Delhi,FALSE,,FALSE,AMLI0055772138931,ACTIVE,1366.3
MCH8910,Varkey Group,Medical & Health,5912,Individual,Ludhiana,Punjab,TRUE,07-02-25 02:32,TRUE,XXXX9985,ACTIVE,9929.86
MCH8911,Bava Llc,Books & Stationery,5942,Proprietorship,Hyd,Telangana,TRUE,14-06-25 08:41,FALSE,,ACTIVE,3342.77
MCH8912,Chada Ltd,Retail & Groceries,5411,Partnership / LLP,Amritsar,Punjab,TRUE,12-09-23 00:00,FALSE,MSHJ5068707529037,ACTIVE,1015.47
MCH8915,Sur Ltd,Food & Beverage,5812,Individual,Mumbai,Maharashtra,TRUE,08-04-25 21:08,FALSE,2079428373,INACTIVE,665.18
MCH8918,Solanki And Sons,Apparel & Fashion,,Private Limited,Blr,Karnataka,TRUE,17-05-25 00:00,FALSE,ITGT2090730500760,ACTIVE,1036.37
MCH8919,Parmar Ltd,Travel & Transport,4121,Private Limited,Bangalore,Karnataka,TRUE,24-12-23 00:00,FALSE,,ACTIVE,2228.63
MCH8920,Parekh Srivastava And Choudhury,Retail & Groceries,5311,Private Limited,New Delhi,Delhi,TRUE,15-12-23 00:00,TRUE,XXXX5523,ACTIVE,19788.99
MCH8921,Palla Kanda And Kohli,Retail & Groceries,5411,Individual,Jaipur,Rajasthan,TRUE,01-04-23 00:00,FALSE,,ACTIVE,1560.65
MCH8923,Choudhury Group,Medical & Health,5912,Individual,Jaipur,Rajasthan,TRUE,12-06-24 00:00,FALSE,WVVA0613994696185,INACTIVE,2880.15
MCH8926,Ramesh Mukhopadhyay,Medical & Health,5912,Proprietorship,Dilli,Delhi,TRUE,16-01-24 00:00,FALSE,3730788940,ACTIVE,5318.08
MCH8927,Raj Kala,Other,5999,Individual,New Delhi,Delhi,TRUE,22-04-24 22:45,TRUE,XXXX1023,ACTIVE,261.67
MCH8928,Deo Plc,Travel & Transport,4131,Partnership / LLP,Chennai,Tamil Nadu,TRUE,18-10-24 05:30,TRUE,XXXX5889,ACTIVE,1547.93
MCH8929,Nagi Bala,Retail & Groceries,5311,Proprietorship,Calcutta,West Bengal,TRUE,17-12-24 17:24,TRUE,XXXX2967,ACTIVE,0.232
MCH8931,Ramaswamy Bhasin,Food & Beverage,5812,Partnership / LLP,Hyd,Telangana,TRUE,23-05-24 00:00,FALSE,,ACTIVE,0.1406
MCH8932,Venkatesh Nayak And Ravel,Other,,Private Limited,Lucknow,Uttar Pradesh,TRUE,01-01-23 00:00,FALSE,STLO0893921270298,ACTIVE,1585.03
MCH8933,Magar Inc,Hotel & Lodging,7011,Proprietorship,Lucknow,Uttar Pradesh,TRUE,03-08-25 00:00,TRUE,XXXX1861,ACTIVE,1568.46
MCH8934,Dubey And Sons,Retail & Groceries,5411,Proprietorship,Bengaluru,Karnataka,TRUE,12-09-25 05:11,FALSE,,ACTIVE,0.1359
MCH8935,Tella Bawa,Travel & Transport,41310,Individual,Jaipur,Rajasthan,TRUE,13-01-24 15:35,FALSE,JHDG3104790925076,ACTIVE,997.56
MCH8937,Mand Bhatt And Pathak,Hotel & Lodging,7011,Individual,Amritsar,Punjab,TRUE,10-06-23 00:00,FALSE,OPXS5269399322215,ACTIVE,2746.33
MCH8939,Dhawan Kamdar And Dalal,Food & Beverage,5812,Individual,Bangalore,Karnataka,TRUE,06-01-23 17:37,FALSE,807622113,ACTIVE,0.729
MCH8941,Iyer Llc,Retail Other,,Proprietorship,Ludhiana,Punjab,TRUE,24-01-23 23:45,FALSE,EATG9868970979253,ACTIVE,2580.56
MCH8943,Bassi Dhingra,Books & Stationery,5942,Private Limited,Chennai,Tamil Nadu,TRUE,09-09-24 00:49,FALSE,,ACTIVE,774.62
MCH8944,Zachariah Ratta And Contractor,Retail & Groceries,5311,Private Limited,Hyderabad,Telangana,TRUE,16-07-24 13:53,FALSE,653764901,ACTIVE,0.2179
MCH8945,Sankar Swamy And Char,Retail & Groceries,5411,Proprietorship,Kolkata,West Bengal,TRUE,26-02-26 00:00,TRUE,XXXX4564,ACTIVE,0.1329
MCH8949,Srinivasan Saxenaandkant,Books & Stationery,5942,Private Limited,Bangalore,Karnataka,FALSE,,TRUE,XXXX6857,ACTIVE,1726.82
MCH8950,Handa Inc,Travel & Transport,4131,Partnership / LLP,Mumbai,Maharashtra,TRUE,31-07-24 11:02,TRUE,XXXX9807,ACTIVE,3860.38
MCH8951,Golla Venkataraman,Phone Service,4814,Individual,Mumbai,Maharashtra,TRUE,02-09-23 00:00,FALSE,2811788004,ACTIVE,436.83
MCH8952,Varghese Korpal And Dora,Medical & Health,5912,Proprietorship,Chennai,Tamil Nadu,TRUE,10-08-24 00:00,FALSE,,ACTIVE,987.96
MCH8953,Narayan Uppal,Medical & Health,5912,Private Limited,Ludhiana,Punjab,TRUE,28-06-25 10:02,FALSE,AXNQ2993996148384,ACTIVE,2726.98
MCH8955,Sani Llc,Hotel & Lodging,7011,Private Limited,Chennai,Tamil Nadu,TRUE,26-09-23 00:00,FALSE,RSSK2984777812430,ACTIVE,1833.73
MCH8957,Madan Kothari,Apparel & Fashion,5699,Proprietorship,Ludhiana,Punjab,FALSE,,TRUE,XXXX2329,ACTIVE,934.34
MCH8958,Verma Biswas,Apparel & Fashion,5699,Partnership / LLP,Amritsar,Punjab,TRUE,03-06-23 14:48,FALSE,,ACTIVE,7196.61
MCH8963,Aggarwal Nagiandborde,Retail & Groceries,5411,Proprietorship,Ludhiana,Punjab,TRUE,08-01-24 17:56,FALSE,UGNI2119725168826,ACTIVE,474.91
MCH8965,Bajaj Ltd,Books & Stationery,5942,Individual,Chennai,Tamil Nadu,TRUE,30-01-25 07:02,TRUE,XXXX4056,ACTIVE,0.326
MCH8966,Talwar Plc,Retail Other,5999,Proprietorship,Chennai,Tamil Nadu,TRUE,23-07-23 00:00,FALSE,LXSL0666403926452,ACTIVE,432.95
MCH8967,Kakar Mandal And Sehgal,Electronics & Tech,4814,Private Limited,New Delhi,Delhi,TRUE,26-01-24 00:00,TRUE,XXXX8902,ACTIVE,3964.67
MCH8968,Majumdar Setty And Sahni,Food & Beverage,5812,Private Limited,Asr,Punjab,TRUE,23-02-26 13:01,FALSE,,INACTIVE,477.9
MCH8972,Vig Inc,Retail & Groceries,5411,Partnership / LLP,Calcutta,West Bengal,TRUE,17-08-24 00:00,FALSE,,ACTIVE,835.08
MCH8974,Shukla Gaba And Sani,Medical & Health,5912,Proprietorship,New Delhi,Delhi,TRUE,15-02-26 00:00,FALSE,EPWM9547022186249,ACTIVE,438.78
MCH8975,Shanker Kothari And Balasubramanian,Electronics & Tech,4814,Individual,Bombay,Maharashtra,TRUE,24-10-25 08:14,FALSE,,ACTIVE,1231.77
MCH8976,Prakash Plc,Apparel & Fashion,5699,Proprietorship,Jalandhar,Punjab,TRUE,15-02-23 00:00,FALSE,YWYW3270588037167,SUSPENDED,1358.57
MCH8978,Talwarandsons,Books & Stationery,5942,Proprietorship,Mumbai,Maharashtra,TRUE,23-05-23 00:00,FALSE,,ACTIVE,4704.55
MCH8980,Peri Karpe And Saraf,Apparel & Fashion,,Proprietorship,Jalandhar,Punjab,TRUE,24-10-24 00:00,TRUE,XXXX9158,ACTIVE,277.5
MCH8981,Tara Sinha,Retail Other,5999,Individual,Bengaluru,Karnataka,TRUE,02-10-25 00:00,FALSE,1533662903,ACTIVE,0.3617
MCH8982,Deo Nath,Food & Beverage,5812,Private Limited,Amritsar,Punjab,TRUE,18-07-23 09:15,FALSE,,ACTIVE,1840.43
MCH8984,Sharma Group,Food & Beverage,5812,Private Limited,Ludhiana,Punjab,TRUE,21-06-23 00:00,FALSE,,ACTIVE,590.58
MCH8987,Mander Llc,Books & Stationery,5942,Private Limited,Pune,Maharashtra,TRUE,02-02-24 00:00,FALSE,7115831556,ACTIVE,881.75
MCH8988,Ratti Rattan And Menon,Books & Stationery,5942,Private Limited,Chennai,Tamil Nadu,TRUE,21-02-26 19:46,TRUE,XXXX5339,ACTIVE,1897.88
MCH8990,Konda Comar,Travel & Transport,4131,Private Limited,Bengaluru,Karnataka,TRUE,12-05-23 14:14,FALSE,,ACTIVE,273.69
MCH8994,Shukla Manne,Electronics & Tech,,Partnership / LLP,Calcutta,West Bengal,TRUE,22-11-25 15:26,FALSE,AOKV6829664383303,ACTIVE,2951.22
MCH8995,Mahajan Group,Retail Other,5999,Partnership / LLP,Jalandhar,Punjab,TRUE,12-09-23 00:00,TRUE,XXXX2606,ACTIVE,0.2967
MCH8996,Bala Bhalla,Other,,Private Limited,Lucknow,Uttar Pradesh,TRUE,18-08-25 00:00,FALSE,,ACTIVE,1146.92
MCH8999,Borde Reddy And Mital,Transprt,4131,Proprietorship,Jalandhar,Punjab,TRUE,30-06-24 00:00,FALSE,JAYY6619396625712,ACTIVE,561.7
MCH9001,Mangat Sachar,Electronics & Tech,4814,Individual,Kolkata,West Bengal,TRUE,09-11-23 00:00,FALSE,MHGZ0836129052576,ACTIVE,805.62
MCH9002,Manne Ltd,Retail & Groceries,5411,Partnership / LLP,Asr,Punjab,TRUE,11-04-23 00:00,TRUE,XXXX2471,ACTIVE,2336.66
MCH9004,Kaurinc,Apparel & Fashion,5699,Partnership / LLP,Bengaluru,Karnataka,TRUE,10-07-23 00:00,TRUE,XXXX9308,ACTIVE,1124.44
MCH9006,Chopra Sandhu,Apparel & Fashion,5699,Partnership / LLP,Lucknow,Uttar Pradesh,TRUE,03-04-24 00:00,TRUE,XXXX5629,ACTIVE,1365.03
MCH9008,Gour Amble And Bakshi,Retail & Groceries,5411,Proprietorship,Amritsar,Punjab,TRUE,18-12-24 18:50,FALSE,NUSH9143769186873,ACTIVE,1167.35
MCH9009,Singhal Patil And Brar,Retail,5311,Private Limited,Jalandhar,Punjab,TRUE,20-02-26 19:57,FALSE,7365281036,INACTIVE,1016.03
MCH9012,Goel Devan And Grover,Retail & Groceries,5411,Proprietorship,Asr,Punjab,TRUE,16-09-25 06:09,FALSE,7133638417,INACTIVE,603.58
MCH9014,Konda Ram,Electronics & Tech,4814,Proprietorship,Ludhiana,Punjab,TRUE,15-08-25 00:00,FALSE,,ACTIVE,485.94
MCH9015,Prashad Inc,Food & Beverage,5812,Proprietorship,Chennai,Tamil Nadu,TRUE,05-08-25 00:00,FALSE,ZMCX8700350444666,ACTIVE,787.45
MCH9016,Upadhyay Sethi,Electronics & Tech,4814,Partnership / LLP,Mumbai,Maharashtra,TRUE,27-07-25 08:59,TRUE,XXXX7823,ACTIVE,764.46
MCH9018,Zacharia And Sons,Books & Stationery,5942,Individual,Blr,Karnataka,TRUE,06-03-24 00:00,FALSE,,ACTIVE,594.92
MCH9021,Dubey Plc,Electronics & Tech,4814,Private Limited,Jaipur,Rajasthan,TRUE,03-10-23 00:00,FALSE,DCIU7751773884205,ACTIVE,214.99
MCH9022,Kunda Dugarandkari,Apparel & Fashion,5699,Individual,Amritsar,Punjab,TRUE,24-01-26 00:00,FALSE,,ACTIVE,0.1439
MCH9027,Dani Soni And Nagy,Hotel & Lodging,7011,Partnership / LLP,Jalandhar,Punjab,TRUE,26-10-23 00:00,TRUE,XXXX0115,ACTIVE,905.68
MCH9029,Hayre And Sons,Retail,5311,Individual,Amritsar,Punjab,TRUE,19-11-25 00:00,FALSE,,ACTIVE,922.86
MCH9032,Johal Vaidya,Retail & Groceries,5311,Partnership / LLP,Mumbai,Maharashtra,TRUE,06-07-23 06:53,FALSE,,ACTIVE,821.89
MCH9035,Merchant Plc,Retail & Groceries,5411,Private Limited,Jaipur,Rajasthan,TRUE,04-02-23 00:00,FALSE,UCPE5658691269773,ACTIVE,1280.34
MCH9036,Cherian Llc,Apparel & Fashion,5699,Proprietorship,Ludhiana,Punjab,TRUE,17-05-23 18:31,TRUE,XXXX5926,ACTIVE,928.81
MCH9037,Varty Vaidya,Travel & Transport,4131,Private Limited,Jalandhar,Punjab,TRUE,17-04-23 21:34,TRUE,XXXX4749,ACTIVE,2383.02
MCH9038,Dargroup,Books & Stationery,5942,Proprietorship,Amritsar,Punjab,TRUE,06-02-24 00:00,FALSE,PWGC8781462428260,ACTIVE,1037.27
MCH9040,Sharma Dubey,Books & Stationery,,Proprietorship,Jaipur,Rajasthan,TRUE,25-06-23 10:52,TRUE,XXXX1697,ACTIVE,573.1
MCH9041,Kade Sahota,Transprt,4131,Individual,Poona,Maharashtra,FALSE,,FALSE,8030172107,ACTIVE,2738.21
MCH9043,Setty And Sons,Hotel & Lodging,7011,Partnership / LLP,Pune,Maharashtra,TRUE,10-02-24 00:00,FALSE,,ACTIVE,0.3323
MCH9045,Kaul Sethi And Vaidya,Electronics & Tech,4814,Partnership / LLP,Bangalore,Karnataka,FALSE,,FALSE,6906668934,INACTIVE,0.1488
MCH9048,Kalla Plc,Food & Beverage,5812,Partnership / LLP,Jalandhar,Punjab,TRUE,18-09-23 04:32,FALSE,,ACTIVE,544.22
MCH9049,Badami Pathak And Murty,Medical & Health,5912,Partnership / LLP,Pune,Maharashtra,TRUE,10-03-23 00:00,TRUE,XXXX1304,ACTIVE,2072.82
MCH9050,Bali Ltd,Travel & Transport,4131,Individual,Jalandhar,Punjab,TRUE,06-01-25 00:00,FALSE,8040024958,SUSPENDED,847.23
MCH9051,Gara Keer And Padmanabhan,Electronics & Tech,4814,Proprietorship,Bengaluru,Karnataka,TRUE,16-07-23 00:00,TRUE,XXXX6304,ACTIVE,1715.14
MCH9052,Ramaswamy Chhabra,Books & Stationery,,Partnership / LLP,Mumbai,Maharashtra,TRUE,11-10-24 00:00,FALSE,,ACTIVE,534.11
MCH9056,Misra Kalita And Kapur,Books & Stationery,5942,Private Limited,Lucknow,Uttar Pradesh,TRUE,17-06-23 00:00,FALSE,830352688,ACTIVE,497.59
MCH9057,Dayal Ltd,Books & Stationery,,Partnership / LLP,Jaipur,Rajasthan,TRUE,11-10-24 00:00,FALSE,TJAX1540713634286,ACTIVE,728.46
MCH9059,Shroff Ltd,Retail & Groceries,5311,Private Limited,Jalandhar,Punjab,TRUE,18-07-23 00:00,FALSE,,ACTIVE,399.71
MCH9060,Ramaswamy Singhal And Deep,Retail Other,5999,Individual,Mumbai,Maharashtra,TRUE,01-01-23 00:00,FALSE,,ACTIVE,0.1011
MCH9063,Bhatt Sabharwal And Devi,Apparel & Fashion,5699,Proprietorship,Calcutta,West Bengal,TRUE,10-09-23 00:00,TRUE,XXXX6663,ACTIVE,1036.37
MCH9067,Korpal Som,Electronics & Tech,4814,Private Limited,Amritsar,Punjab,TRUE,10-04-24 00:00,FALSE,5383470268,ACTIVE,1246.81
MCH9068,Halder Plc,Apparel & Fashion,5699,Private Limited,Jalandhar,Punjab,TRUE,08-10-23 00:00,FALSE,3161253540,ACTIVE,5193.72
MCH9070,Buch Samra And Tata,Medical & Health,59120,Partnership / LLP,Lucknow,Uttar Pradesh,TRUE,19-11-23 07:02,FALSE,6049785311,ACTIVE,5075.53
MCH9074,Sa1Vi Tata,Hotel & Lodging,7011,Partnership / LLP,Chennai,Tamil Nadu,TRUE,24-04-25 00:00,TRUE,XXXX6816,ACTIVE,0.1227
MCH9075,Bhakta Inc,Phone Service,4814,Partnership / LLP,New Delhi,Delhi,TRUE,20-10-23 00:00,FALSE,,INACTIVE,1186.46
MCH9080,Jani And Sons,Apparel & Fashion,5699,Partnership / LLP,Lucknow,Uttar Pradesh,TRUE,13-05-25 00:00,TRUE,XXXX8347,SUSPENDED,672.43
MCH9081,Patil Hans,Phone Service,4814,Individual,Mumbai,Maharashtra,TRUE,12-06-25 12:49,FALSE,8795015116,ACTIVE,942.235
MCH9082,Din Batta,Retail & Groceries,5311,Private Limited,Mumbai,Maharashtra,TRUE,18-02-24 00:00,TRUE,XXXX5721,ACTIVE,4454.42
MCH9083,Gera Varghese And Karpe,Retail & Groceries,53110,Private Limited,Jaipur,Rajasthan,TRUE,19-05-25 00:31,FALSE,9824715725,ACTIVE,3755.09
MCH9088,Bhardwaj Bala,Miscellaneous,5999,Partnership / LLP,Chennai,Tamil Nadu,TRUE,26-06-25 00:00,FALSE,UMVD8641404072198,ACTIVE,0.413
MCH9091,Dewan Hayre And Kala,Travel & Transport,4131,Proprietorship,Amritsar,Punjab,FALSE,,FALSE,VGTR9380587606414,INACTIVE,4267.28
MCH9092,Mall Deshpande,Medical & Health,7011,Partnership / LLP,New Delhi,Delhi,TRUE,26-12-25 00:00,FALSE,JMDU2866891583451,ACTIVE,1485.1
MCH9094,Yadav Zacharia And Dutt,Medical & Health,5912,Proprietorship,Ludhiana,Punjab,TRUE,24-09-23 00:00,FALSE,2133770313,SUSPENDED,1081.32
MCH9095,Mital Reddy,Electronics & Tech,4814,Partnership / LLP,Lucknow,Uttar Pradesh,TRUE,07-12-25 00:00,FALSE,,SUSPENDED,1105.17
MCH9096,Tandon Thaman,Retail Other,5999,Individual,New Delhi,Delhi,TRUE,03-09-23 00:00,FALSE,3351065613,ACTIVE,2658.35
MCH9098,Manda And Sons,Food & Beverage,5812,Partnership / LLP,Bengaluru,Karnataka,TRUE,03-03-24 16:14,TRUE,XXXX2826,ACTIVE,0.87
MCH9100,Dey Bandi,Misc Retail,5999,Proprietorship,Mumbai,Maharashtra,TRUE,23-01-23 11:38,FALSE,XLOL4843036264872,ACTIVE,707.08
MCH9101,Pal Ramesh,Travel & Transport,4121,Partnership / LLP,Pune,Maharashtra,TRUE,29-05-24 14:48,TRUE,XXXX0762,ACTIVE,0.1223
MCH9102,Sastry Wali,Books & Stationery,59420,Private Limited,Poona,Maharashtra,TRUE,30-06-25 04:03,FALSE,WUTS6822135925592,ACTIVE,1846
MCH9104,Mannan Kaul,Travel & Transport,4131,Proprietorship,Amritsar,Punjab,TRUE,17-08-23 14:59,TRUE,XXXX9446,ACTIVE,1425.14
MCH9107,Devi Chhabra And Sharaf,Apparel & Fashion,56990,Proprietorship,Pune,Maharashtra,TRUE,22-02-26 08:24,FALSE,5670845997,ACTIVE,0.637
MCH9109,Som Mittal And Wable,Apparel & Fashion,56990,Partnership / LLP,Asr,Punjab,TRUE,08-11-24 00:00,TRUE,XXXX6670,ACTIVE,0.553
MCH9110,Barad Llc,Medical & Health,7011,Individual,Lucknow,Uttar Pradesh,TRUE,01-08-24 13:01,TRUE,XXXX8331,INACTIVE,1477.89
MCH9111,Dhar Thaker And Madan,Misc Retail,59990,Private Limited,Calcutta,West Bengal,TRUE,11-08-24 00:00,FALSE,IKTX4120845617487,ACTIVE,1785.1
MCH9112,Pingle Natt,Retail & Groceries,53110,Proprietorship,Lucknow,Uttar Pradesh,TRUE,18-09-23 08:56,FALSE,GWBM3117902848580,INACTIVE,0.356
MCH9114,Narayan Kalita,Apparel & Fashion,56990,Individual,Bengaluru,Karnataka,TRUE,08-03-25 21:47,FALSE,PHUX7313608770713,ACTIVE,0.2471
MCH9117,Kale Kohli And Chhabra,Books & Stationery,59420,Proprietorship,Jalandhar,Punjab,FALSE,,FALSE,,SUSPENDED,206.51
MCH9119,Dyal Salvi,Electronics & Tech,4814,Partnership / LLP,Chennai,Tamil Nadu,TRUE,20-04-23 00:00,FALSE,,ACTIVE,6428.96
MCH9120,Sood Ltd,Hotel & Lodging,7011,Proprietorship,Mumbai,Maharashtra,TRUE,24-09-25 21:17,FALSE,,ACTIVE,680.9
MCH9121,Divan Char,Books & Stationery,5942,Partnership / LLP,Amritsar,Punjab,TRUE,18-02-25 00:00,FALSE,YDYC9354203967320,ACTIVE,339.98
MCH9125,Mallick Walia And Kanda,Retail & Groceries,5311,Partnership / LLP,Chennai,Tamil Nadu,TRUE,21-10-23 19:24,FALSE,,ACTIVE,3007.21
MCH9126,Anne Chahal,Retail & Groceries,5411,Partnership / LLP,Hyderabad,Telangana,TRUE,05-03-23 00:00,FALSE,,ACTIVE,1076.395
MCH9128,Vig Menon And Prabhakar,Books & Stationery,5942,Proprietorship,New Delhi,Delhi,TRUE,30-08-23 06:57,FALSE,ROAG7230893964425,ACTIVE,0.594
MCH9129,Sinha Chauhan And Sathe,Retail & Groceries,5411,Partnership / LLP,Calcutta,West Bengal,TRUE,06-07-25 00:00,FALSE,VXNZ5598805748177,ACTIVE,914.12
MCH9130,Chhabra Llc,Food & Beverage,5812,Private Limited,Jalandhar,Punjab,TRUE,12-09-24 00:00,FALSE,,ACTIVE,1786.29
MCH9131,Arya Narang And Maharaj,Hotel & Lodging,7011,Individual,Jaipur,Rajasthan,TRUE,19-04-24 05:10,FALSE,,ACTIVE,6588.75
MCH9132,Shankar Bahl,Electronics & Tech,4814,Individual,Pune,Maharashtra,TRUE,12-04-23 18:44,FALSE,LXEB0419516326153,SUSPENDED,2278.28
MCH9133,Rai Nadig And Karpe,Transprt,4131,Private Limited,Ludhiana,Punjab,TRUE,09-03-25 00:00,FALSE,,ACTIVE,268.65
MCH9134,Edwin Viswanathan,Apparel & Fashion,5699,Proprietorship,Jalandhar,Punjab,FALSE,,FALSE,,ACTIVE,1602.69
MCH9135,Nath Samra And Chopra,Electronics & Tech,4814,Proprietorship,Kolkata,West Bengal,TRUE,02-04-26 01:44,FALSE,7899898758,ACTIVE,387.53
MCH9136,Mody Ltd,Retail & Groceries,54110,Individual,Chennai,Tamil Nadu,TRUE,10-07-24 00:00,FALSE,MHEB9502738400073,ACTIVE,1976.5
MCH9137,Chakrabarti Plc,Transprt,4131,Private Limited,Jaipur,Rajasthan,TRUE,19-11-23 00:00,TRUE,XXXX6117,ACTIVE,347.82
MCH9140,Raghavan Batta,Electronics & Tech,4814,Individual,Bengaluru,Karnataka,TRUE,04-11-24 20:20,FALSE,HHIC1764468874406,ACTIVE,755.01
MCH9143,Prakash Inc,Food & Beverage,5812,Partnership / LLP,Lucknow,Uttar Pradesh,TRUE,02-03-23 00:00,TRUE,XXXX9977,ACTIVE,1791.89
MCH9145,Chad Karpe,Apparel & Fashion,56990,Partnership / LLP,Jaipur,Rajasthan,TRUE,11-08-24 19:13,FALSE,XQWX8871352480351,ACTIVE,359.12
MCH9147,Bedi Dugar,Medical & Health,5912,Proprietorship,Bengaluru,Karnataka,TRUE,31-05-24 05:15,FALSE,,ACTIVE,1264.98
MCH9148,Venkatesh And Sons,Medical & Health,7011,Proprietorship,Hyderabad,Telangana,TRUE,16-07-23 21:32,TRUE,XXXX2774,ACTIVE,0.503
MCH9149,Varghese Plc,Retail & Groceries,54110,Individual,Jaipur,Rajasthan,TRUE,26-12-25 00:00,FALSE,,ACTIVE,3708.64
MCH9151,Ravi Ltd,Travel & Transport,4131,Partnership / LLP,Jalandhar,Punjab,TRUE,26-06-25 08:37,FALSE,,ACTIVE,779.12
MCH9152,Kara Parikh,Electronics & Tech,4814,Proprietorship,Lucknow,Uttar Pradesh,TRUE,01-12-24 00:00,FALSE,,ACTIVE,5009.29
MCH9153,Amble And Sons,Travel & Transport,4131,Proprietorship,Asr,Punjab,TRUE,04-11-25 00:00,FALSE,RQJV0029687316825,ACTIVE,1023.91
MCH9154,Pal Dara And Yadav,Retail Other,59990,Private Limited,Jaipur,Rajasthan,TRUE,12-07-25 00:00,TRUE,XXXX2752,ACTIVE,3887.81
MCH9158,Sachdeva Va1A And Bedi,Food & Beverage,5812,Proprietorship,Lucknow,Uttar Pradesh,FALSE,,FALSE,8244922873,INACTIVE,6181.65
MCH9160,Som Ltd,Electronics & Tech,48140,Partnership / LLP,Ludhiana,Punjab,TRUE,29-01-25 00:00,FALSE,9756179537,ACTIVE,722.22
MCH9161,Patla Group,Retail,5311,Individual,Pune,Maharashtra,TRUE,25-10-24 00:00,TRUE,XXXX6366,ACTIVE,1771.36
MCH9162,Shankar Shah,Miscellaneous,5999,Private Limited,Bangalore,Karnataka,TRUE,22-02-23 00:00,FALSE,BRKF3158800571527,ACTIVE,934.62
MCH9164,Mital And Sons,Apparel & Fashion,,Private Limited,Dilli,Delhi,TRUE,12-08-25 00:00,FALSE,,ACTIVE,4681.79
MCH9165,Iyengar Raja And Bhasin,Retail & Groceries,5411,Private Limited,Lucknow,Uttar Pradesh,TRUE,01-03-24 00:00,TRUE,XXXX0194,ACTIVE,1898.13
MCH9173,Bumb Bandi,Miscellaneous,5999,Proprietorship,Poona,Maharashtra,TRUE,26-06-23 02:58,FALSE,,ACTIVE,450.27
MCH9174,Chander Goswami And Butala,Medical & Health,7011,Partnership / LLP,Jalandhar,Punjab,TRUE,14-06-24 12:24,FALSE,1722137543,ACTIVE,914.67
MCH9175,Bhatt Ltd,Medical & Health,7011,Proprietorship,Blr,Karnataka,TRUE,27-04-25 18:17,FALSE,2467254885,ACTIVE,567.73
MCH9176,Jayaraman Plc,Retail & Groceries,5311,Private Limited,Jalandhar,Punjab,TRUE,16-08-25 00:00,FALSE,,SUSPENDED,609.42
MCH9180,Ramaswamyplc,Apparel & Fashion,56990,Individual,Pune,Maharashtra,TRUE,08-08-25 00:00,FALSE,,ACTIVE,1761.26
MCH9185,Om Ltd,Food & Beverage,5812,Partnership / LLP,Kolkata,West Bengal,TRUE,22-09-25 00:00,FALSE,RKEJ2980134292377,INACTIVE,311.59
MCH9187,Mane And Sons,Food & Beverage,58120,Individual,Hyderabad,Telangana,TRUE,18-12-25 00:00,FALSE,,ACTIVE,508.01
MCH9188,Randhawa Plc,Electronics & Tech,4814,Partnership / LLP,Jalandhar,Punjab,TRUE,09-11-24 00:00,TRUE,XXXX7941,ACTIVE,1021.355
MCH9190,Dugar Babu And Ba1A,Food & Beverage,58120,Individual,Chennai,Tamil Nadu,TRUE,24-01-25 00:00,FALSE,,ACTIVE,471.43
MCH9192,Gandhi Llc,Medical & Health,5912,Individual,Jaipur,Rajasthan,TRUE,01-03-25 00:00,FALSE,,ACTIVE,1758.06
MCH9193,Ramachandran Rao,Apparel & Fashion,5699,Individual,Bengaluru,Karnataka,TRUE,07-04-24 00:00,TRUE,XXXX3147,ACTIVE,1693.53
MCH9195,Manne Parsa And Ratta,Retail & Groceries,53110,Individual,Kolkata,West Bengal,TRUE,08-01-25 03:54,TRUE,XXXX4221,ACTIVE,1304.69
MCH9196,Dani Palla And Ramachandran,Hotel & Lodging,7011,Proprietorship,Hyd,Telangana,TRUE,02-04-23 00:00,FALSE,5171234438,ACTIVE,403.86
MCH9199,Goda Patel,Phone Service,4814,Partnership / LLP,Lucknow,Uttar Pradesh,TRUE,23-12-24 00:00,FALSE,3404405124,ACTIVE,992.24
MCH9201,Ramachandran Plc,Phone Service,4814,Private Limited,Jaipur,Rajasthan,TRUE,02-10-24 18:21,FALSE,,ACTIVE,1064.13
MCH9203,Patel Bhasin,Hotel & Lodging,7011,Partnership / LLP,New Delhi,Delhi,TRUE,14-04-25 00:00,TRUE,XXXX4448,ACTIVE,1305.76
MCH9205,Lala Ltd,Travel & Transport,4131,Private Limited,Kolkata,West Bengal,TRUE,26-11-24 04:12,TRUE,XXXX6473,SUSPENDED,569.25
MCH9207,Gola Prabhu And Sood,Retail & Groceries,53110,Private Limited,Calcutta,West Bengal,TRUE,14-02-25 20:21,FALSE,YDIJ7187856499079,ACTIVE,1107.16
MCH9208,Lala Tiwari,Books & Stationery,5942,Partnership / LLP,Asr,Punjab,TRUE,17-05-23 00:00,FALSE,,ACTIVE,338.09
MCH9211,Dubey Kurian,Hotel & Lodging,7011,Individual,Jalandhar,Punjab,TRUE,01-08-23 00:00,TRUE,XXXX5476,ACTIVE,2981.74
MCH9216,Amble Thaman,Medical & Health,,Partnership / LLP,Ludhiana,Punjab,TRUE,10-02-25 00:00,FALSE,TRSX1584484080188,ACTIVE,2329.15
MCH9219,Baria Inc,Electronics & Tech,4814,Proprietorship,Jaipur,Rajasthan,TRUE,29-07-24 00:00,FALSE,7495991370,ACTIVE,0.1931
MCH9220,Agate Boaseandkurian,Travel & Transport,4131,Proprietorship,New Delhi,Delhi,FALSE,,TRUE,XXXX4686,INACTIVE,728.01
MCH9223,D’Alia Hans,Apparel & Fashion,5699,Partnership / LLP,Chennai,Tamil Nadu,TRUE,09-12-24 02:24,FALSE,IGRU6773049024506,ACTIVE,0.376
MCH9226,Sandhu Jha And Randhawa,Apparel & Fashion,5699,Individual,Pune,Maharashtra,TRUE,03-12-24 00:00,FALSE,SCBS7759924913955,ACTIVE,5451.11
MCH9228,Ram Inc,Other,5999,Individual,Hyderabad,Telangana,TRUE,19-10-25 16:20,TRUE,XXXX4276,ACTIVE,1661.79
MCH9229,Anne Parikh,Books & Stationery,,Private Limited,Jaipur,Rajasthan,TRUE,23-10-25 00:00,FALSE,,INACTIVE,173.81
MCH9231,Kala Dugar,Transprt,4131,Partnership / LLP,Poona,Maharashtra,FALSE,,FALSE,7817631283,ACTIVE,228.82
MCH9232,Ahuja Chaudhry,Travel & Transport,4131,Individual,Hyderabad,Telangana,TRUE,20-04-23 00:00,TRUE,XXXX7963,ACTIVE,361.11
MCH9234,Jhaveri Chandran And Shukla,Medical & Health,7011,Partnership / LLP,Lucknow,Uttar Pradesh,TRUE,26-07-24 00:00,TRUE,XXXX3221,ACTIVE,762.04
MCH9237,Gokhale Inc,Medical & Health,5912,Private Limited,Ludhiana,Punjab,TRUE,28-09-25 00:00,FALSE,LPZT4038353121229,ACTIVE,1901.54
MCH9239,Balakrishnan Das,Retail & Groceries,5411,Partnership / LLP,Blr,Karnataka,TRUE,11-12-25 06:31,FALSE,EHOI0009201922607,ACTIVE,1076.395
MCH9242,Kadakia Yadav And Seshadri,Hotel & Lodging,70110,Partnership / LLP,Hyd,Telangana,TRUE,10-03-23 00:00,TRUE,XXXX4049,SUSPENDED,1024.36
MCH9245,Zachariah Suri,Retail,5311,Individual,Jalandhar,Punjab,TRUE,03-05-23 00:00,FALSE,ZBKQ5898737738506,ACTIVE,328.18
MCH9246,Krishna Wable And Kanda,Electronics & Tech,4814,Proprietorship,Pune,Maharashtra,TRUE,01-03-23 00:00,TRUE,XXXX5813,ACTIVE,859.77
MCH9249,Aggarwal Agarwal And Naidu,Apparel & Fashion,5699,Partnership / LLP,Chennai,Tamil Nadu,TRUE,23-12-25 00:00,TRUE,XXXX8648,ACTIVE,3533.14
MCH9251,Venkatesh Randhawa And Lal,Transprt,4131,Proprietorship,Lucknow,Uttar Pradesh,TRUE,02-01-26 09:37,FALSE,6838955230,ACTIVE,621.25
MCH9253,Gole Llc,Apparel & Fashion,5699,Proprietorship,Amritsar,Punjab,TRUE,09-05-24 20:29,TRUE,XXXX9261,ACTIVE,1349.23
MCH9255,Hegde Dass And Sehgal,Apparel & Fashion,5699,Private Limited,Amritsar,Punjab,TRUE,19-07-23 10:19,FALSE,,ACTIVE,1054.61
MCH9257,Deep Venkataraman,Hotel & Lodging,70110,Partnership / LLP,Asr,Punjab,TRUE,17-12-23 00:00,FALSE,AYAD9422325940628,ACTIVE,705.83
MCH9258,Edwin Inc,Books & Stationery,5942,Partnership / LLP,Lucknow,Uttar Pradesh,TRUE,26-09-24 00:00,FALSE,28974564,ACTIVE,1647.77
MCH9261,Gupta Manne,Food & Beverage,58120,Individual,Jaipur,Rajasthan,TRUE,10-07-25 09:04,FALSE,,ACTIVE,0.2734
MCH9263,Chatterjee Anand And Mani,Retail Other,5999,Partnership / LLP,Calcutta,West Bengal,TRUE,05-05-24 00:44,FALSE,,ACTIVE,628.47
MCH9266,Badami Pathak And Nanda,Apparel & Fashion,5699,Private Limited,Pune,Maharashtra,TRUE,09-10-24 19:17,FALSE,3246654174,ACTIVE,157.82
MCH9271,Bera Contractor And Trivedi,Travel & Transport,4131,Proprietorship,New Delhi,Delhi,TRUE,20-02-25 00:00,FALSE,KHLJ8243266357655,ACTIVE,1023.91
MCH9276,Trivedi Kunda,Apparel & Fashion,5699,Individual,New Delhi,Delhi,TRUE,31-12-25 04:58,TRUE,XXXX9182,ACTIVE,2310.01
MCH9277,Pa1 R0Ut,Books & Stationery,5942,Individual,Asr,Punjab,TRUE,10-02-26 18:58,FALSE,,ACTIVE,963.33
MCH9278,Pant Plc,Books & Stationery,5942,Partnership / LLP,Bangalore,Karnataka,TRUE,25-06-24 23:31,FALSE,MCZF8391507084286,ACTIVE,0.822
MCH9279,Choudhury Llc,Retail & Groceries,5411,Proprietorship,Kolkata,West Bengal,TRUE,18-11-24 00:00,FALSE,970198759,ACTIVE,644.81
MCH9287,Datta Virk And Arya,Misc Retail,5999,Individual,Amritsar,Punjab,TRUE,21-09-25 00:00,TRUE,XXXX9129,ACTIVE,636.69
MCH9289,Lall Llc,Hotel & Lodging,7011,Private Limited,Kolkata,West Bengal,TRUE,08-12-25 09:38,FALSE,PFKV1152289254196,ACTIVE,3024.28
MCH9290,Gole Viswanathan And Brahmbhatt,Medical & Health,70110,Partnership / LLP,Ludhiana,Punjab,FALSE,,FALSE,,INACTIVE,1704.51
MCH9291,Mukhopadhyay Dua And Dada,Apparel & Fashion,5699,Proprietorship,Dilli,Delhi,TRUE,24-12-23 00:00,FALSE,4794994318,ACTIVE,0.875
MCH9296,Bhakta Sen,Apparel & Fashion,5699,Private Limited,New Delhi,Delhi,TRUE,29-12-24 00:00,FALSE,CFXN3327085441809,ACTIVE,453.57
MCH9298,Jain Ltd,Books & Stationery,5942,Proprietorship,Bangalore,Karnataka,TRUE,03-02-24 12:58,TRUE,XXXX4996,ACTIVE,8519.11
MCH9299,Pathak Menon,Food & Beverage,5812,Proprietorship,Ludhiana,Punjab,TRUE,28-04-24 07:03,FALSE,,ACTIVE,0.3015
MCH9302,Savant Dave,Retail & Groceries,5311,Partnership / LLP,Blr,Karnataka,TRUE,17-08-25 00:00,FALSE,,ACTIVE,543.56
MCH9304,Char Ltd,Electronics & Tech,4814,Individual,Blr,Karnataka,TRUE,01-05-24 00:00,FALSE,,ACTIVE,531.14
MCH9306,Zachariah Anne,Books & Stationery,5942,Partnership / LLP,Mumbai,Maharashtra,TRUE,10-02-26 00:00,FALSE,JLTB4031924458479,ACTIVE,1250.09
MCH9307,Bajwa Dhawan And Guha,Food & Beverage,,Proprietorship,Jalandhar,Punjab,TRUE,07-03-24 00:00,FALSE,,ACTIVE,468.19
MCH9310,Ganguly Tella,Medical & Health,7011,Individual,Pune,Maharashtra,TRUE,29-03-24 00:00,TRUE,XXXX9831,ACTIVE,482.88
MCH9311,Dyal Mohan And Patla,Books & Stationery,5942,Proprietorship,Bengaluru,Karnataka,TRUE,16-02-25 00:00,FALSE,8480146699,ACTIVE,1774.56
MCH9316,Bandi Ltd,Retail & Groceries,5411,Proprietorship,Ludhiana,Punjab,TRUE,21-08-25 00:00,FALSE,9331997992,ACTIVE,1198.18
MCH9319,Ladinc,Apparel & Fashion,56990,Proprietorship,Jalandhar,Punjab,TRUE,20-07-25 00:00,TRUE,XXXX7774,ACTIVE,839.54
MCH9320,Char Inc,Retail & Groceries,54110,Private Limited,Hyderabad,Telangana,TRUE,22-11-25 00:00,FALSE,OFHR1997447322569,ACTIVE,0.695
MCH9322,Khosla Walia And Deep,Retail & Groceries,5311,Partnership / LLP,Kolkata,West Bengal,TRUE,15-07-24 00:00,FALSE,BPNH2377464616036,ACTIVE,1060.15
MCH9325,Patel Parikh And Kaul,Electronics & Tech,4814,Private Limited,Lucknow,Uttar Pradesh,TRUE,13-03-23 00:58,FALSE,9323786200,ACTIVE,1538.45
MCH9332,Gala Inc,Apparel & Fashion,5699,Private Limited,Amritsar,Punjab,TRUE,21-03-23 00:00,TRUE,XXXX9903,ACTIVE,1348.88
MCH9335,Shenoy Group,Apparel & Fashion,5699,Partnership / LLP,Lucknow,Uttar Pradesh,TRUE,07-07-24 04:29,FALSE,,ACTIVE,1203.23
MCH9338,D’Alia Mitter,Books & Stationery,,Partnership / LLP,Mumbai,Maharashtra,TRUE,01-07-25 00:00,FALSE,,ACTIVE,604.36
MCH9340,Mallick Konda,Other,5999,Individual,Bengaluru,Karnataka,TRUE,24-01-25 13:55,FALSE,,ACTIVE,1550.33
MCH9342,Dua Lala,Misc Retail,5999,Proprietorship,Bengaluru,Karnataka,TRUE,17-04-25 11:33,FALSE,BUXU5026475055431,SUSPENDED,1698.37
MCH9343,Sridhar Sarna,Medical & Health,7011,Partnership / LLP,Chennai,Tamil Nadu,TRUE,16-08-25 00:00,TRUE,XXXX5274,ACTIVE,287.96
MCH9345,Mahal Inc,Electronics & Tech,48140,Private Limited,Amritsar,Punjab,TRUE,30-11-25 00:00,FALSE,5557853955,ACTIVE,4834.52
MCH9348,Toor Parekh And Agate,Books & Stationery,59420,Private Limited,Asr,Punjab,TRUE,30-03-25 00:00,FALSE,HCSS6943242832650,ACTIVE,4472.44
MCH9349,Bhat Suri And Khalsa,Retail Other,5999,Individual,Hyderabad,Telangana,TRUE,15-07-23 00:00,FALSE,7591595714,ACTIVE,2394.34
MCH9350,Singh Sane,Retail & Groceries,5411,Private Limited,Ludhiana,Punjab,TRUE,13-04-23 00:00,FALSE,1346716181,ACTIVE,840.43
MCH9352,Ramanathan Lala,Travel & Transport,4131,Partnership / LLP,Bengaluru,Karnataka,TRUE,09-02-26 00:00,FALSE,ICJY2091662937472,ACTIVE,1121.19
MCH9353,Ray Gaba,Food & Beverage,5812,Private Limited,Pune,Maharashtra,TRUE,21-09-23 00:00,FALSE,4567108215,ACTIVE,1357.72
MCH9354,Srinivasan Bhargava And Sathe,Hotel & Lodging,7011,Private Limited,Pune,Maharashtra,TRUE,26-12-25 03:14,FALSE,MCIS2962837592027,ACTIVE,272.4
MCH9355,Vig Plc,Medical & Health,5912,Partnership / LLP,Jalandhar,Punjab,TRUE,01-11-24 00:00,FALSE,KRTG3596169904435,ACTIVE,1697.72
MCH9356,Waglellc,Retail & Groceries,5411,Partnership / LLP,New Delhi,Delhi,TRUE,15-09-25 00:00,TRUE,XXXX8552,ACTIVE,0.862
MCH9358,Shroff Ltd,Retail & Groceries,5311,Proprietorship,Kolkata,West Bengal,TRUE,21-05-23 00:00,FALSE,RLLU5222765967468,ACTIVE,1856.54
MCH9359,Ramanathan Parekh And Agrawal,Travel & Transport,4131,Partnership / LLP,Ludhiana,Punjab,TRUE,08-04-23 13:17,FALSE,FQHN0033426656652,ACTIVE,3245.01
MCH9362,Lala Oza And Chahal,Medical & Health,59120,Proprietorship,New Delhi,Delhi,TRUE,25-04-24 00:00,TRUE,XXXX6427,ACTIVE,1820.41
MCH9363,Mannan Group,Travel & Transport,4131,Private Limited,Mumbai,Maharashtra,TRUE,29-07-24 00:00,FALSE,,ACTIVE,1023.91
MCH9366,Parsa Walia And Viswanathan,Apparel & Fashion,5699,Individual,Jalandhar,Punjab,TRUE,13-11-24 00:00,TRUE,XXXX5233,ACTIVE,7891.78
MCH9367,Luthra And Sons,Books & Stationery,,Private Limited,Amritsar,Punjab,TRUE,31-05-23 17:55,FALSE,,ACTIVE,0.1752
MCH9369,Kara Group,Medical & Health,7011,Proprietorship,Calcutta,West Bengal,TRUE,06-07-24 20:37,FALSE,,ACTIVE,0.2036
MCH9370,Mallick Gola,Misc Retail,5999,Private Limited,Jaipur,Rajasthan,TRUE,20-02-23 00:00,FALSE,LVKV0562210759080,ACTIVE,4284.71
MCH9371,Mand Oommen,Retail & Groceries,5411,Private Limited,Chennai,Tamil Nadu,TRUE,11-11-23 00:00,FALSE,,ACTIVE,284.42
MCH9375,Bhalla Koshy And Sule,Books & Stationery,,Individual,Ludhiana,Punjab,TRUE,28-07-23 23:16,TRUE,XXXX7795,ACTIVE,924.32
MCH9377,Chaudhuri Plc,Apparel & Fashion,5699,Proprietorship,New Delhi,Delhi,TRUE,14-04-23 00:00,FALSE,6784208248,ACTIVE,1583.18
MCH9379,Nazareth And Sons,Misc Retail,5999,Individual,Kolkata,West Bengal,FALSE,,TRUE,XXXX1135,INACTIVE,0.242
MCH9380,Chakrabarti Group,Food & Beverage,5812,Private Limited,Ludhiana,Punjab,TRUE,23-11-23 00:00,FALSE,ECMM7078142170981,ACTIVE,0.199
MCH9383,Sekhon Padmanabhanandrege,Books & Stationery,5942,Individual,Chennai,Tamil Nadu,TRUE,24-01-26 02:02,FALSE,4786143604,SUSPENDED,0.2841
MCH9385,Ray Gu1Ati And Gi11,Electronics & Tech,4814,Proprietorship,Asr,Punjab,TRUE,17-02-24 00:00,FALSE,,ACTIVE,1178.44
MCH9386,Shankar Ltd,Travel & Transport,41310,Individual,Amritsar,Punjab,TRUE,23-10-23 00:00,TRUE,XXXX6796,ACTIVE,252.98
MCH9388,Mahajan Dixit And Memon,Medical & Health,7011,Partnership / LLP,Calcutta,West Bengal,TRUE,21-11-24 00:00,FALSE,,ACTIVE,1507.31
MCH9390,Minhas Pauandnarayanan,Travel & Transport,41310,Individual,Ludhiana,Punjab,FALSE,,FALSE,,ACTIVE,2246.12
MCH9391,Vasa Mitra,Phone Service,48140,Individual,Jalandhar,Punjab,TRUE,30-10-24 00:00,TRUE,XXXX6623,ACTIVE,1456.23
MCH9393,Sehgal Chawla And Korpal,Food & Beverage,5812,Individual,Amritsar,Punjab,TRUE,09-03-25 17:19,TRUE,XXXX8440,ACTIVE,896.96
MCH9394,Pal Taneja,Electronics & Tech,4814,Private Limited,Ludhiana,Punjab,TRUE,02-01-24 00:00,FALSE,,INACTIVE,311.59
MCH9395,Bhagat Chana,Apparel & Fashion,5699,Private Limited,Jaipur,Rajasthan,TRUE,12-12-24 00:00,FALSE,,ACTIVE,2768.73
MCH9396,Baria Bhasin,Medical & Health,5912,Partnership / LLP,Pune,Maharashtra,TRUE,24-01-25 00:00,FALSE,WSGG2231313442332,ACTIVE,157.3
MCH9397,Ramaswamy Goel,Retail & Groceries,5411,Private Limited,Jalandhar,Punjab,TRUE,20-12-25 01:06,FALSE,3711511693,ACTIVE,0.1519
MCH9398,Soman Murthy And Mangat,Retail & Groceries,5411,Partnership / LLP,Bengaluru,Karnataka,TRUE,21-02-26 00:00,FALSE,,ACTIVE,5429.9
MCH9400,Dara Desai And Sethi,Other,5999,Partnership / LLP,Mumbai,Maharashtra,TRUE,23-08-25 00:00,FALSE,,ACTIVE,2120.88
MCH9401,Ravi Llc,Hotel & Lodging,7011,Proprietorship,Pune,Maharashtra,TRUE,14-11-25 00:00,FALSE,1215375647,ACTIVE,1824.72
MCH9402,Vyas Nath,Food & Beverage,5812,Private Limited,Lucknow,Uttar Pradesh,TRUE,18-09-23 00:00,FALSE,,ACTIVE,640.89
MCH9403,Bains Banerjeeandbansal,Hotel & Lodging,7011,Partnership / LLP,Mumbai,Maharashtra,TRUE,22-02-25 16:11,FALSE,,ACTIVE,1838.83
MCH9404,Baral And Sons,Travel & Transport,4131,Private Limited,Calcutta,West Bengal,TRUE,02-10-25 00:00,FALSE,,ACTIVE,1023.91
MCH9406,Randhawa And Sons,Food & Beverage,5812,Individual,Lucknow,Uttar Pradesh,TRUE,11-08-25 00:00,TRUE,XXXX6795,ACTIVE,2159.94
MCH9408,Arya Vig,Travel & Transport,4131,Individual,Bengaluru,Karnataka,TRUE,24-12-23 00:00,FALSE,6291585633,ACTIVE,784.44
MCH9410,Sagar Chawla,Apparel & Fashion,5699,Individual,Jalandhar,Punjab,TRUE,24-01-26 00:00,TRUE,XXXX0534,ACTIVE,0.82
MCH9412,Nayak Guha,Travel & Transport,4131,Individual,Amritsar,Punjab,FALSE,,TRUE,XXXX5639,ACTIVE,2887.33
MCH9413,Kala Sarkar,Medical & Health,5912,Proprietorship,Hyderabad,Telangana,TRUE,25-10-23 07:38,TRUE,XXXX4409,ACTIVE,869.76
MCH9414,Banik Garde,Food & Beverage,5812,Individual,Jalandhar,Punjab,TRUE,16-01-25 00:00,FALSE,VESW9193556812149,ACTIVE,942.13
MCH9415,Krishnamurthy Warrior,Hotel & Lodging,70110,Proprietorship,Ludhiana,Punjab,TRUE,21-02-23 00:00,FALSE,,ACTIVE,438.69
MCH9416,Kulkarni And Sons,Retail & Groceries,5411,Partnership / LLP,Bombay,Maharashtra,TRUE,13-12-24 22:23,FALSE,558936473,ACTIVE,0.755
MCH9418,Bora Venkatesh And Loke,Retail & Groceries,5411,Individual,Bengaluru,Karnataka,TRUE,22-05-24 00:00,FALSE,ZTOW0641939254087,SUSPENDED,1520.21
MCH9423,Apte Group,Hotel & Lodging,7011,Proprietorship,Chennai,Tamil Nadu,TRUE,24-10-25 00:00,FALSE,HHBU3998361677128,ACTIVE,3132.43
MCH9424,Sur Bajaj,Retail & Groceries,5311,Proprietorship,Blr,Karnataka,TRUE,18-04-25 00:00,TRUE,XXXX3219,ACTIVE,1902.79
MCH9426,Puri Soman,Apparel & Fashion,56990,Individual,Bangalore,Karnataka,TRUE,28-10-23 00:00,FALSE,EDMP4232010731701,ACTIVE,333.54
MCH9428,Dyal Varma And Sachdeva,Other,5999,Private Limited,Lucknow,Uttar Pradesh,FALSE,,FALSE,,ACTIVE,1955.23
MCH9429,Varghese Mitter,Hotel & Lodging,7011,Partnership / LLP,Hyd,Telangana,TRUE,16-12-24 00:00,FALSE,ICYM9819940442894,ACTIVE,1566.55
MCH9430,Shetty Pau And Chhabra,Phone Service,4814,Partnership / LLP,Poona,Maharashtra,TRUE,31-10-23 00:00,FALSE,,ACTIVE,927.24
MCH9431,Madan Kota,Travel & Transport,4131,Private Limited,Bengaluru,Karnataka,TRUE,05-02-23 00:00,FALSE,1678744111,ACTIVE,436.79
MCH9433,Chhabra Naik,Medical & Health,5912,Individual,Jalandhar,Punjab,TRUE,14-12-23 00:00,FALSE,CQOU4085851260723,ACTIVE,4629.09
MCH9434,Srinivasan Savant,Food & Beverage,5812,Partnership / LLP,Chennai,Tamil Nadu,TRUE,01-05-23 21:28,TRUE,XXXX0171,ACTIVE,958.85
MCH9439,Jani Llc,Retail & Groceries,5411,Proprietorship,Blr,Karnataka,TRUE,24-02-24 00:00,FALSE,2073250929,ACTIVE,275.02
MCH9440,Ratti Llc,Retail,5311,Individual,Jalandhar,Punjab,FALSE,,FALSE,MAUW1308281422202,ACTIVE,186.6
MCH9442,Issac Batra,Medical & Health,7011,Partnership / LLP,Dilli,Delhi,TRUE,12-08-25 00:00,FALSE,,ACTIVE,1049.17
MCH9443,Bumb Sama And Prashad,Travel & Transport,4131,Proprietorship,Lucknow,Uttar Pradesh,TRUE,28-03-24 00:00,FALSE,,ACTIVE,712.16
MCH9444,Sachdeva Khatri,Travel & Transport,4131,Partnership / LLP,Jalandhar,Punjab,TRUE,13-01-24 00:00,FALSE,2308250236,ACTIVE,345.26
MCH9447,Sundaram Llc,Retail Other,5999,Individual,Hyderabad,Telangana,TRUE,30-01-26 00:00,TRUE,XXXX5917,ACTIVE,974.62
MCH9448,Sant Manda And Khurana,Apparel & Fashion,,Partnership / LLP,Jalandhar,Punjab,TRUE,08-10-23 00:00,TRUE,XXXX3103,ACTIVE,0.522
MCH9450,Bahl Varughese And Char,Electronics & Tech,4814,Partnership / LLP,Pune,Maharashtra,TRUE,22-06-23 16:33,FALSE,RGOX3327381847596,ACTIVE,0.26
MCH9452,Kapoor Kara,Other,5999,Private Limited,Kolkata,West Bengal,FALSE,,FALSE,TTFV4828934746515,INACTIVE,872.49
MCH9456,Anne Group,Misc Retail,5999,Proprietorship,Chennai,Tamil Nadu,TRUE,16-05-24 00:00,FALSE,,ACTIVE,896.81
MCH9457,Grover Deep And Subramaniam,Travel & Transport,4131,Partnership / LLP,Blr,Karnataka,TRUE,19-01-26 00:00,TRUE,XXXX7189,ACTIVE,276.66
MCH9458,Raja Ltd,Retail,5311,Partnership / LLP,Amritsar,Punjab,TRUE,15-12-25 00:00,TRUE,XXXX6323,ACTIVE,480.87
MCH9459,Batta Handa,Travel & Transport,4131,Partnership / LLP,Hyderabad,Telangana,TRUE,06-03-25 00:00,FALSE,,ACTIVE,11281.97
MCH9460,Oza Balakrishnan And Kapoor,Books & Stationery,5942,Individual,Chennai,Tamil Nadu,FALSE,,TRUE,XXXX5842,ACTIVE,481.26
MCH9463,Boase And Sons,Books & Stationery,5942,Private Limited,Asr,Punjab,TRUE,01-06-25 16:04,FALSE,8867615299,ACTIVE,0.835
MCH9467,Pall Lala And Dhar,Travel & Transport,4131,Individual,Chennai,Tamil Nadu,TRUE,03-09-24 09:23,FALSE,,ACTIVE,1206.07
MCH9471,Bajaj Sandal And Barad,Medical & Health,5912,Proprietorship,Mumbai,Maharashtra,TRUE,23-05-25 00:00,TRUE,XXXX5365,ACTIVE,457.15
MCH9472,Sankaran Om,Apparel & Fashion,5699,Private Limited,New Delhi,Delhi,TRUE,03-06-23 00:00,FALSE,OYDX9439754020828,ACTIVE,4710.1
MCH9474,Bajwa Bhandari And Parmar,Medical & Health,5912,Proprietorship,Kolkata,West Bengal,TRUE,16-03-24 19:46,FALSE,765979563,ACTIVE,0.1464
MCH9476,Sama Plc,Food & Beverage,5812,Private Limited,Hyderabad,Telangana,FALSE,,TRUE,XXXX6830,ACTIVE,165.93
MCH9478,Desai Borah And Dugar,Other,,Private Limited,Kolkata,West Bengal,FALSE,,FALSE,,SUSPENDED,1333.54
MCH9481,Kata Llc,Phone Service,48140,Partnership / LLP,Amritsar,Punjab,TRUE,25-11-25 00:00,FALSE,,ACTIVE,1054.88
MCH9482,Vasa Chada And Iyengar,Retail & Groceries,5411,Partnership / LLP,Hyd,Telangana,FALSE,,TRUE,XXXX4559,ACTIVE,600.13
MCH9483,Yohannan Ghose And Pal,Apparel & Fashion,5699,Partnership / LLP,Hyd,Telangana,TRUE,21-03-23 23:53,FALSE,,ACTIVE,4425.5
MCH9484,Bail Sen And Bava,Medical & Health,,Proprietorship,Jalandhar,Punjab,TRUE,30-11-24 00:00,FALSE,,ACTIVE,0.1401
MCH9489,Badal Sankaran,Travel & Transport,4131,Proprietorship,Chennai,Tamil Nadu,TRUE,02-03-26 18:53,FALSE,,ACTIVE,1437.06
MCH9492,Mitra Gr0Up,Medical & Health,5912,Private Limited,Kolkata,West Bengal,TRUE,13-07-24 00:00,FALSE,8155802263,ACTIVE,1049
MCH9494,Sama Group,Electronics & Tech,4814,Individual,Blr,Karnataka,TRUE,01-11-23 04:57,FALSE,9680001784,ACTIVE,1540.07
MCH9502,Vyas Hayre,Books & Stationery,5942,Proprietorship,Mumbai,Maharashtra,TRUE,25-03-23 00:00,FALSE,,ACTIVE,777.19
MCH9503,Kulkarni Llc,Transprt,4131,Individual,Hyd,Telangana,TRUE,22-01-26 21:02,FALSE,FRMH0087238544779,ACTIVE,1312.52
MCH9506,Savant Bains And Bali,Medical & Health,5912,Partnership / LLP,Poona,Maharashtra,TRUE,01-12-25 00:00,TRUE,XXXX0299,ACTIVE,353.01
MCH9510,Warri0R Thakkar,Transprt,4131,Proprietorship,Bangalore,Karnataka,TRUE,15-09-24 00:00,FALSE,,ACTIVE,0.1261
MCH9514,Prakash Gr0Up,Medical & Health,5912,Partnership / LLP,Lucknow,Uttar Pradesh,TRUE,06-10-24 00:00,TRUE,XXXX7878,ACTIVE,2338.36
MCH9516,Sule Borra And Rattan,Food & Beverage,,Partnership / LLP,Amritsar,Punjab,TRUE,19-01-23 00:01,FALSE,,ACTIVE,397.19
MCH9517,Menon Inc,Medical & Health,,Proprietorship,Mumbai,Maharashtra,TRUE,23-09-23 00:00,TRUE,XXXX3518,ACTIVE,1486.34
MCH9519,Shere Banik,Apparel & Fashion,5699,Proprietorship,Lucknow,Uttar Pradesh,TRUE,04-07-25 00:00,FALSE,,ACTIVE,889.4
MCH9521,Soni Bal And Thaman,Apparel & Fashion,5699,Partnership / LLP,Ludhiana,Punjab,TRUE,05-04-23 07:18,FALSE,,INACTIVE,0.155
MCH9523,Tank Uppal And Malhotra,Medical & Health,5912,Partnership / LLP,Pune,Maharashtra,TRUE,25-10-25 00:00,FALSE,,ACTIVE,5060.01
MCH9528,Kibe Memon,Apparel & Fashion,5699,Proprietorship,New Delhi,Delhi,TRUE,12-07-25 00:00,TRUE,XXXX9874,ACTIVE,5399.84
MCH9529,Dubey Inc,Electronics & Tech,4814,Private Limited,Pune,Maharashtra,TRUE,26-04-24 00:00,TRUE,XXXX3556,ACTIVE,0.1801
MCH9530,B0Rah Plc,Food & Beverage,5812,Individual,Hyderabad,Telangana,TRUE,01-11-23 00:00,FALSE,,SUSPENDED,999.86
MCH9531,Lad Ltd,Retail & Groceries,5411,Private Limited,Ludhiana,Punjab,TRUE,02-12-25 00:00,FALSE,CDSZ2178272638566,SUSPENDED,545.56
MCH9534,Deshmukh Yadav,Medical & Health,7011,Individual,Hyd,Telangana,TRUE,13-08-24 00:00,TRUE,XXXX7810,ACTIVE,1143.6
MCH9537,Chakrab0Rty Plc,Books & Stationery,5942,Individual,Amritsar,Punjab,TRUE,02-01-25 06:24,TRUE,XXXX8422,ACTIVE,1188.48
MCH9541,Grover Bhatia And Tandon,Food & Beverage,5812,Partnership / LLP,Lucknow,Uttar Pradesh,TRUE,02-07-25 05:37,FALSE,,ACTIVE,2401.33
MCH9542,Singh Johal And Khalsa,Books & Stationery,5942,Individual,Hyderabad,Telangana,TRUE,18-06-25 21:51,TRUE,XXXX3154,ACTIVE,2463.46
MCH9543,Khanna Som,Books & Stationery,5942,Proprietorship,Bengaluru,Karnataka,TRUE,13-11-23 04:04,TRUE,XXXX7044,ACTIVE,1143.19
MCH9546,Mohan Tak And Dhingra,Retail Other,5999,Proprietorship,Amritsar,Punjab,TRUE,20-11-24 10:50,TRUE,XXXX5350,ACTIVE,1645.26
MCH9547,Anne Narasimhan,Retail & Groceries,5311,Individual,New Delhi,Delhi,TRUE,04-11-25 00:00,FALSE,,ACTIVE,823.12
MCH9548,Raja Plc,Travel & Transport,,Partnership / LLP,Jaipur,Rajasthan,TRUE,22-02-26 14:03,TRUE,XXXX5841,ACTIVE,0.1649
MCH9550,Chandra Sangha,Books & Stationery,5942,Proprietorship,Hyd,Telangana,TRUE,18-12-25 00:00,FALSE,,ACTIVE,674.9
MCH9551,Chaudhari Dugar,Books & Stationery,5942,Individual,Lucknow,Uttar Pradesh,TRUE,08-11-23 00:00,TRUE,XXXX6470,ACTIVE,2156.36
MCH9554,Kale Ltd,Electronics & Tech,4814,Partnership / LLP,Kolkata,West Bengal,TRUE,12-07-25 00:00,FALSE,,SUSPENDED,0.696
MCH9555,Chandra Ltd,Electronics & Tech,4814,Partnership / LLP,Jaipur,Rajasthan,TRUE,10-01-23 01:23,TRUE,XXXX4338,INACTIVE,7981.95
MCH9556,Hari Dave And Ahluwalia,Transprt,4131,Proprietorship,Chennai,Tamil Nadu,TRUE,12-06-25 00:00,FALSE,LIFR2342836809377,ACTIVE,4820.97
MCH9559,Randhawa Mody,Apparel & Fashion,5699,Proprietorship,Asr,Punjab,TRUE,08-06-25 00:00,TRUE,XXXX2517,INACTIVE,543.84
MCH9560,Puri Ahluwalia,Misc Retail,5999,Partnership / LLP,Ludhiana,Punjab,TRUE,21-06-25 05:09,TRUE,XXXX3305,ACTIVE,1176.68
MCH9563,Singh Issac And Murty,Travel & Transport,4131,Private Limited,Kolkata,West Bengal,TRUE,01-02-23 00:00,FALSE,,ACTIVE,1366.02
MCH9565,Dhar Shukla And Chaudhary,Books & Stationery,5942,Individual,Chennai,Tamil Nadu,TRUE,22-08-25 13:59,FALSE,6503799014,ACTIVE,2205.09
MCH9566,Batra Kaul,Retail & Groceries,5311,Private Limited,New Delhi,Delhi,TRUE,28-11-25 00:00,FALSE,LYAO0984012362521,ACTIVE,1260.75
MCH9567,Dar Gera And Sane,Food & Beverage,5812,Private Limited,New Delhi,Delhi,TRUE,09-01-26 00:00,FALSE,,ACTIVE,850.48
MCH9569,Parekh Kalita,Retail,5311,Individual,Asr,Punjab,TRUE,07-12-25 00:00,TRUE,XXXX5054,ACTIVE,1617.31
MCH9571,Buch Inc,Food & Beverage,5812,Individual,Hyderabad,Telangana,FALSE,,FALSE,DKEU4746665718428,ACTIVE,1270.83
MCH9580,Murthy Virk And Lad,Retail & Groceries,5411,Partnership / LLP,Ludhiana,Punjab,TRUE,20-09-25 00:00,FALSE,,ACTIVE,1520.62
MCH9582,Aggarwal Morar And Vohra,Electronics & Tech,4814,Private Limited,Chennai,Tamil Nadu,TRUE,02-02-26 00:00,FALSE,1610482956,ACTIVE,0.2012
MCH9583,Khurana Johal,Retail & Groceries,54110,Partnership / LLP,New Delhi,Delhi,TRUE,30-04-24 09:32,FALSE,9658176597,ACTIVE,5627.6
MCH9584,Bhat Shukla And Bajaj,Retail & Groceries,5311,Private Limited,Mumbai,Maharashtra,TRUE,04-02-25 10:04,TRUE,XXXX2185,INACTIVE,4140.74
MCH9586,Ghose Plc,Hotel & Lodging,7011,Private Limited,Chennai,Tamil Nadu,TRUE,30-03-23 00:00,FALSE,,ACTIVE,2522.89
MCH9587,Krishnamurthy Contractor,Electronics & Tech,4814,Proprietorship,Calcutta,West Bengal,TRUE,09-12-24 00:00,TRUE,XXXX7878,ACTIVE,211.86
MCH9591,Bali Group,Miscellaneous,5999,Proprietorship,Ludhiana,Punjab,TRUE,14-01-26 00:00,FALSE,,ACTIVE,3007.14
MCH9593,Varty Lala,Books & Stationery,5942,Individual,Lucknow,Uttar Pradesh,TRUE,08-02-24 00:00,FALSE,DUTM3222823880955,ACTIVE,3004.61
MCH9594,Ben Group,Retail & Groceries,5311,Proprietorship,Jaipur,Rajasthan,TRUE,10-01-23 00:00,FALSE,3846101369,ACTIVE,4070.31
MCH9595,Kapur Inc,Miscellaneous,5999,Private Limited,Chennai,Tamil Nadu,TRUE,26-10-23 00:00,FALSE,FKYL3305691122715,ACTIVE,934.62
MCH9601,Joshi Chauhan,Travel & Transport,4131,Private Limited,Bangalore,Karnataka,TRUE,05-10-23 00:00,FALSE,GXDF2258830455225,ACTIVE,1949.42
MCH9604,Merchant Johal,Retail,5311,Partnership / LLP,Poona,Maharashtra,TRUE,11-10-24 00:00,FALSE,2871306703,ACTIVE,762.2
MCH9605,Chokshi Llc,Food & Beverage,5812,Proprietorship,Bangalore,Karnataka,TRUE,31-01-26 00:00,FALSE,,ACTIVE,0.2523
MCH9609,Bhatti Inc,Retail & Groceries,5411,Individual,Hyderabad,Telangana,TRUE,29-01-26 00:00,FALSE,BTIY5631851884644,SUSPENDED,1792.34
MCH9613,Tella Group,Medical & Health,5912,Partnership / LLP,Hyderabad,Telangana,TRUE,29-07-24 00:00,FALSE,IJFC0895713811161,ACTIVE,1030
MCH9617,Ranganathan Ha1Der,Retail & Groceries,5411,Private Limited,Chennai,Tamil Nadu,TRUE,12-08-24 00:00,FALSE,6857352456,ACTIVE,904.23
MCH9620,Chad Plc,Retail,,Individual,Ludhiana,Punjab,TRUE,16-04-25 00:00,FALSE,HEOY8360949899311,ACTIVE,786.55
MCH9623,Subramanian Llc,Medical & Health,59120,Individual,Hyd,Telangana,TRUE,07-06-25 00:00,TRUE,XXXX2659,ACTIVE,1226.76
MCH9624,Brar Chad,Retail & Groceries,5311,Individual,Amritsar,Punjab,TRUE,04-02-25 00:00,TRUE,XXXX6058,SUSPENDED,2595.66
MCH9625,Tripathi Plc,Phone Service,4814,Private Limited,Amritsar,Punjab,TRUE,11-09-24 21:48,FALSE,,ACTIVE,942.235
MCH9626,Gu1Ati Chhabra,Electronics & Tech,4814,Partnership / LLP,Lucknow,Uttar Pradesh,TRUE,21-02-25 13:12,FALSE,,ACTIVE,0.88
MCH9627,Randhawa Gr0Up,Hotel & Lodging,7011,Private Limited,Chennai,Tamil Nadu,TRUE,31-08-23 05:51,FALSE,,ACTIVE,714.24
MCH9632,Kade Shere,Retail & Groceries,5311,Proprietorship,New Delhi,Delhi,TRUE,28-11-25 00:00,FALSE,,ACTIVE,895.55
MCH9635,Konda Verma,Books & Stationery,5942,Individual,Chennai,Tamil Nadu,TRUE,09-10-23 00:00,FALSE,BAID6365865587003,ACTIVE,4885.39
MCH9636,Kibe Magar,Apparel & Fashion,5699,Individual,Bengaluru,Karnataka,TRUE,21-08-23 09:35,FALSE,SSYN5165458216497,ACTIVE,1341.04
MCH9637,Handa Basu,Apparel & Fashion,5699,Partnership / LLP,Poona,Maharashtra,TRUE,17-09-25 00:00,FALSE,,ACTIVE,515.71
MCH9638,Dara Badami And Sen,Apparel & Fashion,5699,Proprietorship,Lucknow,Uttar Pradesh,TRUE,22-01-26 00:00,FALSE,,ACTIVE,3649.35
MCH9640,Aurora And Sons,Travel & Transport,4131,Proprietorship,Lucknow,Uttar Pradesh,TRUE,09-09-23 06:54,FALSE,6211538586,ACTIVE,1623.21
MCH9641,Andra Ltd,Medical & Health,5912,Private Limited,Kolkata,West Bengal,TRUE,15-10-25 02:13,FALSE,2325222758,ACTIVE,3323.59
MCH9642,Sarin Group,Electronics & Tech,4814,Individual,Mumbai,Maharashtra,TRUE,10-09-25 00:00,FALSE,LEVP3171266345624,ACTIVE,11510.93
MCH9647,Bhat Tank And Aurora,Hotel & Lodging,7011,Individual,Kolkata,West Bengal,TRUE,18-08-24 00:00,FALSE,8968048918,ACTIVE,5590.39
MCH9649,Sachdeva Dey,Hotel & Lodging,7011,Proprietorship,Asr,Punjab,TRUE,12-06-25 07:10,FALSE,XRSK3388415827357,ACTIVE,493.43
MCH9651,Thakkar Dass,Retail & Groceries,5311,Private Limited,Jalandhar,Punjab,TRUE,28-03-23 04:13,FALSE,,ACTIVE,0.2535
MCH9654,Saini Bath,Books & Stationery,5942,Private Limited,Ludhiana,Punjab,TRUE,11-10-24 00:00,TRUE,XXXX5605,ACTIVE,2570.91
MCH9659,Gokhale Bassi,Electronics & Tech,4814,Proprietorship,Mumbai,Maharashtra,TRUE,11-09-23 00:00,FALSE,AEKL3434312955275,ACTIVE,269.4
MCH9661,Ramanathan Group,Medical & Health,7011,Individual,Mumbai,Maharashtra,TRUE,10-11-23 08:09,FALSE,,ACTIVE,735.62
MCH9662,Basu Korpal,Electronics & Tech,4814,Private Limited,Poona,Maharashtra,TRUE,13-09-23 15:28,FALSE,WZTV1265477628451,ACTIVE,0.1152
MCH9665,Baria And Sons,Apparel & Fashion,56990,Proprietorship,Chennai,Tamil Nadu,TRUE,08-09-23 00:00,FALSE,VFLG7914496362461,SUSPENDED,4561.8
MCH9672,Contractor Sinha,Retail,5311,Individual,Kolkata,West Bengal,TRUE,26-11-24 00:00,FALSE,8867559277,ACTIVE,1371.8
MCH9675,Mand Varkey,Medical & Health,5912,Individual,Jalandhar,Punjab,TRUE,05-11-25 00:00,FALSE,,INACTIVE,843.13
MCH9679,Raman Ltd,Hotel & Lodging,7011,Proprietorship,New Delhi,Delhi,TRUE,09-07-24 00:00,FALSE,PIVF1729636161305,INACTIVE,310.73
MCH9681,Bawa Plc,Apparel & Fashion,5699,Private Limited,Pune,Maharashtra,TRUE,09-01-24 03:45,FALSE,,ACTIVE,1913.04
MCH9683,Pillai Inc,Retail & Groceries,5411,Partnership / LLP,Bengaluru,Karnataka,TRUE,28-11-24 00:00,FALSE,,SUSPENDED,1862.68
MCH9684,Bhasin Inc,Medical & Health,5912,Private Limited,New Delhi,Delhi,TRUE,20-01-25 00:00,TRUE,XXXX1695,ACTIVE,2227.2
MCH9688,Choudhry Llc,Books & Stationery,5942,Proprietorship,Bengaluru,Karnataka,TRUE,18-10-23 00:00,FALSE,,ACTIVE,825.43
MCH9690,Bai1 Sarin,Hotel & Lodging,7011,Partnership / LLP,Amritsar,Punjab,TRUE,04-11-25 17:06,TRUE,XXXX0228,ACTIVE,3320.22
MCH9692,Pandey Behl,Food & Beverage,58120,Private Limited,Hyderabad,Telangana,TRUE,31-08-24 00:00,TRUE,XXXX3446,ACTIVE,522.57
MCH9693,Babu Murty And Rao,Books & Stationery,5942,Proprietorship,Pune,Maharashtra,TRUE,25-07-23 19:48,FALSE,SBLA0467817458024,ACTIVE,1260.07
MCH9696,D’Alia Bhardwaj,Misc Retail,59990,Private Limited,Lucknow,Uttar Pradesh,TRUE,17-02-24 21:42,TRUE,XXXX0392,ACTIVE,3568.12
MCH9697,Walla Ltd,Electronics & Tech,,Individual,Bangalore,Karnataka,TRUE,21-07-25 00:00,FALSE,,ACTIVE,1081.86
MCH9702,Ranganathan Madan,Hotel & Lodging,7011,Individual,Hyderabad,Telangana,TRUE,10-04-25 00:00,FALSE,RTHS3346421176187,ACTIVE,1980.13
MCH9704,Maharaj Sangha And Suresh,Retail & Groceries,5411,Private Limited,Poona,Maharashtra,TRUE,01-01-23 16:43,FALSE,FJDE3725342913526,ACTIVE,1435.77
MCH9706,Mohan Sahni And Doctor,Apparel & Fashion,5699,Partnership / LLP,Lucknow,Uttar Pradesh,TRUE,26-10-23 00:00,FALSE,,ACTIVE,1036.37
MCH9710,Mohanty Lanka And Kamdar,Retail & Groceries,5311,Individual,Bombay,Maharashtra,TRUE,13-11-24 00:00,FALSE,EZNF2282969074066,INACTIVE,1462.25
MCH9713,Toor Nayak And Varma,Apparel & Fashion,5699,Individual,Jalandhar,Punjab,FALSE,,FALSE,,ACTIVE,297.05
MCH9714,Issac Pall,Medical & Health,5912,Private Limited,Chennai,Tamil Nadu,TRUE,06-07-24 12:33,FALSE,,ACTIVE,925.43
MCH9715,Desai Plc,Hotel & Lodging,7011,Partnership / LLP,Kolkata,West Bengal,TRUE,01-10-23 00:00,FALSE,5413889015,INACTIVE,547.82
MCH9716,Kadakia Mishra And Ba1I,Food & Beverage,5812,Private Limited,Lucknow,Uttar Pradesh,TRUE,09-09-23 13:40,FALSE,4695594803,ACTIVE,1762.09
MCH9718,Raval And Sons,Food & Beverage,5812,Individual,Bengaluru,Karnataka,TRUE,04-01-26 00:00,FALSE,6381850074,ACTIVE,3311.57
MCH9720,Hayre Ltd,Books & Stationery,5942,Proprietorship,Poona,Maharashtra,TRUE,24-04-24 00:00,FALSE,,ACTIVE,507.94
MCH9722,Krishna Saxena And Aurora,Electronics & Tech,4814,Individual,Lucknow,Uttar Pradesh,FALSE,,TRUE,XXXX5150,ACTIVE,1021.355
MCH9725,Shan Llc,Apparel & Fashion,5699,Individual,Lucknow,Uttar Pradesh,TRUE,20-12-24 00:00,FALSE,4923079593,ACTIVE,2250.85
MCH9728,Dass Sengupta And Halder,Retail & Groceries,5411,Proprietorship,Chennai,Tamil Nadu,TRUE,29-10-24 12:12,FALSE,,ACTIVE,6287.55
MCH9729,Prabhakar Ltd,Food & Beverage,5812,Individual,Bengaluru,Karnataka,TRUE,28-12-25 11:50,FALSE,,ACTIVE,0.1127
MCH9731,Chaudhry Pillay,Retail & Groceries,5311,Individual,Jaipur,Rajasthan,TRUE,19-09-25 16:43,FALSE,4390962437,ACTIVE,516.39
MCH9732,Pal Kaur,Apparel & Fashion,5699,Individual,Jalandhar,Punjab,TRUE,25-06-23 00:00,FALSE,2545195064,ACTIVE,1508.45
MCH9733,Sathe Hari,Travel & Transport,4131,Partnership / LLP,Bengaluru,Karnataka,TRUE,24-09-25 05:50,FALSE,,ACTIVE,1033.79
MCH9736,Sant Plc,Hotel & Lodging,7011,Proprietorship,Lucknow,Uttar Pradesh,TRUE,07-12-24 00:00,FALSE,4147851928,ACTIVE,1081.26
MCH9738,Barman Rastogi,Retail & Groceries,54110,Partnership / LLP,Chennai,Tamil Nadu,TRUE,19-11-24 00:00,TRUE,XXXX3047,ACTIVE,2419.77
MCH9739,Gupta Bhatia And Dhillon,Transprt,4131,Private Limited,Jaipur,Rajasthan,TRUE,20-03-25 00:00,FALSE,,ACTIVE,374.45
MCH9740,Jain And Sons,Food & Beverage,5812,Individual,Jaipur,Rajasthan,TRUE,31-01-25 05:45,FALSE,BHGC5407337420204,ACTIVE,1510.42
MCH9743,Sahota Krish,Books & Stationery,5942,Private Limited,Ludhiana,Punjab,TRUE,22-05-23 00:00,FALSE,,ACTIVE,873.78
MCH9744,Walia Inc,Books & Stationery,5942,Proprietorship,Blr,Karnataka,TRUE,24-06-24 00:00,TRUE,XXXX8765,SUSPENDED,574.28
MCH9745,Chaudhuri Plc,Apparel & Fashion,,Proprietorship,Pune,Maharashtra,TRUE,26-05-25 00:00,FALSE,LAJQ5592021482333,ACTIVE,475.31
MCH9749,Vasa Jha And Babu,Medical & Health,70110,Proprietorship,Chennai,Tamil Nadu,TRUE,08-04-25 00:00,FALSE,KYLU7872860441516,ACTIVE,276.87
MCH9751,Memon Sinha,Food & Beverage,5812,Proprietorship,Ludhiana,Punjab,TRUE,16-07-23 00:00,FALSE,4462778035,ACTIVE,2265.65
MCH9753,Chowdhury And Sons,Electronics & Tech,4814,Individual,Bombay,Maharashtra,TRUE,07-06-23 13:36,FALSE,XRQC4173107226583,ACTIVE,559.33
MCH9754,Khanna Group,Retail & Groceries,5411,Partnership / LLP,Ludhiana,Punjab,TRUE,20-11-23 00:00,FALSE,EDBE0893143652084,ACTIVE,3682.51
MCH9755,Anand Inc,Retail & Groceries,5311,Private Limited,Lucknow,Uttar Pradesh,TRUE,10-09-24 16:48,FALSE,EWFI4945547358021,ACTIVE,2048.19
MCH9756,Dugal Virk And Dhaliwal,Travel & Transport,4131,Partnership / LLP,Jalandhar,Punjab,TRUE,01-01-23 08:25,FALSE,SZBM8211536669889,ACTIVE,0.494
MCH9757,Venkataraman Vig,Retail & Groceries,5311,Proprietorship,Asr,Punjab,TRUE,26-03-25 02:02,FALSE,,ACTIVE,1622.73
MCH9762,Kara Llc,Retail Other,5999,Individual,Dilli,Delhi,FALSE,,FALSE,9982880458,ACTIVE,413.17
MCH9763,Bhatnagar Ramesh,Apparel & Fashion,5699,Individual,Bengaluru,Karnataka,TRUE,24-03-23 10:13,FALSE,FAWR8699456284349,ACTIVE,2954.71
MCH9764,More Bhavsar,Medical & Health,5912,Proprietorship,Pune,Maharashtra,TRUE,06-09-24 22:28,TRUE,XXXX9274,ACTIVE,3514.68
MCH9769,Kota Dara And Sarin,Travel & Transport,4121,Partnership / LLP,Ludhiana,Punjab,TRUE,22-05-25 00:00,TRUE,XXXX8418,ACTIVE,2120.25
MCH9770,Jha Andra,Transprt,,Proprietorship,Chennai,Tamil Nadu,TRUE,22-01-26 00:00,FALSE,BRJH7377264204006,SUSPENDED,1847.23
MCH9772,Vyas Ganguly,Books & Stationery,59420,Partnership / LLP,Jalandhar,Punjab,TRUE,25-12-23 00:00,FALSE,1012219749,ACTIVE,1198.91
MCH9774,Trivedi Group,Medical & Health,5912,Partnership / LLP,Jaipur,Rajasthan,TRUE,08-03-24 00:00,FALSE,5443660478,ACTIVE,0.1811
MCH9778,Chandra Subramanian And Borde,Books & Stationery,5942,Private Limited,Bengaluru,Karnataka,TRUE,20-05-25 15:00,FALSE,2832098556,ACTIVE,2313.1
MCH9779,De0 Agate,Electronics & Tech,4814,Individual,Calcutta,West Bengal,TRUE,24-03-24 00:00,FALSE,,ACTIVE,2425.1
MCH9780,Kibe Setty And Kaul,Books & Stationery,5942,Private Limited,Mumbai,Maharashtra,TRUE,14-07-24 00:00,FALSE,EUVJ9352599503304,ACTIVE,3251.18
MCH9782,Bhardwaj Varghese,Travel & Transport,4131,Individual,Ludhiana,Punjab,TRUE,18-02-23 14:33,FALSE,GXDH5697468169226,ACTIVE,0.1522
MCH9784,Lal Ltd,Food & Beverage,5812,Partnership / LLP,Chennai,Tamil Nadu,TRUE,28-12-24 05:21,TRUE,XXXX3001,ACTIVE,1442.84
MCH9785,Nagarajan Plc,Apparel & Fashion,5699,Individual,Mumbai,Maharashtra,TRUE,08-06-25 00:00,FALSE,,ACTIVE,2709.78
MCH9786,Pai Thakkar And Krish,Retail & Groceries,5311,Private Limited,Hyderabad,Telangana,FALSE,,FALSE,,ACTIVE,1876.06
MCH9787,Nigam Llc,Hotel & Lodging,7011,Private Limited,Jaipur,Rajasthan,TRUE,18-06-23 00:00,FALSE,,ACTIVE,717.19
MCH9790,Kumar Dua,Electronics & Tech,4814,Proprietorship,Calcutta,West Bengal,TRUE,09-12-24 00:00,TRUE,XXXX3101,ACTIVE,375.28
MCH9793,Brar Ltd,Apparel & Fashion,,Private Limited,Bangalore,Karnataka,FALSE,,FALSE,4222281666,ACTIVE,198.68
MCH9797,Basu Kota And Hora,Hotel & Lodging,7011,Individual,Jaipur,Rajasthan,FALSE,,FALSE,,ACTIVE,3455.43
MCH9798,Mann Gera,Transprt,4131,Individual,Jalandhar,Punjab,TRUE,15-07-25 05:53,FALSE,AQRW3805344799887,ACTIVE,0.952
MCH9800,Dasgupta Sathe,Hotel & Lodging,7011,Partnership / LLP,Ludhiana,Punjab,TRUE,13-06-24 13:22,FALSE,4290574632,ACTIVE,926.71
MCH9801,Manda Bansal And Devan,Food & Beverage,5812,Partnership / LLP,Pune,Maharashtra,TRUE,09-12-25 00:49,TRUE,XXXX9062,SUSPENDED,1106.68
MCH9802,Contractor Keer,Apparel & Fashion,5699,Individual,Dilli,Delhi,TRUE,08-04-24 00:00,FALSE,6197117381,ACTIVE,1430.48
MCH9803,Rastogi Ltd,Books & Stationery,,Partnership / LLP,Jaipur,Rajasthan,TRUE,29-01-25 05:08,FALSE,,ACTIVE,3135.89
MCH9804,Bhasin Peri,Retail & Groceries,5311,Proprietorship,Chennai,Tamil Nadu,TRUE,21-12-23 00:24,FALSE,,SUSPENDED,962.52
MCH9805,Sha Mitter,Retail,5311,Partnership / LLP,Jalandhar,Punjab,FALSE,,FALSE,6239132906,ACTIVE,1993.26
MCH9806,Hari Kant,Retail & Groceries,5411,Individual,Amritsar,Punjab,TRUE,26-12-23 00:00,FALSE,JKYA8958406507555,ACTIVE,1398.42
MCH9807,Pillay Sule,Medical & Health,5912,Partnership / LLP,Ludhiana,Punjab,TRUE,17-09-24 00:00,FALSE,,ACTIVE,3555.86
MCH9811,Dyal Ranganathan And Sinha,Food & Beverage,58120,Private Limited,New Delhi,Delhi,TRUE,11-04-25 00:00,FALSE,RQQY2365576077878,ACTIVE,972.81
MCH9813,Padmanabhan Brahmbhattandtrivedi,Retail & Groceries,5411,Private Limited,Ludhiana,Punjab,TRUE,27-01-25 10:19,TRUE,XXXX5772,ACTIVE,2491.37
MCH9814,Sekhon Luthra,Retail & Groceries,5411,Individual,Hyderabad,Telangana,TRUE,12-06-23 00:00,FALSE,,ACTIVE,2338.35
MCH9815,Narasimhan Vasa And Goswami,Books & Stationery,5942,Individual,New Delhi,Delhi,TRUE,11-10-25 04:53,FALSE,MZNM1643262942719,ACTIVE,528.91
MCH9820,Rai Saha And Lalla,Hotel & Lodging,7011,Individual,Asr,Punjab,TRUE,13-10-24 00:00,FALSE,,ACTIVE,0.3129
MCH9821,Natt Kibe,Apparel & Fashion,5699,Private Limited,Chennai,Tamil Nadu,TRUE,03-05-25 00:00,TRUE,XXXX1748,ACTIVE,4072.48
MCH9822,Thaman Parsa,Retail & Groceries,5311,Private Limited,Bengaluru,Karnataka,FALSE,,FALSE,500860031,ACTIVE,534.71
MCH9823,Kunda Parekh,Food & Beverage,5812,Individual,Bombay,Maharashtra,TRUE,10-04-23 00:00,FALSE,YIKU2339191619475,ACTIVE,1308.28
MCH9824,Memon Mistry,Phone Service,4814,Partnership / LLP,Ludhiana,Punjab,TRUE,16-08-24 02:30,FALSE,,SUSPENDED,837.47
MCH9826,Rana And Sons,Retail & Groceries,5411,Private Limited,Bengaluru,Karnataka,TRUE,07-07-23 16:29,FALSE,ZBMZ7199667891551,ACTIVE,739.28
MCH9827,Chaudry And Sons,Retail & Groceries,5311,Private Limited,Bangalore,Karnataka,TRUE,02-04-25 00:00,FALSE,WKDN2531235762305,ACTIVE,1686.75
MCH9831,Deep Kanda,Phone Service,4814,Proprietorship,Pune,Maharashtra,TRUE,29-07-25 00:00,TRUE,XXXX7811,ACTIVE,796.02
MCH9834,Handa Chaudhari,Retail & Groceries,5411,Private Limited,Lucknow,Uttar Pradesh,TRUE,27-04-25 00:00,TRUE,XXXX0961,ACTIVE,3989.9
MCH9835,Mahajan Pingle,Hotel & Lodging,7011,Private Limited,Jaipur,Rajasthan,TRUE,22-09-25 00:00,FALSE,,ACTIVE,2477.71
MCH9836,Nori Malhotra And Deep,Hotel & Lodging,70110,Proprietorship,Chennai,Tamil Nadu,FALSE,,TRUE,XXXX5684,ACTIVE,0.3007
MCH9837,Raval Aurora,Food & Beverage,5812,Proprietorship,Calcutta,West Bengal,TRUE,26-04-23 00:00,FALSE,,ACTIVE,0.299
MCH9839,Natarajan Keer,Food & Beverage,5812,Individual,New Delhi,Delhi,TRUE,03-03-25 12:00,TRUE,XXXX6434,ACTIVE,2189.15
MCH9840,Gara Bedi And Dua,Books & Stationery,59420,Private Limited,Amritsar,Punjab,TRUE,12-09-25 00:00,FALSE,4627903528,ACTIVE,0.369
MCH9843,Banerjee Singh And Anne,Books & Stationery,5942,Individual,Chennai,Tamil Nadu,TRUE,07-04-25 00:00,FALSE,,ACTIVE,8077.21
MCH9844,Menon And Sons,Travel & Transport,4131,Proprietorship,Bombay,Maharashtra,TRUE,14-04-24 00:00,FALSE,,ACTIVE,0.1083
MCH9845,Misra Varghese,Medical & Health,59120,Proprietorship,Ludhiana,Punjab,TRUE,30-12-25 00:00,FALSE,,ACTIVE,186.59
MCH9846,Mukherjee Ltd,Food & Beverage,5812,Proprietorship,Chennai,Tamil Nadu,TRUE,15-09-24 00:00,TRUE,XXXX2201,ACTIVE,1799.62
MCH9847,Dube And Sons,Electronics & Tech,4814,Partnership / LLP,New Delhi,Delhi,TRUE,06-06-23 03:41,FALSE,6626610678,ACTIVE,918.47
MCH9848,B0Rde Inc,Retail,,Private Limited,Hyderabad,Telangana,TRUE,02-03-24 00:00,FALSE,308046800,ACTIVE,1173.29
MCH9849,Jayaraman Inc,Books & Stationery,5942,Individual,Kolkata,West Bengal,TRUE,11-02-26 02:12,FALSE,8602198402,ACTIVE,1659.94
MCH9853,Dhar Raval,Medical & Health,5912,Proprietorship,Kolkata,West Bengal,FALSE,,FALSE,,ACTIVE,795.17
MCH9855,Samra Manda,Electronics & Tech,4814,Private Limited,Chennai,Tamil Nadu,TRUE,02-01-25 00:00,FALSE,PEIX9794404707965,ACTIVE,1167.22
MCH9856,Gala Nadig And Borra,Retail & Groceries,5411,Partnership / LLP,Lucknow,Uttar Pradesh,TRUE,13-10-25 23:24,FALSE,DZVT3507500653540,ACTIVE,1744.37
MCH9857,Mitra Bala,Retail & Groceries,53110,Partnership / LLP,Bengaluru,Karnataka,TRUE,15-01-24 00:21,FALSE,7322976024,ACTIVE,507.74
MCH9858,Memon Mohanty And Ghosh,Travel & Transport,4131,Proprietorship,Mumbai,Maharashtra,TRUE,11-12-25 20:43,FALSE,WBRG3053362542372,ACTIVE,0.911
MCH9859,Mukherjee Agate,Other,59990,Proprietorship,Jalandhar,Punjab,FALSE,,FALSE,,ACTIVE,0.158
MCH9861,Mukherjee Murthy And Jani,Travel & Transport,4131,Private Limited,Ludhiana,Punjab,TRUE,22-06-25 00:00,FALSE,,ACTIVE,719.77
MCH9865,Minhas Plc,Books & Stationery,5942,Private Limited,Dilli,Delhi,TRUE,29-11-25 00:00,FALSE,,ACTIVE,0.334
MCH9866,Sane Dar,Phone Service,4814,Partnership / LLP,Lucknow,Uttar Pradesh,TRUE,11-04-24 00:00,FALSE,,ACTIVE,910.27
MCH9867,Tripathiltd,Books & Stationery,5942,Individual,Hyderabad,Telangana,TRUE,11-01-24 00:43,FALSE,,ACTIVE,0.936
MCH9868,Narain Dada And Panchal,Electronics & Tech,4814,Proprietorship,Pune,Maharashtra,TRUE,28-02-26 00:00,FALSE,7391477397,ACTIVE,236.45
MCH9877,Garde Sabharwal And Prashad,Books & Stationery,5942,Private Limited,Hyd,Telangana,TRUE,02-03-24 00:00,FALSE,9136330532,ACTIVE,1246.91
MCH9879,Venkataraman Tata,Electronics & Tech,4814,Individual,Ludhiana,Punjab,TRUE,01-04-24 00:00,FALSE,5404250897,INACTIVE,2839.66
MCH9881,Kalla Tara,Retail & Groceries,54110,Private Limited,New Delhi,Delhi,TRUE,04-10-25 00:00,FALSE,,ACTIVE,1174.86
MCH9882,Joshi Plc,Electronics & Tech,4814,Proprietorship,Jaipur,Rajasthan,FALSE,,FALSE,,ACTIVE,320.23
MCH9883,Modi Plc,Retail & Groceries,5411,Proprietorship,New Delhi,Delhi,TRUE,25-08-24 00:00,TRUE,XXXX9460,ACTIVE,492.1
MCH9884,Sidhu Group,Hotel & Lodging,7011,Partnership / LLP,Chennai,Tamil Nadu,TRUE,27-10-23 00:00,FALSE,PILQ9149941231060,ACTIVE,1570.58
MCH9888,Contractor Mohanty And Devi,Medical & Health,5912,Proprietorship,Chennai,Tamil Nadu,TRUE,23-09-25 23:00,TRUE,XXXX3253,ACTIVE,1367.96
MCH9896,Dave Vasa,Retail,5311,Partnership / LLP,Poona,Maharashtra,TRUE,30-09-23 00:00,TRUE,XXXX8599,ACTIVE,3148.67
MCH9897,Modi Plc,Apparel & Fashion,5699,Individual,New Delhi,Delhi,TRUE,01-06-23 00:00,FALSE,,ACTIVE,1453.4
MCH9901,Oommen Ltd,Hotel & Lodging,7011,Proprietorship,Hyd,Telangana,TRUE,01-10-25 18:50,TRUE,XXXX3340,INACTIVE,538.3
MCH9905,Pate1 S00D,Hotel & Lodging,7011,Proprietorship,Jaipur,Rajasthan,TRUE,21-11-25 00:00,FALSE,ZWIP5852637363100,ACTIVE,926.71
MCH9906,Raj Goda And Rastogi,Medical & Health,5912,Private Limited,Pune,Maharashtra,TRUE,31-01-25 00:00,FALSE,2812012011,ACTIVE,543.33
MCH9909,Gade Tiwari And Solanki,Apparel & Fashion,5699,Individual,Pune,Maharashtra,TRUE,23-08-24 00:00,TRUE,XXXX1254,ACTIVE,2922.02
MCH9910,Karan Ram And Sengupta,Retail & Groceries,5311,Individual,New Delhi,Delhi,TRUE,14-10-25 00:00,FALSE,IIRT4821012999661,ACTIVE,191.17
MCH9911,Pal Dash And Nagi,Travel & Transport,4131,Individual,Mumbai,Maharashtra,TRUE,28-11-24 00:00,TRUE,XXXX9114,ACTIVE,1474.73
MCH9912,Gade Bajaj And Zachariah,Hotel & Lodging,7011,Proprietorship,Ludhiana,Punjab,TRUE,22-02-23 18:06,FALSE,,ACTIVE,0.564
MCH9913,Das Ltd,Phone Service,48140,Partnership / LLP,Lucknow,Uttar Pradesh,TRUE,10-08-24 00:00,FALSE,,ACTIVE,442.64
MCH9914,Parmar Sekhon And Kakar,Travel & Transport,41310,Private Limited,Amritsar,Punjab,TRUE,15-12-25 03:30,FALSE,1204552607,ACTIVE,1356.48
MCH9916,Sur Palla And Goyal,Electronics & Tech,4814,Private Limited,Pune,Maharashtra,TRUE,04-09-23 08:24,FALSE,7186592814,ACTIVE,0.282
MCH9918,Jha Kumer And Srivastava,Apparel & Fashion,56990,Proprietorship,Bengaluru,Karnataka,TRUE,16-01-24 02:34,FALSE,UOAA2292690080709,INACTIVE,902.09
MCH9919,Ramaswamy Pallandbahri,Medical & Health,5912,Private Limited,Mumbai,Maharashtra,TRUE,09-02-26 00:00,FALSE,,ACTIVE,1346.24
MCH9920,Oommen Mitra,Retail & Groceries,5411,Private Limited,Jaipur,Rajasthan,TRUE,17-01-24 00:00,FALSE,7684049085,ACTIVE,767.57
MCH9921,Datta Chatterjee And Khalsa,Travel & Transport,4131,Private Limited,Bengaluru,Karnataka,TRUE,22-02-24 00:00,TRUE,XXXX9256,ACTIVE,2964.42
MCH9922,Chand Jain,Retail & Groceries,5411,Partnership / LLP,Chennai,Tamil Nadu,TRUE,10-09-23 00:00,TRUE,XXXX1121,ACTIVE,0.18
MCH9927,Lall Bali And Varughese,Food & Beverage,5812,Proprietorship,Lucknow,Uttar Pradesh,TRUE,09-12-25 00:00,FALSE,IDZP0771497763313,ACTIVE,0.141
MCH9928,Krishnaninc,Medical & Health,,Private Limited,Jaipur,Rajasthan,TRUE,06-05-25 06:23,FALSE,8263891927,ACTIVE,477.53
MCH9930,Kale Llc,Apparel & Fashion,5699,Proprietorship,Jaipur,Rajasthan,FALSE,,FALSE,,ACTIVE,1917.92
MCH9931,Ray Ltd,Medical & Health,5912,Private Limited,Chennai,Tamil Nadu,TRUE,28-06-23 07:48,FALSE,8013465643,ACTIVE,7044.3
MCH9933,Bali Zachariah,Retail & Groceries,5411,Proprietorship,Jaipur,Rajasthan,TRUE,06-07-23 00:00,FALSE,TWPF4694358713410,ACTIVE,0.1549
MCH9935,Sahni Barad,Miscellaneous,5999,Partnership / LLP,New Delhi,Delhi,TRUE,06-12-23 00:00,FALSE,,ACTIVE,0.1444
MCH9937,Sant Dada And Biswas,Phone Service,4814,Partnership / LLP,Hyd,Telangana,TRUE,09-08-23 00:00,FALSE,,ACTIVE,0.663
MCH9940,Thakur Chokshi And Char,Apparel & Fashion,5699,Proprietorship,Jalandhar,Punjab,TRUE,16-01-23 00:00,FALSE,,ACTIVE,0.1656
MCH9941,Bava And Sons,Other,59990,Private Limited,Hyd,Telangana,TRUE,12-02-24 03:24,FALSE,8632655432,ACTIVE,2534.64
MCH9942,Choudhry Shenoy,Electronics & Tech,4814,Partnership / LLP,Asr,Punjab,TRUE,09-08-24 09:43,FALSE,JYCX6599095859245,ACTIVE,1359.79
MCH9943,Mukhopadhyay Kale,Apparel & Fashion,5699,Private Limited,Amritsar,Punjab,TRUE,30-11-25 15:51,FALSE,HLRA9462438432419,ACTIVE,2114.46
MCH9944,Parikh Mutti And Saha,Travel & Transport,4131,Partnership / LLP,Jalandhar,Punjab,TRUE,03-08-25 12:22,FALSE,YTTI1528625741410,ACTIVE,1826.64
MCH9945,Pant Hayre And Pathak,Electronics & Tech,4814,Private Limited,Jalandhar,Punjab,TRUE,14-07-25 00:56,TRUE,XXXX5088,ACTIVE,789.57
MCH9946,Jain Llc,Medical & Health,5912,Partnership / LLP,Pune,Maharashtra,TRUE,10-12-24 16:23,FALSE,WESP3308956963595,ACTIVE,0.1421
MCH9947,Sarkar Ltd,Retail & Groceries,5311,Individual,Ludhiana,Punjab,TRUE,25-06-23 00:00,FALSE,GOFP4316530582610,ACTIVE,1076.395
MCH9949,Balan Llc,Retail & Groceries,5411,Private Limited,Asr,Punjab,TRUE,27-06-24 00:00,TRUE,XXXX7461,ACTIVE,2493.77
MCH9951,Natt Group,Medical & Health,5912,Partnership / LLP,Chennai,Tamil Nadu,TRUE,05-02-24 00:00,FALSE,TSMH8783182679043,ACTIVE,1765.37
MCH9952,Vig Doctor,Travel & Transport,4121,Private Limited,Lucknow,Uttar Pradesh,TRUE,27-10-24 00:00,TRUE,XXXX8487,ACTIVE,856.86
MCH9954,Dutta J0Ha1 And Char,Apparel & Fashion,5699,Proprietorship,New Delhi,Delhi,TRUE,23-12-25 00:00,FALSE,ERMO2255417001428,ACTIVE,3148.72
MCH9955,Nori Nazareth,Apparel & Fashion,5699,Proprietorship,New Delhi,Delhi,TRUE,22-05-24 02:32,FALSE,,SUSPENDED,673.27
MCH9956,Khatri Inc,Hotel & Lodging,7011,Proprietorship,Poona,Maharashtra,TRUE,19-05-23 18:45,FALSE,5037831406,SUSPENDED,2099.08
MCH9957,Chatterjee Goda And Saraf,Electronics & Tech,4814,Proprietorship,Ludhiana,Punjab,TRUE,10-05-25 05:24,TRUE,XXXX6546,ACTIVE,533.81
MCH9963,Mahajan And S0Ns,Books & Stationery,5942,Partnership / LLP,Jaipur,Rajasthan,TRUE,19-01-25 07:33,FALSE,7503956758,ACTIVE,7342.46
MCH9964,Dua Inc,Travel & Transport,4131,Proprietorship,Mumbai,Maharashtra,TRUE,02-06-23 00:00,FALSE,,ACTIVE,794.67
MCH9966,Kara Chanda And Hayre,Travel & Transport,4131,Individual,Kolkata,West Bengal,TRUE,16-01-24 20:22,TRUE,XXXX6108,ACTIVE,3566.37
MCH9967,Kaul Llc,Food & Beverage,5812,Individual,Lucknow,Uttar Pradesh,TRUE,23-12-23 00:00,FALSE,HXGW3877013830442,ACTIVE,0.42
MCH9968,Kata Bawa,Retail & Groceries,5311,Private Limited,Lucknow,Uttar Pradesh,TRUE,01-09-25 12:08,FALSE,,ACTIVE,2070.31
MCH9969,Tiwari And Sons,Books & Stationery,5942,Private Limited,Ludhiana,Punjab,TRUE,15-01-23 00:00,FALSE,3536281860,INACTIVE,1542.28
MCH9972,Bakshi Tata And Parmer,Retail & Groceries,5311,Proprietorship,Hyd,Telangana,TRUE,14-08-24 00:00,FALSE,ATOC5117985834296,ACTIVE,1398.48
MCH9973,Parsa Loyal And Pai,Phone Service,4814,Partnership / LLP,Lucknow,Uttar Pradesh,TRUE,19-04-24 00:00,FALSE,VRDN2962805644016,ACTIVE,1836.29
MCH9975,Nadkarni Sane,Misc Retail,5999,Proprietorship,New Delhi,Delhi,TRUE,02-08-25 00:00,TRUE,XXXX7415,ACTIVE,4465.19
MCH9977,Mohanty Desai,Electronics & Tech,4814,Proprietorship,Mumbai,Maharashtra,TRUE,13-02-23 00:00,FALSE,69594001,ACTIVE,845.52
MCH9979,Bandi Gupta And Sarma,Travel & Transport,4131,Private Limited,Ludhiana,Punjab,TRUE,13-04-23 00:00,FALSE,,SUSPENDED,979.52
MCH9983,Bhagat Group,Retail & Groceries,5411,Individual,Pune,Maharashtra,TRUE,27-11-25 00:00,TRUE,XXXX2568,ACTIVE,3669.57
MCH9984,Dash Radhakrishnan And Singh,Travel & Transport,4131,Proprietorship,Asr,Punjab,TRUE,01-11-25 00:00,FALSE,4065235597,ACTIVE,956.87
MCH9986,Tak Ltd,Transprt,4131,Partnership / LLP,New Delhi,Delhi,TRUE,21-01-25 00:00,FALSE,PVFQ1310778139722,ACTIVE,1750.99
MCH9988,Johal Padmanabhan And Sagar,Medical & Health,,Individual,Dilli,Delhi,TRUE,02-02-26 00:00,FALSE,,ACTIVE,1620.14
MCH9990,Mishra Inc,Medical & Health,59120,Private Limited,Mumbai,Maharashtra,TRUE,18-02-23 00:00,TRUE,XXXX3137,ACTIVE,970.05
MCH9992,Rajagopalan Plc,Hotel & Lodging,7011,Proprietorship,Bengaluru,Karnataka,TRUE,07-02-24 00:00,FALSE,5652803993,ACTIVE,577.93
MCH9993,Chadha Tailor,Books & Stationery,5942,Private Limited,Ludhiana,Punjab,TRUE,05-01-26 00:00,FALSE,,ACTIVE,2368.65
MCH9994,Barad Lall And Shetty,Books & Stationery,59420,Partnership / LLP,New Delhi,Delhi,TRUE,13-01-26 00:00,FALSE,5940602579,ACTIVE,1588.48
MCH9995,Ben Krish,Retail,,Proprietorship,Pune,Maharashtra,TRUE,09-11-25 20:22,FALSE,FLBG6350605755281,ACTIVE,2919.94
MCH9996,Kala Nadkarni,Apparel & Fashion,5699,Private Limited,Dilli,Delhi,TRUE,01-03-23 00:00,TRUE,XXXX7769,ACTIVE,628.11
MCH9997,Kalita Dass And Balay,Misc Retail,5999,Individual,Ludhiana,Punjab,TRUE,12-07-23 00:00,TRUE,XXXX2557,ACTIVE,2233.91
MCH9999,Konda Subramanian And Rau,Retail Other,5999,Individual,Mumbai,Maharashtra,TRUE,16-01-24 20:59,FALSE,,ACTIVE,0.51
