complaint_id,txn_id,user_id,merchant_id,transaction_timestamp,reported_timestamp,disputed_amount,reason_category,resolution_status,bank_response_timestamp,resolution_sla_days,is_sla_violation,severity,channel
CBK0000001,TXN00000797,USR85565,MCH8779,,2026-02-03 00:00:00,1020.66,MERCHANT_OR_DELIVERY_ISSUE,RESOLVED,,,False,LOW,EMAIL
CBK0000002,TXN00016351,USR35605,MCH8953,2026-03-24 13:14:10,,0.24,FRAUD_OR_ATO,CLOSED,,,False,HIGH,IVR
CBK0000003,TXN00013293,USR91078,MCH6993,,,1290.78,AMOUNT_MISMATCH,REJECTED,,,False,HIGH,IVR
CBK0000004,TXN00008092,USR65030,MCH5264,,,2596.26,FRAUD_OR_ATO,RESOLVED,,,False,MEDIUM,CALL CENTER
CBK0000005,TXN00018300,USR55340,MCH6657,,,3125.63,FRAUD_OR_ATO,IN_PROGRESS,,,False,LOW,BRANCH
CBK0000006,TXN00007711,USR96033,MCH8372,2026-02-06 00:00:00,,842.88,AMOUNT_MISMATCH,IN_PROGRESS,,,False,HIGH,CALL CENTER
CBK0000007,TXN00017412,USR26201,MCH8154,,2026-02-17 00:00:00,0.15,MERCHANT_OR_DELIVERY_ISSUE,OPEN,,,False,LOW,APP
CBK0000008,TXN00010497,USR15241,MCH2822,,2026-02-15 00:00:00,1549.8,FRAUD_OR_ATO,IN_PROGRESS,,,False,MEDIUM,CHATBOT
CBK0000009,TXN00007204,USR51727,MCH4175,2026-03-15 00:00:00,,4713.91,FRAUD_OR_ATO,REJECTED,,,False,HIGH,BRANCH
CBK0000010,TXN00006640,USR52772,MCH3725,,,,FRAUD_OR_ATO,CLOSED,,,False,LOW,APP
CBK0000011,TXN00006805,USR14951,MCH5380,2026-02-20 00:00:00,,1087.14,AMOUNT_MISMATCH,CLOSED,,,False,MEDIUM,IVR
CBK0000012,TXN00013740,USR35501,MCH8913,,2026-01-28 19:43:23,650.92,GENERAL_DISPUTE,IN_PROGRESS,,,False,MEDIUM,CHATBOT
CBK0000013,TXN00019943,USR42818,MCH6838,2026-01-02 14:58:54,,728.13,GENERAL_DISPUTE,IN_PROGRESS,,,False,LOW,APP
CBK0000014,TXN00006433,USR59260,MCH7254,,,468.43,GENERAL_DISPUTE,RESOLVED,,,False,HIGH,BRANCH
CBK0000015,TXN00003408,USR88037,MCH7845,,,895.1,MERCHANT_OR_DELIVERY_ISSUE,IN_PROGRESS,2026-04-01 14:30:26,,False,MEDIUM,IVR
CBK0000016,TXN00013636,USR71660,MCH4806,,,0.89,GENERAL_DISPUTE,RESOLVED,,,False,MEDIUM,BRANCH
CBK0000017,TXN00006427,USR30994,MCH6488,,,0.36,FRAUD_OR_ATO,IN_PROGRESS,,,False,MEDIUM,CHATBOT
CBK0000018,TXN00013395,USR33081,MCH5650,,,6485.64,FRAUD_OR_ATO,CLOSED,,,False,MEDIUM,CHATBOT
CBK0000019,TXN00008321,USR27583,MCH4590,,,699.14,DUPLICATE_PROCESSING,IN_PROGRESS,,,False,HIGH,CHATBOT
CBK0000020,TXN00010227,USR97817,MCH7570,,,0.26,MERCHANT_OR_DELIVERY_ISSUE,RESOLVED,,,False,HIGH,BRANCH
CBK0000021,TXN00013452,USR44435,MCH8391,,,2480.91,FRAUD_OR_ATO,IN_PROGRESS,,,False,MEDIUM,IVR
CBK0000022,TXN00012475,USR21946,MCH4181,2026-03-05 23:30:49,,0.12,FRAUD_OR_ATO,IN_PROGRESS,,,False,LOW,CHATBOT
CBK0000023,TXN00001464,USR92751,MCH2757,,,1112.83,MERCHANT_OR_DELIVERY_ISSUE,RESOLVED,,,False,MEDIUM,IVR
CBK0000024,TXN00007464,USR69440,MCH7458,,2026-02-02 03:05:42,2001.83,DUPLICATE_PROCESSING,REJECTED,,,False,MEDIUM,CHATBOT
CBK0000025,TXN00018011,USR73468,MCH3488,,,376.33,GENERAL_DISPUTE,REJECTED,,,False,HIGH,IVR
CBK0000026,TXN00001919,USR39089,MCH5042,,2026-03-05 00:00:00,1859.77,MERCHANT_OR_DELIVERY_ISSUE,REJECTED,2026-03-27 22:56:15,22.0,True,LOW,IVR
CBK0000027,TXN00014669,USR36534,MCH6898,2026-02-10 00:00:00,,0.16,FRAUD_OR_ATO,RESOLVED,,,False,LOW,EMAIL
CBK0000028,TXN00005785,USR15008,MCH4604,,,222.95,DUPLICATE_PROCESSING,CLOSED,,,False,MEDIUM,IVR
CBK0000029,TXN00006499,USR14810,MCH1545,,,640.77,AMOUNT_MISMATCH,CLOSED,,,False,MEDIUM,CHATBOT
CBK0000030,TXN00002461,USR44431,MCH2413,,,,FRAUD_OR_ATO,RESOLVED,2026-02-05 16:52:30,,False,LOW,BRANCH
CBK0000031,TXN00005788,USR80678,MCH4473,,,372.51,DUPLICATE_PROCESSING,RESOLVED,2026-03-29 00:09:09,,False,LOW,IVR
CBK0000032,TXN00001691,USR43171,MCH8182,2026-01-08 00:00:00,2026-01-09 00:00:00,875.81,DUPLICATE_PROCESSING,IN_PROGRESS,2026-01-26 09:44:49,17.0,True,MEDIUM,APP
CBK0000033,TXN00009708,USR97772,MCH5076,,,3007.22,AMOUNT_MISMATCH,REJECTED,,,False,HIGH,IVR
CBK0000034,TXN00018948,USR39094,MCH1418,2026-01-27 00:00:00,,959.89,GENERAL_DISPUTE,OPEN,,,False,MEDIUM,CHATBOT
CBK0000035,TXN00004120,USR53171,MCH6920,2026-03-07 00:00:00,2026-03-05 00:00:00,5701.53,DUPLICATE_PROCESSING,IN_PROGRESS,,,False,LOW,IVR
CBK0000036,TXN00007642,USR23143,MCH2032,,2026-01-17 16:21:03,0.13,GENERAL_DISPUTE,REJECTED,2026-02-05 16:21:03,19.0,True,CRITICAL,EMAIL
CBK0000037,TXN00005659,USR96672,MCH9397,2026-03-07 00:00:00,,2505.44,GENERAL_DISPUTE,IN_PROGRESS,,,False,MEDIUM,IVR
CBK0000038,TXN00016138,USR75856,MCH5345,,,2973.45,DUPLICATE_PROCESSING,IN_PROGRESS,,,False,LOW,IVR
CBK0000039,TXN00010340,USR89475,MCH2478,,2026-01-12 00:00:00,0.84,FRAUD_OR_ATO,IN_PROGRESS,,,False,MEDIUM,CHATBOT
CBK0000040,TXN00009861,USR84241,MCH1811,,2026-02-08 00:00:00,883.5,MERCHANT_OR_DELIVERY_ISSUE,RESOLVED,,,False,HIGH,EMAIL
CBK0000041,TXN00001568,USR27328,MCH3518,,,0.28,DUPLICATE_PROCESSING,IN_PROGRESS,2026-02-01 02:46:29,,False,LOW,APP
CBK0000042,TXN00001246,USR48537,MCH2700,2026-02-08 00:00:00,,0.7,GENERAL_DISPUTE,CLOSED,,,False,HIGH,IVR
CBK0000043,TXN00015200,USR15181,MCH4051,,,,AMOUNT_MISMATCH,RESOLVED,,,False,LOW,IVR
CBK0000044,TXN00004903,USR49770,MCH4578,,,639.26,MERCHANT_OR_DELIVERY_ISSUE,IN_PROGRESS,,,False,MEDIUM,CHATBOT
CBK0000045,TXN00018877,USR30701,MCH8391,,,2653.61,MERCHANT_OR_DELIVERY_ISSUE,OPEN,,,False,CRITICAL,CHATBOT
CBK0000046,TXN00007253,USR97477,MCH1590,2026-02-15 00:00:00,,8599.51,FRAUD_OR_ATO,OPEN,,,False,HIGH,APP
CBK0000047,TXN74133,USR46927,MCH2711,2026-03-27 00:00:00,2026-04-26 00:00:00,0.55,AMOUNT_MISMATCH,OPEN,,,False,MEDIUM,BRANCH
CBK0000048,TXN00003553,USR11419,MCH5833,,,3278.36,FRAUD_OR_ATO,IN_PROGRESS,,,False,MEDIUM,EMAIL
CBK0000049,TXN00009231,USR41135,MCH3165,2026-03-11 00:00:00,,669.96,FRAUD_OR_ATO,IN_PROGRESS,,,False,LOW,BRANCH
CBK0000050,TXN00004935,USR75712,MCH2076,,,18552.59,GENERAL_DISPUTE,RESOLVED,,,False,LOW,CALL CENTER
CBK0000051,TXN00015825,USR97494,MCH6181,,,272.77,FRAUD_OR_ATO,RESOLVED,,,False,CRITICAL,CHATBOT
CBK0000052,TXN00002289,USR12120,MCH6097,,,0.4,DUPLICATE_PROCESSING,CLOSED,,,False,LOW,BRANCH
CBK0000053,TXN00017140,USR93610,MCH8296,,,589.03,FRAUD_OR_ATO,CLOSED,,,False,MEDIUM,APP
CBK0000054,TXN00015105,USR35239,MCH9077,,,608.31,GENERAL_DISPUTE,REJECTED,,,False,LOW,IVR
CBK0000055,TXN00017357,USR15485,MCH3992,,,3043.82,GENERAL_DISPUTE,IN_PROGRESS,,,False,CRITICAL,CHATBOT
CBK0000056,TXN00002715,USR49193,MCH9467,2026-01-23 00:00:00,,,MERCHANT_OR_DELIVERY_ISSUE,REJECTED,,,False,HIGH,CHATBOT
CBK0000057,TXN00005197,USR33934,MCH6452,,,0.57,FRAUD_OR_ATO,IN_PROGRESS,,,False,MEDIUM,EMAIL
CBK0000058,TXN00007401,USR21162,MCH8369,,,2284.5,MERCHANT_OR_DELIVERY_ISSUE,RESOLVED,,,False,HIGH,APP
CBK0000059,TXN00011102,USR87051,MCH4693,,,1825.45,FRAUD_OR_ATO,OPEN,,,False,LOW,CALL CENTER
CBK0000060,TXN00004672,USR95647,MCH3815,,,985.98,MERCHANT_OR_DELIVERY_ISSUE,RESOLVED,,,False,HIGH,IVR
CBK0000061,TXN00010949,USR32546,MCH9169,,,2673.31,MERCHANT_OR_DELIVERY_ISSUE,CLOSED,,,False,MEDIUM,APP
CBK0000062,TXN00012210,USR39698,MCH5302,,2026-01-25 00:00:00,1467.32,DUPLICATE_PROCESSING,CLOSED,,,False,HIGH,IVR
CBK0000063,TXN00017905,USR73461,MCH3216,,,2185.09,GENERAL_DISPUTE,RESOLVED,,,False,LOW,CHATBOT
CBK0000064,TXN00019898,USR48525,MCH5257,,,861.86,AMOUNT_MISMATCH,CLOSED,2026-04-03 20:30:01,,False,MEDIUM,EMAIL
CBK0000065,TXN00007639,USR34880,MCH1812,,,0.54,AMOUNT_MISMATCH,CLOSED,,,False,LOW,IVR
CBK0000066,TXN00017748,USR86707,MCH8350,,,0.19,MERCHANT_OR_DELIVERY_ISSUE,REJECTED,,,False,LOW,APP
CBK0000067,TXN00003314,USR37105,MCH6003,,,0.18,GENERAL_DISPUTE,IN_PROGRESS,2026-02-10 21:13:32,,False,LOW,BRANCH
CBK0000068,TXN00019414,USR96148,MCH3815,2026-01-01 03:55:28,,1.0,FRAUD_OR_ATO,IN_PROGRESS,,,False,CRITICAL,IVR
CBK0000069,TXN00002744,USR21384,MCH4252,2026-01-15 01:24:40,,840.07,MERCHANT_OR_DELIVERY_ISSUE,IN_PROGRESS,,,False,CRITICAL,EMAIL
CBK0000070,TXN00019236,USR39755,MCH6038,,2026-04-10 23:55:00,3160.25,FRAUD_OR_ATO,RESOLVED,,,False,HIGH,EMAIL
CBK0000071,TXN00008538,USR89774,MCH8569,2026-02-08 00:00:00,2026-02-10 14:50:39,0.28,FRAUD_OR_ATO,REJECTED,,,False,MEDIUM,CHATBOT
CBK0000072,TXN00004747,USR48250,MCH3100,,,11808.21,DUPLICATE_PROCESSING,IN_PROGRESS,,,False,MEDIUM,CALL CENTER
CBK0000073,TXN00007186,USR55692,MCH9079,,,7193.48,AMOUNT_MISMATCH,REJECTED,,,False,MEDIUM,EMAIL
CBK0000074,TXN00018905,USR67079,MCH5054,,,547.94,GENERAL_DISPUTE,IN_PROGRESS,,,False,HIGH,BRANCH
CBK0000075,TXN00014086,USR84007,MCH8154,,2026-03-25 00:00:00,1493.94,FRAUD_OR_ATO,RESOLVED,,,False,MEDIUM,APP
CBK0000076,TXN00001158,USR27355,MCH5963,,,461.85,MERCHANT_OR_DELIVERY_ISSUE,REJECTED,,,False,LOW,IVR
CBK0000077,TXN00016365,USR65949,MCH5705,,,287.37,DUPLICATE_PROCESSING,RESOLVED,,,False,LOW,APP
CBK0000078,TXN00019392,USR55898,MCH8405,2026-01-21 00:00:00,,16244.17,GENERAL_DISPUTE,CLOSED,,,False,HIGH,IVR
CBK0000079,TXN00000789,USR54133,MCH8683,,2026-02-26 00:00:00,0.79,FRAUD_OR_ATO,OPEN,,,False,HIGH,IVR
CBK0000080,TXN00007630,USR70905,MCH7833,2026-01-11 19:35:00,2026-01-12 06:35:00,963.14,DUPLICATE_PROCESSING,IN_PROGRESS,,,False,LOW,BRANCH
CBK0000081,TXN00016937,USR98012,MCH5770,,,6269.03,AMOUNT_MISMATCH,RESOLVED,,,False,MEDIUM,EMAIL
CBK0000082,TXN00013051,USR86387,MCH8735,2026-02-26 00:00:00,,0.73,MERCHANT_OR_DELIVERY_ISSUE,IN_PROGRESS,,,False,LOW,APP
CBK0000083,TXN00019136,USR46902,MCH4705,,,264.95,GENERAL_DISPUTE,OPEN,,,False,HIGH,EMAIL
CBK0000084,TXN00012123,USR60939,MCH1438,,,4232.74,FRAUD_OR_ATO,CLOSED,2026-02-14 02:34:26,,False,MEDIUM,BRANCH
CBK0000085,TXN00004176,USR35280,MCH8030,2026-01-08 00:00:00,,1105.82,FRAUD_OR_ATO,CLOSED,,,False,HIGH,BRANCH
CBK0000086,TXN00005603,USR63109,MCH4810,2026-02-22 19:09:31,,0.27,FRAUD_OR_ATO,IN_PROGRESS,2026-03-22 11:09:31,,False,MEDIUM,APP
CBK0000087,TXN00008323,USR70375,MCH3815,,,36675.43,FRAUD_OR_ATO,IN_PROGRESS,2026-03-29 08:50:42,,False,MEDIUM,IVR
CBK0000088,TXN00002716,USR62830,MCH4381,2026-01-22 00:00:00,,8825.16,AMOUNT_MISMATCH,REJECTED,,,False,MEDIUM,CALL CENTER
CBK0000089,TXN00017797,USR85655,MCH8344,,,1590.47,MERCHANT_OR_DELIVERY_ISSUE,OPEN,,,False,HIGH,IVR
CBK0000090,TXN00018546,USR70795,MCH3992,,,7492.62,MERCHANT_OR_DELIVERY_ISSUE,CLOSED,,,False,HIGH,IVR
CBK0000091,TXN00014621,USR78310,MCH9002,,2026-03-16 00:00:00,264.51,MERCHANT_OR_DELIVERY_ISSUE,OPEN,,,False,MEDIUM,IVR
CBK0000092,TXN00019596,USR96380,MCH3161,,,2991.63,DUPLICATE_PROCESSING,RESOLVED,,,False,HIGH,CHATBOT
CBK0000093,TXN00009196,USR28608,MCH7127,,,,MERCHANT_OR_DELIVERY_ISSUE,IN_PROGRESS,2026-02-07 12:00:43,,False,MEDIUM,EMAIL
CBK0000094,TXN00011368,USR24563,MCH8712,,,3661.74,FRAUD_OR_ATO,OPEN,2026-03-20 22:30:57,,False,MEDIUM,CALL CENTER
CBK0000095,TXN00006584,USR85655,MCH1599,,,1087.37,MERCHANT_OR_DELIVERY_ISSUE,IN_PROGRESS,,,False,MEDIUM,CALL CENTER
CBK0000096,TXN00015289,USR24926,MCH9472,,,2649.1,MERCHANT_OR_DELIVERY_ISSUE,CLOSED,,,False,LOW,IVR
CBK0000097,TXN00014288,USR75999,MCH4226,,,4255.52,GENERAL_DISPUTE,IN_PROGRESS,,,False,MEDIUM,IVR
CBK0000098,TXN00003777,USR36855,MCH7866,,,177.16,MERCHANT_OR_DELIVERY_ISSUE,IN_PROGRESS,,,False,MEDIUM,APP
CBK0000099,UNKNOWN_TXN,USR93290,MCH3558,,2026-01-17 00:00:00,1317.94,FRAUD_OR_ATO,RESOLVED,,,False,MEDIUM,EMAIL
CBK0000100,TXN00017882,USR54020,MCH3381,,2026-01-20 00:00:00,732.66,DUPLICATE_PROCESSING,OPEN,,,False,HIGH,APP
CBK0000101,TXN00010812,USR81116,MCH4055,,2026-04-04 00:00:00,0.35,DUPLICATE_PROCESSING,IN_PROGRESS,,,False,LOW,CHATBOT
CBK0000102,TXN00013948,USR79115,MCH3570,,2026-01-29 19:15:57,7171.27,GENERAL_DISPUTE,IN_PROGRESS,2026-02-16 19:15:57,18.0,True,LOW,APP
CBK0000103,TXN00008797,USR69455,MCH2902,,,980.58,FRAUD_OR_ATO,IN_PROGRESS,,,False,MEDIUM,IVR
CBK0000104,TXN00010908,USR70176,MCH5980,,,608.69,DUPLICATE_PROCESSING,REJECTED,,,False,LOW,BRANCH
CBK0000105,TXN00004321,USR86889,MCH1166,,,2032.79,MERCHANT_OR_DELIVERY_ISSUE,OPEN,2026-04-01 06:28:32,,False,LOW,APP
CBK0000106,TXN00016875,USR34270,MCH7335,,,570.66,FRAUD_OR_ATO,IN_PROGRESS,,,False,LOW,CHATBOT
CBK0000107,TXN00017349,USR51854,MCH2065,2026-03-14 00:00:00,,1441.68,MERCHANT_OR_DELIVERY_ISSUE,CLOSED,,,False,MEDIUM,APP
CBK0000108,TXN00012720,USR63044,MCH3342,,,0.13,FRAUD_OR_ATO,RESOLVED,,,False,LOW,CHATBOT
CBK0000109,TXN00003546,USR15596,MCH1434,,,3229.57,DUPLICATE_PROCESSING,CLOSED,,,False,MEDIUM,CALL CENTER
CBK0000110,TXN00005150,USR19275,MCH7578,,,2477.97,FRAUD_OR_ATO,REJECTED,2026-01-20 18:56:14,,False,MEDIUM,CALL CENTER
CBK0000111,TXN00019912,USR43416,MCH5748,2026-02-28 00:00:00,,2124.72,MERCHANT_OR_DELIVERY_ISSUE,OPEN,,,False,LOW,EMAIL
CBK0000112,TXN00002800,USR33650,MCH4226,,,9291.46,MERCHANT_OR_DELIVERY_ISSUE,REJECTED,2026-01-15 09:02:47,,False,LOW,EMAIL
CBK0000113,TXN00008131,USR37470,MCH4899,,,2367.83,MERCHANT_OR_DELIVERY_ISSUE,RESOLVED,,,False,LOW,APP
CBK0000114,TXN00002182,USR85475,MCH8779,,,,AMOUNT_MISMATCH,RESOLVED,,,False,LOW,EMAIL
CBK0000115,TXN00000541,USR20121,MCH8779,,2026-03-23 03:31:09,0.13,GENERAL_DISPUTE,RESOLVED,,,False,LOW,EMAIL
CBK0000116,TXN00008116,USR77356,MCH8789,,,841.93,FRAUD_OR_ATO,CLOSED,,,False,LOW,IVR
CBK0000117,TXN00008534,USR46501,MCH8277,,2026-03-08 00:00:00,652.86,GENERAL_DISPUTE,IN_PROGRESS,,,False,HIGH,EMAIL
CBK0000118,TXN00008970,USR64312,MCH2858,,,450.63,GENERAL_DISPUTE,CLOSED,,,False,LOW,IVR
CBK0000119,TXN79001,USR68410,MCH1820,,2026-03-15 00:00:00,5620.82,MERCHANT_OR_DELIVERY_ISSUE,RESOLVED,,,False,LOW,CHATBOT
CBK0000120,TXN00005470,USR35882,MCH5805,,,881.56,GENERAL_DISPUTE,OPEN,,,False,MEDIUM,CHATBOT
CBK0000121,TXN00006459,USR17577,MCH2566,,2026-01-02 00:00:00,2479.76,DUPLICATE_PROCESSING,CLOSED,,,False,HIGH,EMAIL
CBK0000122,TXN00015011,USR79150,MCH7474,,,1339.61,FRAUD_OR_ATO,IN_PROGRESS,,,False,LOW,EMAIL
CBK0000123,TXN00016267,USR85507,MCH6810,,,0.18,FRAUD_OR_ATO,RESOLVED,,,False,HIGH,BRANCH
CBK0000124,TXN00006207,USR61576,MCH7286,2026-02-12 00:00:00,,5731.89,MERCHANT_OR_DELIVERY_ISSUE,IN_PROGRESS,,,False,LOW,BRANCH
CBK0000125,TXN00006063,USR72570,MCH3943,2026-02-14 00:00:00,,0.22,FRAUD_OR_ATO,IN_PROGRESS,,,False,HIGH,IVR
CBK0000126,TXN00009782,USR75241,MCH8503,,,718.61,AMOUNT_MISMATCH,RESOLVED,,,False,MEDIUM,IVR
CBK0000127,TXN00007654,USR54113,MCH3992,,,1028.53,DUPLICATE_PROCESSING,IN_PROGRESS,,,False,MEDIUM,CHATBOT
CBK0000128,TXN00012176,USR84571,MCH5742,2026-03-26 00:00:00,,4272.46,MERCHANT_OR_DELIVERY_ISSUE,RESOLVED,,,False,LOW,CALL CENTER
CBK0000129,TXN00009368,USR60939,MCH4143,,,2931.23,MERCHANT_OR_DELIVERY_ISSUE,REJECTED,,,False,LOW,EMAIL
CBK0000130,TXN00002672,USR96637,MCH4181,,,4547.87,AMOUNT_MISMATCH,IN_PROGRESS,,,False,LOW,EMAIL
CBK0000131,UNKNOWN_TXN,USR16031,MCH4997,2026-02-21 20:10:28,,0.14,FRAUD_OR_ATO,IN_PROGRESS,,,False,HIGH,CALL CENTER
CBK0000132,TXN00016038,USR11624,MCH5300,,,447.63,MERCHANT_OR_DELIVERY_ISSUE,CLOSED,,,False,HIGH,APP
CBK0000133,TXN00011403,USR18453,MCH9291,2026-01-14 00:00:00,,3000.84,GENERAL_DISPUTE,OPEN,2026-02-17 16:25:35,,False,HIGH,CALL CENTER
CBK0000134,TXN00007757,USR87362,MCH3332,,,2328.13,MERCHANT_OR_DELIVERY_ISSUE,OPEN,2026-04-15 22:34:56,,False,HIGH,BRANCH
CBK0000135,TXN00013531,USR33763,MCH2483,,2026-01-22 00:00:00,0.24,MERCHANT_OR_DELIVERY_ISSUE,IN_PROGRESS,,,False,LOW,APP
CBK0000136,TXN00000724,USR55205,MCH4226,,,0.45,GENERAL_DISPUTE,CLOSED,,,False,HIGH,EMAIL
CBK0000137,TXN00005904,USR86701,MCH6915,,2026-03-31 00:00:00,953.16,AMOUNT_MISMATCH,OPEN,,,False,HIGH,CHATBOT
CBK0000138,TXN00003017,USR74855,MCH9944,2026-01-12 10:06:13,,707.43,FRAUD_OR_ATO,REJECTED,,,False,LOW,EMAIL
CBK0000139,TXN34566,USR29306,MCH4355,,,0.27,DUPLICATE_PROCESSING,REJECTED,,,False,LOW,IVR
CBK0000140,TXN00001801,USR46902,MCH2378,,,2789.99,GENERAL_DISPUTE,IN_PROGRESS,2026-03-10 07:20:55,,False,LOW,EMAIL
CBK0000141,TXN00006360,USR82731,MCH8970,2026-02-25 00:00:00,,1731.1,DUPLICATE_PROCESSING,IN_PROGRESS,,,False,LOW,CHATBOT
CBK0000142,TXN00017373,USR22644,MCH2266,,,4758.01,FRAUD_OR_ATO,IN_PROGRESS,,,False,MEDIUM,EMAIL
CBK0000143,TXN59408,USR34207,MCH9423,2026-03-20 00:00:00,,0.8,FRAUD_OR_ATO,IN_PROGRESS,,,False,HIGH,APP
CBK0000144,TXN00006125,USR91671,MCH4943,2026-03-06 23:07:46,,2573.59,MERCHANT_OR_DELIVERY_ISSUE,CLOSED,,,False,HIGH,CHATBOT
CBK0000145,TXN00009456,USR21384,MCH8779,,,3537.13,GENERAL_DISPUTE,IN_PROGRESS,,,False,MEDIUM,CHATBOT
CBK0000146,TXN00008795,USR87406,MCH4568,2026-02-22 00:00:00,,1052.0,FRAUD_OR_ATO,OPEN,,,False,MEDIUM,CALL CENTER
CBK0000147,TXN00003927,USR94184,MCH2234,,2026-02-17 03:26:55,875.3,AMOUNT_MISMATCH,CLOSED,,,False,LOW,IVR
CBK0000148,UNKNOWN_TXN,USR37395,MCH3992,2026-02-25 00:00:00,,,GENERAL_DISPUTE,CLOSED,,,False,CRITICAL,IVR
CBK0000149,TXN00015300,USR25559,MCH8125,,,753.9,FRAUD_OR_ATO,IN_PROGRESS,,,False,MEDIUM,APP
CBK0000150,TXN00004153,USR21449,MCH8072,,,3630.27,FRAUD_OR_ATO,IN_PROGRESS,,,False,HIGH,APP
CBK0000151,TXN00005861,USR31659,MCH5954,,,10091.73,AMOUNT_MISMATCH,REJECTED,,,False,LOW,EMAIL
CBK0000152,TXN56695,USR13925,MCH6810,,,3475.46,FRAUD_OR_ATO,OPEN,2026-04-13 11:00:46,,False,CRITICAL,EMAIL
CBK0000153,TXN00000546,USR92746,MCH7824,,2026-03-03 19:44:09,,MERCHANT_OR_DELIVERY_ISSUE,CLOSED,,,False,MEDIUM,IVR
CBK0000154,TXN00011689,USR92364,MCH2569,,2026-03-14 22:06:34,473.27,MERCHANT_OR_DELIVERY_ISSUE,REJECTED,,,False,LOW,IVR
CBK0000155,TXN00010068,USR53527,MCH9030,,,2128.78,FRAUD_OR_ATO,IN_PROGRESS,,,False,LOW,CHATBOT
CBK0000156,TXN00018659,USR96218,MCH5609,2026-02-15 00:00:00,,4959.68,DUPLICATE_PROCESSING,RESOLVED,2026-03-05 09:55:18,,False,CRITICAL,BRANCH
CBK0000157,TXN00016322,USR89473,MCH2014,,,0.15,MERCHANT_OR_DELIVERY_ISSUE,RESOLVED,,,False,LOW,BRANCH
CBK0000158,TXN00015663,USR86472,MCH4826,,,5021.55,DUPLICATE_PROCESSING,IN_PROGRESS,,,False,MEDIUM,BRANCH
CBK0000159,TXN00001671,USR51888,MCH8727,,,0.26,AMOUNT_MISMATCH,IN_PROGRESS,,,False,HIGH,IVR
CBK0000160,TXN00015230,USR38364,MCH5454,,,2419.56,GENERAL_DISPUTE,IN_PROGRESS,,,False,HIGH,CALL CENTER
CBK0000161,TXN00017149,USR60681,MCH8391,,,1317.13,GENERAL_DISPUTE,IN_PROGRESS,,,False,HIGH,IVR
CBK0000162,TXN00001838,USR56312,MCH5172,,,0.42,FRAUD_OR_ATO,REJECTED,,,False,LOW,IVR
CBK0000163,TXN00000976,USR35447,MCH1441,,,1181.91,GENERAL_DISPUTE,REJECTED,,,False,MEDIUM,IVR
CBK0000164,TXN00010786,USR79443,MCH3729,,,,DUPLICATE_PROCESSING,CLOSED,2026-01-23 04:00:24,,False,MEDIUM,IVR
CBK0000165,TXN00013500,USR82240,MCH3046,2026-01-23 09:33:00,2026-03-09 00:00:00,3214.54,DUPLICATE_PROCESSING,OPEN,,,False,LOW,IVR
CBK0000166,TXN00011027,USR82338,MCH2856,2026-02-06 00:48:39,,0.18,DUPLICATE_PROCESSING,IN_PROGRESS,,,False,MEDIUM,CALL CENTER
CBK0000167,TXN00012360,USR86156,MCH2438,,,5341.0,GENERAL_DISPUTE,CLOSED,,,False,LOW,BRANCH
CBK0000168,TXN00010651,USR97772,MCH4642,2026-01-19 00:00:00,2026-02-03 00:00:00,,FRAUD_OR_ATO,IN_PROGRESS,2026-03-03 13:11:35,28.0,True,HIGH,CHATBOT
CBK0000169,TXN84777,USR83541,MCH9196,,,1091.87,FRAUD_OR_ATO,OPEN,,,False,MEDIUM,APP
CBK0000170,TXN00016286,USR62841,MCH6175,,,800.41,FRAUD_OR_ATO,IN_PROGRESS,,,False,MEDIUM,IVR
CBK0000171,TXN00003032,USR85839,MCH4965,,,988.93,MERCHANT_OR_DELIVERY_ISSUE,REJECTED,,,False,HIGH,CHATBOT
CBK0000172,TXN00016070,USR32730,MCH2746,,,2123.39,DUPLICATE_PROCESSING,REJECTED,,,False,MEDIUM,EMAIL
CBK0000173,TXN00013826,USR31453,MCH4581,2026-01-24 14:20:26,,1245.39,GENERAL_DISPUTE,CLOSED,,,False,LOW,BRANCH
CBK0000174,TXN00013432,USR44848,MCH4003,,,616.19,GENERAL_DISPUTE,REJECTED,,,False,LOW,BRANCH
CBK0000175,TXN00009098,USR33215,MCH3992,2026-01-04 00:23:38,,4947.89,MERCHANT_OR_DELIVERY_ISSUE,CLOSED,,,False,LOW,IVR
CBK0000176,TXN00001405,USR91859,MCH2900,,,2105.51,MERCHANT_OR_DELIVERY_ISSUE,CLOSED,,,False,MEDIUM,CHATBOT
CBK0000177,TXN00001663,USR24926,MCH7681,,,2379.68,MERCHANT_OR_DELIVERY_ISSUE,RESOLVED,,,False,LOW,IVR
CBK0000178,TXN00004134,USR75133,MCH1949,,,794.23,GENERAL_DISPUTE,OPEN,2026-03-06 06:12:04,,False,HIGH,IVR
CBK0000179,TXN00017876,USR49537,MCH5956,,,638.04,FRAUD_OR_ATO,IN_PROGRESS,,,False,HIGH,IVR
CBK0000180,TXN00019503,USR70812,MCH3936,,,1537.27,MERCHANT_OR_DELIVERY_ISSUE,IN_PROGRESS,,,False,LOW,BRANCH
CBK0000181,TXN00016182,USR66758,MCH1612,,2026-01-30 00:00:00,237.88,GENERAL_DISPUTE,REJECTED,,,False,LOW,APP
CBK0000182,TXN00013078,USR91108,MCH4931,,,3943.46,MERCHANT_OR_DELIVERY_ISSUE,OPEN,,,False,CRITICAL,APP
CBK0000183,TXN00018275,USR61083,MCH2383,,,894.24,AMOUNT_MISMATCH,REJECTED,,,False,LOW,CALL CENTER
CBK0000184,TXN00001095,USR35485,MCH7351,,,1383.39,GENERAL_DISPUTE,REJECTED,,,False,MEDIUM,IVR
CBK0000185,TXN00007154,USR85483,MCH4852,,,2770.88,MERCHANT_OR_DELIVERY_ISSUE,OPEN,,,False,LOW,CHATBOT
CBK0000186,TXN00016957,USR98066,MCH1945,,,1444.28,FRAUD_OR_ATO,RESOLVED,2026-05-11 20:04:57,,False,LOW,BRANCH
CBK0000187,TXN00008581,USR85112,MCH9415,2026-02-25 00:00:00,,562.07,GENERAL_DISPUTE,IN_PROGRESS,,,False,MEDIUM,IVR
CBK0000188,TXN00001256,USR74352,MCH1724,,,,AMOUNT_MISMATCH,RESOLVED,,,False,HIGH,EMAIL
CBK0000189,TXN00016753,USR71099,MCH5189,2026-03-11 00:00:00,,390.5,FRAUD_OR_ATO,IN_PROGRESS,,,False,LOW,IVR
CBK0000190,TXN00009749,USR32223,MCH5076,,,193.15,AMOUNT_MISMATCH,RESOLVED,,,False,LOW,IVR
CBK0000191,TXN00016165,USR22024,MCH5684,2026-02-10 00:00:00,,4335.54,MERCHANT_OR_DELIVERY_ISSUE,CLOSED,,,False,HIGH,BRANCH
CBK0000192,TXN00001285,USR71300,MCH9402,,,0.42,GENERAL_DISPUTE,OPEN,,,False,LOW,APP
CBK0000193,TXN00011628,USR15884,MCH9002,,,6328.27,GENERAL_DISPUTE,IN_PROGRESS,2026-01-30 11:20:14,,False,CRITICAL,IVR
CBK0000194,TXN00009105,USR80813,MCH3548,,,,MERCHANT_OR_DELIVERY_ISSUE,REJECTED,,,False,LOW,APP
CBK0000195,TXN00014413,USR30474,MCH8961,,,2399.47,MERCHANT_OR_DELIVERY_ISSUE,IN_PROGRESS,,,False,MEDIUM,IVR
CBK0000196,TXN00005107,USR33769,MCH4914,,,0.1,MERCHANT_OR_DELIVERY_ISSUE,IN_PROGRESS,,,False,MEDIUM,BRANCH
CBK0000197,TXN00003861,USR66175,MCH7332,,2026-01-21 00:00:00,792.03,MERCHANT_OR_DELIVERY_ISSUE,IN_PROGRESS,,,False,CRITICAL,IVR
CBK0000198,TXN00019042,USR16744,MCH8391,,2026-03-25 15:25:13,1241.09,FRAUD_OR_ATO,CLOSED,2026-04-24 15:25:13,30.0,True,MEDIUM,IVR
CBK0000199,TXN00014454,USR65385,MCH9061,,,752.03,FRAUD_OR_ATO,CLOSED,,,False,LOW,APP
CBK0000200,TXN00015054,USR51506,MCH5954,,,6049.12,FRAUD_OR_ATO,IN_PROGRESS,,,False,MEDIUM,IVR
CBK0000201,TXN00011466,USR99920,MCH9344,,,0.86,FRAUD_OR_ATO,IN_PROGRESS,,,False,HIGH,EMAIL
CBK0000202,TXN00003879,USR22628,MCH4977,,,2999.94,DUPLICATE_PROCESSING,IN_PROGRESS,,,False,LOW,IVR
CBK0000203,TXN00002521,USR11015,MCH5051,,2026-01-06 00:00:00,0.49,MERCHANT_OR_DELIVERY_ISSUE,CLOSED,,,False,HIGH,CALL CENTER
CBK0000204,TXN00014673,USR21209,MCH8154,,,749.06,GENERAL_DISPUTE,CLOSED,,,False,MEDIUM,CALL CENTER
CBK0000205,TXN00009947,USR49302,MCH7335,,2026-02-04 04:39:04,,FRAUD_OR_ATO,IN_PROGRESS,,,False,CRITICAL,APP
CBK0000206,TXN00019710,USR39190,MCH6651,,2026-01-25 16:01:33,739.61,MERCHANT_OR_DELIVERY_ISSUE,CLOSED,2026-02-01 16:01:33,7.0,False,HIGH,APP
CBK0000207,TXN00007495,USR47962,MCH4241,,2026-02-13 00:00:00,0.15,FRAUD_OR_ATO,OPEN,,,False,LOW,CHATBOT
CBK0000208,TXN00011412,USR90908,MCH1460,,,1142.95,MERCHANT_OR_DELIVERY_ISSUE,REJECTED,,,False,LOW,IVR
CBK0000209,TXN59223,USR24507,MCH4782,,,0.9,DUPLICATE_PROCESSING,OPEN,,,False,HIGH,APP
CBK0000210,TXN00001539,USR60489,MCH7607,,,2117.07,GENERAL_DISPUTE,IN_PROGRESS,,,False,MEDIUM,CHATBOT
CBK0000211,TXN00019098,USR76655,MCH2383,,,536.94,FRAUD_OR_ATO,IN_PROGRESS,,,False,MEDIUM,EMAIL
CBK0000212,TXN00010499,USR18345,MCH6823,,,0.46,FRAUD_OR_ATO,OPEN,,,False,LOW,BRANCH
CBK0000213,TXN00019537,USR55133,MCH1458,,2026-02-15 13:11:18,613.06,GENERAL_DISPUTE,REJECTED,,,False,MEDIUM,CALL CENTER
CBK0000214,TXN00000769,USR93581,MCH6844,,,509.24,DUPLICATE_PROCESSING,OPEN,,,False,MEDIUM,IVR
CBK0000215,TXN00001291,USR52378,MCH9991,,,1404.87,FRAUD_OR_ATO,IN_PROGRESS,,,False,HIGH,BRANCH
CBK0000216,TXN00011136,USR94832,MCH2451,,,,MERCHANT_OR_DELIVERY_ISSUE,REJECTED,,,False,MEDIUM,IVR
CBK0000217,TXN00010428,USR35582,MCH8391,,,2580.03,GENERAL_DISPUTE,IN_PROGRESS,,,False,HIGH,EMAIL
CBK0000218,TXN00002930,USR27533,MCH9381,,,1968.12,GENERAL_DISPUTE,IN_PROGRESS,,,False,LOW,IVR
CBK0000219,TXN76688,USR63208,MCH6288,,,355.19,MERCHANT_OR_DELIVERY_ISSUE,RESOLVED,,,False,LOW,BRANCH
CBK0000220,TXN00009971,USR81170,MCH6607,,,0.48,GENERAL_DISPUTE,IN_PROGRESS,,,False,LOW,EMAIL
CBK0000221,TXN00004354,USR82244,MCH2757,2026-03-03 18:42:43,2026-03-06 00:00:00,0.14,DUPLICATE_PROCESSING,IN_PROGRESS,,,False,MEDIUM,IVR
CBK0000222,TXN00003640,USR39837,MCH5980,,2026-01-09 00:00:00,2301.83,FRAUD_OR_ATO,IN_PROGRESS,2026-01-24 12:53:46,15.0,True,MEDIUM,CALL CENTER
CBK0000223,TXN00005582,USR74418,MCH4130,2026-02-19 15:03:20,,16352.81,FRAUD_OR_ATO,RESOLVED,2026-02-25 03:03:20,,False,HIGH,CALL CENTER
CBK0000224,TXN00019488,USR33856,MCH7833,,,6544.91,FRAUD_OR_ATO,CLOSED,,,False,MEDIUM,CHATBOT
CBK0000225,TXN00000007,USR30925,MCH5655,,2026-02-09 00:00:00,2231.72,FRAUD_OR_ATO,IN_PROGRESS,,,False,HIGH,EMAIL
CBK0000226,TXN00015815,USR35149,MCH8971,,,458.03,GENERAL_DISPUTE,IN_PROGRESS,,,False,LOW,EMAIL
CBK0000227,TXN00013273,USR34180,MCH1485,,2026-02-09 08:37:14,465.76,FRAUD_OR_ATO,IN_PROGRESS,,,False,HIGH,EMAIL
CBK0000228,TXN00001207,USR43461,MCH2457,,,5779.34,FRAUD_OR_ATO,REJECTED,,,False,MEDIUM,IVR
CBK0000229,TXN00011498,USR25152,MCH5516,,,1209.77,FRAUD_OR_ATO,IN_PROGRESS,2026-03-18 16:33:39,,False,LOW,CHATBOT
CBK0000230,TXN00008604,USR33056,MCH2822,2026-02-21 03:47:49,,1527.8,FRAUD_OR_ATO,IN_PROGRESS,,,False,HIGH,CHATBOT
CBK0000231,TXN00017060,USR94815,MCH5980,,,575.09,GENERAL_DISPUTE,CLOSED,,,False,LOW,IVR
CBK0000232,TXN00019245,USR86563,MCH2065,,,2823.84,GENERAL_DISPUTE,RESOLVED,,,False,LOW,EMAIL
CBK0000233,TXN00018991,USR98336,MCH7031,2026-02-17 00:00:00,2026-02-23 00:00:00,5661.32,FRAUD_OR_ATO,OPEN,,,False,MEDIUM,IVR
CBK0000234,TXN00001948,USR69297,MCH8977,,,8296.18,AMOUNT_MISMATCH,RESOLVED,,,False,LOW,IVR
CBK0000235,TXN00006623,USR14727,MCH4226,,,1154.99,MERCHANT_OR_DELIVERY_ISSUE,IN_PROGRESS,,,False,LOW,CHATBOT
CBK0000236,TXN00015982,USR78462,MCH5980,,,3445.69,GENERAL_DISPUTE,OPEN,,,False,LOW,IVR
CBK0000237,TXN00009246,USR24926,MCH2943,,,1644.04,MERCHANT_OR_DELIVERY_ISSUE,IN_PROGRESS,,,False,LOW,CHATBOT
CBK0000238,TXN00008222,USR40061,MCH2274,,,4360.22,GENERAL_DISPUTE,IN_PROGRESS,,,False,LOW,APP
CBK0000239,TXN00005752,USR34028,MCH3100,2026-01-06 00:00:00,,1800.88,FRAUD_OR_ATO,REJECTED,,,False,LOW,BRANCH
CBK0000240,TXN00014390,USR75856,MCH4429,2026-01-12 00:00:00,,793.04,AMOUNT_MISMATCH,OPEN,,,False,LOW,CHATBOT
CBK0000241,TXN00009866,USR33877,MCH1509,,,6769.33,AMOUNT_MISMATCH,RESOLVED,2026-03-11 23:02:56,,False,MEDIUM,IVR
CBK0000242,UNKNOWN_TXN,USR53192,MCH9729,,,1995.28,DUPLICATE_PROCESSING,RESOLVED,,,False,MEDIUM,APP
CBK0000243,TXN00006922,USR46902,MCH2461,2026-02-13 00:00:00,,1272.25,GENERAL_DISPUTE,CLOSED,,,False,LOW,APP
CBK0000244,TXN00005487,USR31599,MCH6810,,2026-03-01 00:00:00,,DUPLICATE_PROCESSING,CLOSED,,,False,HIGH,BRANCH
CBK0000245,TXN00010561,USR45218,MCH8515,,2026-02-06 00:00:00,865.55,AMOUNT_MISMATCH,RESOLVED,,,False,LOW,CHATBOT
CBK0000246,TXN00019885,USR90720,MCH8625,2026-02-22 05:29:58,2026-02-23 00:00:00,2738.74,DUPLICATE_PROCESSING,IN_PROGRESS,,,False,MEDIUM,IVR
CBK0000247,TXN00019340,USR75302,MCH7286,,,0.15,MERCHANT_OR_DELIVERY_ISSUE,RESOLVED,,,False,HIGH,CALL CENTER
CBK0000248,TXN00002141,USR12530,MCH6850,,2026-03-19 23:03:08,816.65,FRAUD_OR_ATO,IN_PROGRESS,,,False,HIGH,APP
CBK0000249,TXN00011669,USR26768,MCH8390,,,19475.24,FRAUD_OR_ATO,IN_PROGRESS,,,False,MEDIUM,CHATBOT
CBK0000250,TXN00002574,USR73010,MCH1320,,,0.66,MERCHANT_OR_DELIVERY_ISSUE,OPEN,2026-03-07 09:11:33,,False,LOW,IVR
CBK0000251,TXN00012937,USR77066,MCH5347,2026-03-17 00:00:00,,2574.17,MERCHANT_OR_DELIVERY_ISSUE,CLOSED,,,False,MEDIUM,CALL CENTER
CBK0000252,TXN00019048,USR59747,MCH4772,,,1913.71,DUPLICATE_PROCESSING,CLOSED,,,False,HIGH,APP
CBK0000253,TXN00009329,USR58076,MCH4388,,,648.33,DUPLICATE_PROCESSING,CLOSED,,,False,CRITICAL,APP
CBK0000254,TXN00005010,USR40538,MCH5940,,,1290.35,FRAUD_OR_ATO,OPEN,,,False,MEDIUM,APP
CBK0000255,TXN00008054,USR91954,MCH2417,,,472.22,DUPLICATE_PROCESSING,REJECTED,,,False,HIGH,BRANCH
CBK0000256,TXN00001617,USR63778,MCH6614,,,14278.2,MERCHANT_OR_DELIVERY_ISSUE,IN_PROGRESS,,,False,LOW,IVR
CBK0000257,TXN00015440,USR53356,MCH6943,,,,AMOUNT_MISMATCH,OPEN,,,False,MEDIUM,IVR
CBK0000258,TXN00017642,USR41056,MCH9394,,,1505.96,GENERAL_DISPUTE,RESOLVED,,,False,HIGH,CHATBOT
CBK0000259,TXN00017504,USR24872,MCH9291,,,12647.35,FRAUD_OR_ATO,IN_PROGRESS,,,False,LOW,CHATBOT
CBK0000260,TXN00006995,USR27185,MCH1715,,2026-03-12 13:45:23,0.79,FRAUD_OR_ATO,RESOLVED,,,False,LOW,CHATBOT
CBK0000261,TXN00003908,USR92765,MCH6368,,,6597.26,FRAUD_OR_ATO,IN_PROGRESS,,,False,CRITICAL,IVR
CBK0000262,TXN00000442,USR95504,MCH6810,,,0.33,DUPLICATE_PROCESSING,RESOLVED,,,False,LOW,EMAIL
CBK0000263,TXN00006449,USR71316,MCH6236,2026-01-10 00:00:00,2026-01-26 01:59:16,0.25,FRAUD_OR_ATO,IN_PROGRESS,,,False,HIGH,CHATBOT
CBK0000264,TXN00012389,USR77084,MCH4475,,,1247.52,DUPLICATE_PROCESSING,IN_PROGRESS,,,False,LOW,EMAIL
CBK0000265,TXN00016348,USR10307,MCH4590,,,2797.85,MERCHANT_OR_DELIVERY_ISSUE,REJECTED,2026-02-18 13:58:34,,False,LOW,IVR
CBK0000266,TXN00006755,USR13301,MCH5226,,,0.19,AMOUNT_MISMATCH,CLOSED,2026-02-02 18:44:26,,False,MEDIUM,CALL CENTER
CBK0000267,UNKNOWN_TXN,USR13313,MCH9823,,,1878.56,FRAUD_OR_ATO,CLOSED,,,False,MEDIUM,CHATBOT
CBK0000268,TXN00000069,USR16371,MCH5588,,,985.19,DUPLICATE_PROCESSING,IN_PROGRESS,,,False,CRITICAL,EMAIL
CBK0000269,TXN00016915,USR75856,MCH1213,2026-03-25 00:00:00,2026-03-28 00:00:00,886.36,FRAUD_OR_ATO,CLOSED,,,False,MEDIUM,IVR
CBK0000270,TXN00010202,USR15203,MCH5264,,2026-01-25 00:00:00,1328.22,GENERAL_DISPUTE,IN_PROGRESS,,,False,LOW,BRANCH
CBK0000271,TXN00002677,USR94094,MCH6810,,,12852.7,GENERAL_DISPUTE,IN_PROGRESS,,,False,MEDIUM,EMAIL
CBK0000272,TXN00011208,USR31719,MCH5754,,,729.47,FRAUD_OR_ATO,RESOLVED,,,False,HIGH,IVR
CBK0000273,TXN00002139,USR80361,MCH6712,,,1116.32,GENERAL_DISPUTE,OPEN,,,False,LOW,BRANCH
CBK0000274,TXN00005429,USR12958,MCH5946,,2026-01-18 00:00:00,1860.96,MERCHANT_OR_DELIVERY_ISSUE,OPEN,2026-02-07 14:33:08,20.0,True,LOW,IVR
CBK0000275,TXN37497,USR31937,MCH9768,,,0.42,MERCHANT_OR_DELIVERY_ISSUE,RESOLVED,,,False,CRITICAL,CHATBOT
CBK0000276,TXN00000311,USR38155,MCH3734,,2026-02-04 00:00:00,2784.85,DUPLICATE_PROCESSING,REJECTED,,,False,HIGH,EMAIL
CBK0000277,TXN00013423,USR88037,MCH4048,,,498.7,MERCHANT_OR_DELIVERY_ISSUE,IN_PROGRESS,,,False,MEDIUM,APP
CBK0000278,TXN00018188,USR33934,MCH1639,,,609.57,GENERAL_DISPUTE,IN_PROGRESS,,,False,CRITICAL,BRANCH
CBK0000279,TXN00010238,USR46321,MCH7943,,,581.0,GENERAL_DISPUTE,IN_PROGRESS,,,False,MEDIUM,EMAIL
CBK0000280,TXN00006257,USR14813,MCH5918,,,350.52,MERCHANT_OR_DELIVERY_ISSUE,CLOSED,,,False,MEDIUM,EMAIL
CBK0000281,TXN00017953,USR13544,MCH2334,,2026-01-06 19:24:02,6427.42,MERCHANT_OR_DELIVERY_ISSUE,RESOLVED,,,False,MEDIUM,APP
CBK0000282,TXN00016877,USR87914,MCH5070,,,3046.01,MERCHANT_OR_DELIVERY_ISSUE,RESOLVED,,,False,MEDIUM,IVR
CBK0000283,TXN00017871,USR39576,MCH3354,2026-01-17 10:50:06,,,FRAUD_OR_ATO,REJECTED,,,False,HIGH,IVR
CBK0000284,TXN32709,USR91199,MCH7235,,,0.42,FRAUD_OR_ATO,CLOSED,,,False,MEDIUM,EMAIL
CBK0000285,TXN00009133,USR99694,MCH2606,,,1528.27,MERCHANT_OR_DELIVERY_ISSUE,OPEN,,,False,MEDIUM,IVR
CBK0000286,TXN00017361,USR62049,MCH6810,2026-02-01 02:57:51,2026-02-11 00:00:00,1755.45,FRAUD_OR_ATO,IN_PROGRESS,,,False,LOW,IVR
CBK0000287,TXN00015777,USR40538,MCH2822,,2026-04-11 18:19:42,4982.63,GENERAL_DISPUTE,IN_PROGRESS,2026-05-11 18:19:42,30.0,True,LOW,APP
CBK0000288,TXN55417,USR41398,MCH1803,2026-03-23 00:00:00,,9306.13,FRAUD_OR_ATO,IN_PROGRESS,,,False,LOW,CHATBOT
CBK0000289,TXN00005764,USR38028,MCH6758,,,513.84,FRAUD_OR_ATO,REJECTED,,,False,MEDIUM,CHATBOT
CBK0000290,TXN00000426,USR31371,MCH4811,2026-03-10 00:00:00,2026-04-10 00:00:00,,GENERAL_DISPUTE,REJECTED,,,False,MEDIUM,IVR
CBK0000291,TXN00003485,USR79977,MCH3900,,,485.1,MERCHANT_OR_DELIVERY_ISSUE,OPEN,,,False,LOW,BRANCH
CBK0000292,UNKNOWN_TXN,USR21921,MCH4375,,,,AMOUNT_MISMATCH,IN_PROGRESS,,,False,LOW,BRANCH
CBK0000293,TXN00016470,USR50092,MCH1879,,,1947.05,GENERAL_DISPUTE,IN_PROGRESS,,,False,HIGH,IVR
CBK0000294,TXN00019876,USR55690,MCH6739,,,2134.32,DUPLICATE_PROCESSING,IN_PROGRESS,,,False,LOW,IVR
CBK0000295,TXN00010097,USR30500,MCH3244,,,12885.17,FRAUD_OR_ATO,IN_PROGRESS,,,False,LOW,IVR
CBK0000296,TXN00003112,USR49629,MCH1546,,,0.5,MERCHANT_OR_DELIVERY_ISSUE,CLOSED,,,False,MEDIUM,CHATBOT
CBK0000297,TXN00019269,USR53731,MCH9458,,,2732.12,FRAUD_OR_ATO,CLOSED,,,False,MEDIUM,IVR
CBK0000298,TXN00003788,USR83977,MCH4437,,,5092.34,MERCHANT_OR_DELIVERY_ISSUE,IN_PROGRESS,,,False,LOW,CHATBOT
CBK0000299,TXN00010454,USR21651,MCH1397,,,2554.86,FRAUD_OR_ATO,IN_PROGRESS,,,False,LOW,BRANCH
CBK0000300,TXN00002857,USR92485,MCH7388,,,920.19,MERCHANT_OR_DELIVERY_ISSUE,IN_PROGRESS,,,False,HIGH,CHATBOT
CBK0000301,TXN00016908,USR68915,MCH4590,,2026-03-26 00:00:00,2938.45,FRAUD_OR_ATO,IN_PROGRESS,2026-03-29 02:20:18,3.0,False,LOW,APP
CBK0000302,TXN00016585,USR38429,MCH2943,2026-03-17 00:00:00,,,DUPLICATE_PROCESSING,IN_PROGRESS,,,False,MEDIUM,CALL CENTER
CBK0000303,TXN00015469,USR54853,MCH2556,,2026-02-26 00:00:00,,DUPLICATE_PROCESSING,IN_PROGRESS,,,False,MEDIUM,CHATBOT
CBK0000304,TXN00013266,USR84318,MCH5916,,,6391.92,MERCHANT_OR_DELIVERY_ISSUE,IN_PROGRESS,,,False,HIGH,EMAIL
CBK0000305,TXN00002303,USR21074,MCH1320,2026-02-04 00:00:00,,1712.22,MERCHANT_OR_DELIVERY_ISSUE,IN_PROGRESS,,,False,LOW,APP
CBK0000306,TXN00000680,USR62254,MCH5980,,,589.63,FRAUD_OR_ATO,IN_PROGRESS,2026-02-21 12:35:42,,False,HIGH,CHATBOT
CBK0000307,TXN00010177,USR34955,MCH8749,,,690.45,AMOUNT_MISMATCH,OPEN,2026-03-23 16:33:27,,False,HIGH,IVR
CBK0000308,TXN00017336,USR23149,MCH8953,2026-03-23 00:00:00,,3087.13,MERCHANT_OR_DELIVERY_ISSUE,RESOLVED,,,False,CRITICAL,CALL CENTER
CBK0000309,TXN00008361,USR59660,MCH3485,,2026-02-23 00:00:00,5163.82,GENERAL_DISPUTE,OPEN,,,False,LOW,EMAIL
CBK0000310,TXN00019838,USR34180,MCH6810,2026-02-04 00:00:00,,2926.76,FRAUD_OR_ATO,IN_PROGRESS,,,False,CRITICAL,BRANCH
CBK0000311,TXN00003364,USR18722,MCH6415,,,2940.2,MERCHANT_OR_DELIVERY_ISSUE,CLOSED,,,False,LOW,CHATBOT
CBK0000312,TXN00013916,USR29758,MCH5655,,,804.06,GENERAL_DISPUTE,CLOSED,,,False,MEDIUM,CHATBOT
CBK0000313,TXN00000248,USR50945,MCH5264,,,1984.03,GENERAL_DISPUTE,CLOSED,,,False,LOW,CHATBOT
CBK0000314,TXN00017581,USR74438,MCH2757,,2026-01-08 21:56:24,1299.7,GENERAL_DISPUTE,CLOSED,,,False,CRITICAL,CHATBOT
CBK0000315,TXN00011615,USR67684,MCH9052,,,,FRAUD_OR_ATO,RESOLVED,,,False,MEDIUM,CHATBOT
CBK0000316,TXN00016400,USR40842,MCH3815,,,1616.81,AMOUNT_MISMATCH,RESOLVED,,,False,MEDIUM,CHATBOT
CBK0000317,TXN00005496,USR91453,MCH1988,2026-02-22 00:00:00,,,MERCHANT_OR_DELIVERY_ISSUE,RESOLVED,,,False,MEDIUM,IVR
CBK0000318,TXN00001878,USR10693,MCH5303,2026-03-08 00:00:00,,0.38,MERCHANT_OR_DELIVERY_ISSUE,IN_PROGRESS,,,False,HIGH,IVR
CBK0000319,UNKNOWN_TXN,USR75218,MCH7937,,,659.11,AMOUNT_MISMATCH,REJECTED,,,False,LOW,IVR
CBK0000320,TXN00014355,USR27329,MCH4446,,,493.43,DUPLICATE_PROCESSING,IN_PROGRESS,2026-04-02 07:51:22,,False,MEDIUM,CHATBOT
CBK0000321,TXN00011096,USR32450,MCH5659,,2026-02-25 03:51:21,0.82,GENERAL_DISPUTE,REJECTED,,,False,MEDIUM,IVR
CBK0000322,TXN00019719,USR68594,MCH8391,2026-03-23 00:00:00,,4373.83,MERCHANT_OR_DELIVERY_ISSUE,CLOSED,2026-04-18 20:20:18,,False,HIGH,BRANCH
CBK0000323,TXN00019162,USR85655,MCH7346,,,2538.07,DUPLICATE_PROCESSING,IN_PROGRESS,,,False,LOW,BRANCH
CBK0000324,TXN00014492,USR34540,MCH4590,,,,FRAUD_OR_ATO,RESOLVED,,,False,HIGH,CHATBOT
CBK0000325,TXN00011027,USR51987,MCH6810,,,3285.5,FRAUD_OR_ATO,IN_PROGRESS,,,False,MEDIUM,APP
CBK0000326,TXN00017327,USR84200,MCH2753,,,1722.43,GENERAL_DISPUTE,OPEN,2026-02-10 07:35:22,,False,LOW,CALL CENTER
CBK0000327,TXN00011503,USR76772,MCH5900,,,1191.08,MERCHANT_OR_DELIVERY_ISSUE,IN_PROGRESS,2026-03-14 02:10:08,,False,HIGH,EMAIL
CBK0000328,TXN00011489,USR62345,MCH8996,,,0.14,FRAUD_OR_ATO,CLOSED,2026-01-27 04:02:03,,False,LOW,CHATBOT
CBK0000329,TXN00014927,USR30489,MCH4948,,,,FRAUD_OR_ATO,OPEN,,,False,MEDIUM,APP
CBK0000330,TXN00002603,USR33908,MCH3923,,,2150.04,FRAUD_OR_ATO,OPEN,,,False,MEDIUM,CHATBOT
CBK0000331,TXN00016055,USR61715,MCH2991,,,509.0,FRAUD_OR_ATO,CLOSED,2026-02-06 14:40:17,,False,HIGH,CALL CENTER
CBK0000332,TXN00005378,USR88270,MCH4590,,,1274.1,MERCHANT_OR_DELIVERY_ISSUE,OPEN,2026-05-16 14:52:28,,False,MEDIUM,CALL CENTER
CBK0000333,TXN00009429,USR43447,MCH6659,,,1275.75,MERCHANT_OR_DELIVERY_ISSUE,IN_PROGRESS,,,False,LOW,APP
CBK0000334,TXN00015310,USR19151,MCH8434,2026-03-07 11:51:47,,3904.6,MERCHANT_OR_DELIVERY_ISSUE,IN_PROGRESS,,,False,LOW,CHATBOT
CBK0000335,TXN00001134,USR18760,MCH9451,,,1881.35,GENERAL_DISPUTE,IN_PROGRESS,,,False,HIGH,IVR
CBK0000336,TXN00004644,USR14768,MCH8391,,,3662.83,MERCHANT_OR_DELIVERY_ISSUE,RESOLVED,,,False,LOW,IVR
CBK0000337,TXN00013045,USR42531,MCH1288,2026-01-19 00:00:00,,546.9,MERCHANT_OR_DELIVERY_ISSUE,REJECTED,,,False,LOW,CHATBOT
CBK0000338,TXN00014545,USR52948,MCH4069,,2026-03-06 00:00:00,1623.27,GENERAL_DISPUTE,CLOSED,,,False,CRITICAL,CHATBOT
CBK0000339,TXN00013884,USR60939,MCH3878,,,3072.71,FRAUD_OR_ATO,IN_PROGRESS,,,False,HIGH,IVR
CBK0000340,TXN00006753,USR93690,MCH7199,,,6262.28,MERCHANT_OR_DELIVERY_ISSUE,IN_PROGRESS,,,False,LOW,APP
CBK0000341,TXN00009379,USR68432,MCH6606,,,578.72,DUPLICATE_PROCESSING,CLOSED,2026-03-31 06:08:47,,False,HIGH,IVR
CBK0000342,TXN00004782,USR30157,MCH5825,,,779.81,GENERAL_DISPUTE,REJECTED,,,False,MEDIUM,CALL CENTER
CBK0000343,TXN00016878,USR66196,MCH2822,,,2996.76,GENERAL_DISPUTE,CLOSED,2026-02-20 06:11:14,,False,LOW,IVR
CBK0000344,TXN00018344,USR11559,MCH4841,,,0.91,FRAUD_OR_ATO,CLOSED,,,False,HIGH,IVR
CBK0000345,TXN00007052,USR24877,MCH7863,2026-03-07 06:24:54,,,GENERAL_DISPUTE,IN_PROGRESS,2026-03-22 22:24:54,,False,LOW,CHATBOT
CBK0000346,TXN00019000,USR70482,MCH9834,,,595.88,MERCHANT_OR_DELIVERY_ISSUE,REJECTED,,,False,LOW,IVR
CBK0000347,TXN00015951,USR35882,MCH6839,,2026-03-02 22:57:12,607.62,GENERAL_DISPUTE,IN_PROGRESS,,,False,MEDIUM,CALL CENTER
CBK0000348,TXN00003338,USR78803,MCH4683,2026-01-26 00:00:00,,,MERCHANT_OR_DELIVERY_ISSUE,CLOSED,2026-02-22 01:18:55,,False,MEDIUM,CHATBOT
CBK0000349,TXN00015766,USR88643,MCH2541,2026-02-12 00:00:00,,2585.25,FRAUD_OR_ATO,REJECTED,,,False,HIGH,IVR
CBK0000350,TXN00005138,USR67243,MCH3024,2026-03-28 00:00:00,,1449.14,DUPLICATE_PROCESSING,OPEN,,,False,MEDIUM,BRANCH
CBK0000351,TXN49383,USR83155,MCH5768,,2026-01-31 19:44:25,614.57,MERCHANT_OR_DELIVERY_ISSUE,OPEN,,,False,LOW,CHATBOT
CBK0000352,TXN00014436,USR20197,MCH8920,,2026-02-05 18:21:54,5439.35,FRAUD_OR_ATO,IN_PROGRESS,2026-02-23 18:21:54,18.0,True,HIGH,BRANCH
CBK0000353,TXN00017372,USR56234,MCH7986,,,1275.74,FRAUD_OR_ATO,REJECTED,,,False,HIGH,IVR
CBK0000354,TXN00013742,USR63462,MCH1320,,2026-01-16 00:00:00,3062.43,MERCHANT_OR_DELIVERY_ISSUE,IN_PROGRESS,,,False,HIGH,CHATBOT
CBK0000355,TXN00010372,USR64774,MCH3196,,,307.0,FRAUD_OR_ATO,IN_PROGRESS,,,False,CRITICAL,IVR
CBK0000356,TXN00001423,USR36629,MCH4418,,,6009.85,FRAUD_OR_ATO,OPEN,,,False,MEDIUM,IVR
CBK0000357,TXN00002320,USR38540,MCH5330,,,911.59,MERCHANT_OR_DELIVERY_ISSUE,IN_PROGRESS,,,False,MEDIUM,EMAIL
CBK0000358,TXN00015992,USR12248,MCH1013,,,6937.41,FRAUD_OR_ATO,REJECTED,,,False,HIGH,BRANCH
CBK0000359,TXN00014970,USR35935,MCH3100,,2026-02-20 00:00:00,3336.7,FRAUD_OR_ATO,IN_PROGRESS,2026-03-12 18:19:47,20.0,True,MEDIUM,CHATBOT
CBK0000360,TXN00017688,USR19141,MCH3815,2026-02-08 00:00:00,,433.23,FRAUD_OR_ATO,RESOLVED,2026-03-03 12:52:41,,False,MEDIUM,APP
CBK0000361,TXN00012527,USR24926,MCH7438,,,0.23,DUPLICATE_PROCESSING,CLOSED,,,False,LOW,IVR
CBK0000362,TXN00002263,USR61333,MCH7286,,,9476.14,AMOUNT_MISMATCH,IN_PROGRESS,,,False,MEDIUM,BRANCH
CBK0000363,TXN00014836,USR62092,MCH3992,,,,GENERAL_DISPUTE,RESOLVED,,,False,LOW,CHATBOT
CBK0000364,TXN00017377,USR55664,MCH9309,,2026-02-08 04:18:41,9493.15,DUPLICATE_PROCESSING,OPEN,,,False,MEDIUM,BRANCH
CBK0000365,TXN50079,USR19852,MCH7962,,,2659.07,FRAUD_OR_ATO,IN_PROGRESS,,,False,LOW,IVR
CBK0000366,TXN00002078,USR73403,MCH5076,2026-03-02 18:29:32,,6907.46,DUPLICATE_PROCESSING,CLOSED,,,False,LOW,CALL CENTER
CBK0000367,TXN00017265,USR30537,MCH6902,,,2120.67,MERCHANT_OR_DELIVERY_ISSUE,RESOLVED,,,False,LOW,CHATBOT
CBK0000368,TXN00005138,USR72854,MCH3135,,,1597.23,MERCHANT_OR_DELIVERY_ISSUE,IN_PROGRESS,,,False,MEDIUM,CHATBOT
CBK0000369,TXN00008758,USR86274,MCH3418,,,0.11,FRAUD_OR_ATO,IN_PROGRESS,,,False,MEDIUM,IVR
CBK0000370,UNKNOWN_TXN,USR68023,MCH2511,,2026-02-26 09:56:26,3719.71,DUPLICATE_PROCESSING,CLOSED,,,False,MEDIUM,APP
CBK0000371,TXN00002374,USR58639,MCH5954,,,1428.93,FRAUD_OR_ATO,RESOLVED,,,False,HIGH,APP
CBK0000372,TXN00010170,USR38969,MCH7294,,2026-01-18 00:00:00,,GENERAL_DISPUTE,RESOLVED,,,False,MEDIUM,APP
CBK0000373,TXN00004759,USR20337,MCH7924,,,1027.78,MERCHANT_OR_DELIVERY_ISSUE,RESOLVED,,,False,LOW,CALL CENTER
CBK0000374,TXN00005682,USR46350,MCH7622,,,2014.01,AMOUNT_MISMATCH,RESOLVED,,,False,HIGH,APP
CBK0000375,TXN00015798,USR47647,MCH8330,,,5976.69,DUPLICATE_PROCESSING,IN_PROGRESS,,,False,LOW,CHATBOT
CBK0000376,TXN00010928,USR62685,MCH9719,2026-02-26 00:00:00,,0.15,DUPLICATE_PROCESSING,CLOSED,2026-03-17 05:50:00,,False,HIGH,CHATBOT
CBK0000377,TXN38189,USR50661,MCH5076,,,754.07,FRAUD_OR_ATO,IN_PROGRESS,,,False,MEDIUM,IVR
CBK0000378,TXN00018467,USR80805,MCH5264,,,0.69,DUPLICATE_PROCESSING,IN_PROGRESS,,,False,MEDIUM,BRANCH
CBK0000379,TXN00005013,USR11871,MCH1785,,,1946.17,AMOUNT_MISMATCH,OPEN,,,False,LOW,APP
CBK0000380,TXN00000414,USR57745,MCH6126,2026-02-10 00:00:00,,806.29,FRAUD_OR_ATO,REJECTED,,,False,LOW,CALL CENTER
CBK0000381,TXN00014178,USR27107,MCH3113,,,431.5,DUPLICATE_PROCESSING,REJECTED,,,False,LOW,IVR
CBK0000382,TXN00000312,USR42726,MCH6175,,,545.34,MERCHANT_OR_DELIVERY_ISSUE,IN_PROGRESS,,,False,MEDIUM,CHATBOT
CBK0000383,TXN00013042,USR84199,MCH9709,,,5855.28,FRAUD_OR_ATO,CLOSED,,,False,MEDIUM,BRANCH
CBK0000384,TXN00007704,USR74500,MCH5267,2026-02-07 00:00:00,,0.16,AMOUNT_MISMATCH,CLOSED,,,False,LOW,CHATBOT
CBK0000385,TXN00014076,USR11828,MCH8154,2026-01-23 13:23:28,,1915.56,DUPLICATE_PROCESSING,OPEN,,,False,LOW,IVR
CBK0000386,TXN00017080,USR66286,MCH2441,,,687.73,DUPLICATE_PROCESSING,REJECTED,,,False,LOW,CHATBOT
CBK0000387,TXN00001261,USR11270,MCH4799,,,1010.81,AMOUNT_MISMATCH,RESOLVED,,,False,LOW,APP
CBK0000388,TXN00000433,USR50784,MCH6968,,2026-02-23 19:00:44,0.98,AMOUNT_MISMATCH,OPEN,,,False,LOW,BRANCH
CBK0000389,TXN00015997,USR38082,MCH5891,,2026-02-27 01:44:30,1370.91,FRAUD_OR_ATO,IN_PROGRESS,,,False,LOW,IVR
CBK0000390,TXN00006356,USR12919,MCH6810,,,344.33,GENERAL_DISPUTE,RESOLVED,,,False,LOW,CALL CENTER
CBK0000391,TXN00017871,USR51854,MCH2822,,,5375.87,FRAUD_OR_ATO,IN_PROGRESS,,,False,HIGH,CHATBOT
CBK0000392,TXN00012439,USR38698,MCH3682,,,1778.59,MERCHANT_OR_DELIVERY_ISSUE,REJECTED,,,False,MEDIUM,IVR
CBK0000393,TXN00010745,USR77915,MCH3095,,2026-02-13 00:00:00,2212.96,FRAUD_OR_ATO,REJECTED,,,False,CRITICAL,BRANCH
CBK0000394,TXN00000779,USR64440,MCH8614,,,4511.29,DUPLICATE_PROCESSING,IN_PROGRESS,,,False,MEDIUM,CHATBOT
CBK0000395,TXN00019343,USR25559,MCH6850,,,4178.65,DUPLICATE_PROCESSING,IN_PROGRESS,,,False,CRITICAL,CALL CENTER
CBK0000396,TXN00016780,USR34997,MCH1351,,,1017.31,FRAUD_OR_ATO,OPEN,,,False,LOW,CALL CENTER
CBK0000397,TXN00011692,USR71635,MCH2757,,,0.33,DUPLICATE_PROCESSING,OPEN,,,False,MEDIUM,IVR
CBK0000398,TXN00005767,USR26707,MCH3494,,,3275.35,FRAUD_OR_ATO,CLOSED,,,False,LOW,CHATBOT
CBK0000399,TXN00003924,USR85504,MCH7005,,,2479.92,FRAUD_OR_ATO,RESOLVED,,,False,MEDIUM,EMAIL
CBK0000400,TXN00009596,USR71348,MCH7207,2026-01-21 00:00:00,2026-01-24 00:00:00,5224.53,DUPLICATE_PROCESSING,IN_PROGRESS,,,False,MEDIUM,APP
CBK0000401,TXN00001653,USR33650,MCH5294,,2026-02-05 12:47:14,0.4,FRAUD_OR_ATO,IN_PROGRESS,2026-02-07 12:47:14,2.0,False,MEDIUM,IVR
CBK0000402,TXN00002200,USR69672,MCH6960,,,3741.98,GENERAL_DISPUTE,IN_PROGRESS,,,False,LOW,CALL CENTER
CBK0000403,TXN00014814,USR43455,MCH2055,,,7081.78,DUPLICATE_PROCESSING,IN_PROGRESS,,,False,LOW,CALL CENTER
CBK0000404,TXN00007870,USR76645,MCH7161,2026-01-28 00:00:00,2026-02-05 18:07:51,1860.61,DUPLICATE_PROCESSING,IN_PROGRESS,,,False,HIGH,EMAIL
CBK0000405,TXN00010731,USR66391,MCH4181,,,0.19,FRAUD_OR_ATO,RESOLVED,,,False,LOW,CHATBOT
CBK0000406,TXN00007974,USR33394,MCH3064,,,4101.89,AMOUNT_MISMATCH,OPEN,2026-03-20 06:27:39,,False,LOW,IVR
CBK0000407,TXN00008429,USR90727,MCH2989,,,1512.54,GENERAL_DISPUTE,IN_PROGRESS,,,False,MEDIUM,APP
CBK0000408,TXN00002581,USR97892,MCH9291,,2026-03-31 00:46:50,2926.63,DUPLICATE_PROCESSING,IN_PROGRESS,,,False,HIGH,BRANCH
CBK0000409,TXN00006280,USR91269,MCH4181,2026-02-18 22:17:11,,1032.66,FRAUD_OR_ATO,REJECTED,2026-03-21 14:17:11,,False,MEDIUM,APP
CBK0000410,TXN00007326,USR30157,MCH1136,,,0.18,GENERAL_DISPUTE,OPEN,2026-03-17 15:14:18,,False,MEDIUM,CHATBOT
CBK0000411,TXN00003133,USR48609,MCH3992,,2026-03-20 00:00:00,3287.47,FRAUD_OR_ATO,IN_PROGRESS,,,False,MEDIUM,EMAIL
CBK0000412,TXN00007488,USR50260,MCH1591,,2026-02-13 00:00:00,384.26,AMOUNT_MISMATCH,IN_PROGRESS,,,False,HIGH,IVR
CBK0000413,TXN00014824,USR46130,MCH3100,,2026-01-28 16:44:01,898.64,GENERAL_DISPUTE,IN_PROGRESS,,,False,LOW,IVR
CBK0000414,TXN71282,USR51465,MCH8403,,,4105.21,FRAUD_OR_ATO,IN_PROGRESS,,,False,CRITICAL,CALL CENTER
CBK0000415,TXN00009182,USR26627,MCH9291,,,4153.73,AMOUNT_MISMATCH,REJECTED,2026-04-16 12:42:25,,False,MEDIUM,IVR
CBK0000416,TXN00011455,USR31649,MCH3367,,,5856.29,FRAUD_OR_ATO,RESOLVED,,,False,MEDIUM,BRANCH
CBK0000417,TXN00009167,USR29544,MCH8956,2026-01-08 00:00:00,,239.91,DUPLICATE_PROCESSING,OPEN,,,False,LOW,CHATBOT
CBK0000418,TXN00003628,USR35882,MCH4473,,,2430.89,FRAUD_OR_ATO,IN_PROGRESS,,,False,MEDIUM,CHATBOT
CBK0000419,TXN00018842,USR61484,MCH8719,,,1397.32,AMOUNT_MISMATCH,CLOSED,,,False,MEDIUM,EMAIL
CBK0000420,TXN00012872,USR39569,MCH7219,,2026-01-19 00:00:00,4857.19,FRAUD_OR_ATO,IN_PROGRESS,,,False,HIGH,APP
CBK0000421,TXN00010803,USR72422,MCH2757,,,7913.77,GENERAL_DISPUTE,IN_PROGRESS,,,False,MEDIUM,BRANCH
CBK0000422,TXN00008098,USR71316,MCH9344,,,488.38,DUPLICATE_PROCESSING,RESOLVED,2026-02-16 10:30:02,,False,LOW,CALL CENTER
CBK0000423,TXN00012405,USR33721,MCH8247,,,0.18,DUPLICATE_PROCESSING,REJECTED,,,False,MEDIUM,BRANCH
CBK0000424,TXN95161,USR40061,MCH1589,,,4157.35,AMOUNT_MISMATCH,OPEN,,,False,LOW,IVR
CBK0000425,TXN00019652,USR51854,MCH4908,,,1289.49,FRAUD_OR_ATO,IN_PROGRESS,2026-03-25 08:31:28,,False,CRITICAL,APP
CBK0000426,TXN00001222,USR40061,MCH7377,2026-01-13 00:00:00,,10359.87,MERCHANT_OR_DELIVERY_ISSUE,OPEN,,,False,MEDIUM,EMAIL
CBK0000427,TXN00013526,USR91283,MCH5276,,,1210.19,FRAUD_OR_ATO,RESOLVED,,,False,CRITICAL,CHATBOT
CBK0000428,TXN00008599,USR96496,MCH2065,,,1339.16,FRAUD_OR_ATO,CLOSED,,,False,LOW,CALL CENTER
CBK0000429,TXN00019661,USR97772,MCH3992,,,,AMOUNT_MISMATCH,REJECTED,,,False,HIGH,APP
CBK0000430,TXN00018881,USR47299,MCH3382,2026-02-11 03:20:31,,2108.9,FRAUD_OR_ATO,IN_PROGRESS,2026-03-23 06:20:31,,False,HIGH,IVR
CBK0000431,TXN00011403,USR76792,MCH3707,,2026-03-17 00:00:00,88.39,FRAUD_OR_ATO,CLOSED,,,False,LOW,BRANCH
CBK0000432,TXN94213,USR96958,MCH7286,,,1411.26,FRAUD_OR_ATO,RESOLVED,,,False,HIGH,EMAIL
CBK0000433,TXN46623,USR96958,MCH2105,,,0.64,GENERAL_DISPUTE,OPEN,,,False,HIGH,CHATBOT
CBK0000434,TXN00002783,USR21986,MCH9344,,,447.3,FRAUD_OR_ATO,CLOSED,2026-02-19 10:14:17,,False,MEDIUM,IVR
CBK0000435,TXN00009091,USR82248,MCH5691,,,358.42,AMOUNT_MISMATCH,OPEN,,,False,MEDIUM,APP
CBK0000436,TXN00012192,USR93581,MCH4547,,2026-04-11 00:00:00,5520.5,MERCHANT_OR_DELIVERY_ISSUE,IN_PROGRESS,,,False,MEDIUM,BRANCH
CBK0000437,TXN00008304,USR31182,MCH7390,,2026-03-19 00:00:00,6321.44,FRAUD_OR_ATO,IN_PROGRESS,,,False,MEDIUM,CHATBOT
CBK0000438,TXN00011978,USR99732,MCH7833,,,0.47,MERCHANT_OR_DELIVERY_ISSUE,IN_PROGRESS,,,False,LOW,EMAIL
CBK0000439,TXN00016295,USR83930,MCH9092,,,10226.59,AMOUNT_MISMATCH,OPEN,,,False,MEDIUM,IVR
CBK0000440,TXN00019212,USR83469,MCH7067,,2026-01-20 03:57:35,2786.25,FRAUD_OR_ATO,OPEN,2026-01-28 03:57:35,8.0,False,LOW,CALL CENTER
CBK0000441,TXN00002216,USR58639,MCH4339,,,5160.27,DUPLICATE_PROCESSING,REJECTED,,,False,LOW,IVR
CBK0000442,TXN00007729,USR34645,MCH5076,,,819.04,GENERAL_DISPUTE,CLOSED,,,False,LOW,EMAIL
CBK0000443,TXN00003234,USR48070,MCH7286,2026-02-25 00:00:00,,8014.91,FRAUD_OR_ATO,REJECTED,,,False,HIGH,IVR
CBK0000444,TXN00014743,USR56564,MCH2369,,2026-02-26 00:00:00,1382.96,FRAUD_OR_ATO,IN_PROGRESS,,,False,MEDIUM,CHATBOT
CBK0000445,TXN00013230,USR28772,MCH3727,,,1323.41,MERCHANT_OR_DELIVERY_ISSUE,IN_PROGRESS,,,False,LOW,CHATBOT
CBK0000446,TXN00010750,USR17864,MCH4002,,,2928.89,MERCHANT_OR_DELIVERY_ISSUE,REJECTED,2026-01-31 20:48:17,,False,MEDIUM,CALL CENTER
CBK0000447,TXN00012764,USR26323,MCH5927,,,0.12,FRAUD_OR_ATO,IN_PROGRESS,,,False,MEDIUM,IVR
CBK0000448,TXN00013063,USR62513,MCH8391,,,395.16,MERCHANT_OR_DELIVERY_ISSUE,REJECTED,,,False,MEDIUM,EMAIL
CBK0000449,TXN00007492,USR66286,MCH2383,,,2062.69,GENERAL_DISPUTE,OPEN,,,False,LOW,APP
CBK0000450,TXN00001983,USR22405,MCH9291,2026-03-01 22:52:22,,1315.22,FRAUD_OR_ATO,CLOSED,,,False,HIGH,BRANCH
CBK0000451,TXN00007457,USR71070,MCH9291,,,838.9,GENERAL_DISPUTE,IN_PROGRESS,,,False,MEDIUM,CHATBOT
CBK0000452,TXN00002107,USR52224,MCH4529,,,6251.19,MERCHANT_OR_DELIVERY_ISSUE,REJECTED,2026-03-27 12:18:55,,False,HIGH,IVR
CBK0000453,TXN00008829,USR76027,MCH5301,,,19778.02,MERCHANT_OR_DELIVERY_ISSUE,IN_PROGRESS,,,False,CRITICAL,BRANCH
CBK0000454,TXN00010362,USR13559,MCH3717,,,721.17,DUPLICATE_PROCESSING,OPEN,,,False,MEDIUM,CHATBOT
CBK0000455,TXN00012649,USR42432,MCH9748,,,2202.7,FRAUD_OR_ATO,IN_PROGRESS,2026-03-11 21:41:19,,False,HIGH,CHATBOT
CBK0000456,TXN00009180,USR83586,MCH8928,2026-01-19 01:14:49,,,FRAUD_OR_ATO,IN_PROGRESS,,,False,HIGH,CALL CENTER
CBK0000457,TXN00009823,USR84334,MCH7202,,,17825.75,FRAUD_OR_ATO,CLOSED,2026-02-22 03:44:22,,False,LOW,CALL CENTER
CBK0000458,TXN00016719,USR26895,MCH4723,,,2956.42,GENERAL_DISPUTE,RESOLVED,,,False,LOW,CHATBOT
CBK0000459,TXN00018065,USR75856,MCH6850,,2026-02-14 14:04:54,4568.57,FRAUD_OR_ATO,OPEN,,,False,LOW,IVR
CBK0000460,TXN00001710,USR13062,MCH2803,2026-03-22 00:00:00,,5894.84,FRAUD_OR_ATO,RESOLVED,,,False,MEDIUM,IVR
CBK0000461,TXN00013811,USR98133,MCH3815,,,2059.37,FRAUD_OR_ATO,IN_PROGRESS,,,False,MEDIUM,APP
CBK0000462,TXN00018761,USR24660,MCH9291,2026-01-23 00:00:00,,1500.59,FRAUD_OR_ATO,IN_PROGRESS,,,False,LOW,EMAIL
CBK0000463,TXN00017663,USR67399,MCH7286,,,8257.96,MERCHANT_OR_DELIVERY_ISSUE,IN_PROGRESS,,,False,HIGH,IVR
CBK0000464,TXN00001948,USR72135,MCH8274,,,3935.87,MERCHANT_OR_DELIVERY_ISSUE,RESOLVED,,,False,LOW,CHATBOT
CBK0000465,TXN00003105,USR50434,MCH1786,2026-03-13 00:00:00,,775.96,AMOUNT_MISMATCH,IN_PROGRESS,,,False,MEDIUM,CALL CENTER
CBK0000466,TXN00008559,USR20115,MCH2757,2026-03-21 08:09:20,,876.37,MERCHANT_OR_DELIVERY_ISSUE,OPEN,,,False,MEDIUM,IVR
CBK0000467,TXN00009035,USR66080,MCH9242,,2026-02-21 09:44:28,1224.57,FRAUD_OR_ATO,RESOLVED,,,False,LOW,BRANCH
CBK0000468,TXN00004108,USR22727,MCH3160,,,5763.03,FRAUD_OR_ATO,RESOLVED,,,False,HIGH,CHATBOT
CBK0000469,TXN00002630,USR94595,MCH7286,,,7890.76,FRAUD_OR_ATO,IN_PROGRESS,,,False,LOW,CHATBOT
CBK0000470,TXN00016736,USR95074,MCH2822,,2026-02-10 17:51:46,15548.64,FRAUD_OR_ATO,REJECTED,,,False,MEDIUM,CHATBOT
CBK0000471,TXN00007267,USR46455,MCH8953,2026-01-05 18:57:21,,890.07,DUPLICATE_PROCESSING,REJECTED,,,False,LOW,CHATBOT
CBK0000472,TXN00001422,USR49251,MCH7171,,,2080.17,GENERAL_DISPUTE,CLOSED,2026-02-26 02:45:57,,False,LOW,IVR
CBK0000473,TXN00006355,USR15888,MCH5561,,,1211.72,MERCHANT_OR_DELIVERY_ISSUE,RESOLVED,2026-01-18 13:37:06,,False,MEDIUM,BRANCH
CBK0000474,TXN00009795,USR24690,MCH8976,,2026-03-27 09:12:31,1506.67,DUPLICATE_PROCESSING,RESOLVED,,,False,LOW,IVR
CBK0000475,TXN00015106,USR66875,MCH7661,2026-02-11 00:00:00,,4581.94,DUPLICATE_PROCESSING,OPEN,,,False,MEDIUM,EMAIL
CBK0000476,TXN76059,USR36575,MCH1929,,,1726.97,AMOUNT_MISMATCH,IN_PROGRESS,,,False,HIGH,IVR
CBK0000477,TXN00001582,USR30157,MCH7030,,,6740.29,FRAUD_OR_ATO,CLOSED,,,False,MEDIUM,IVR
CBK0000478,TXN00014062,USR69966,MCH2822,,2026-02-26 00:00:00,1078.9,FRAUD_OR_ATO,IN_PROGRESS,,,False,LOW,BRANCH
CBK0000479,TXN00016497,USR12417,MCH8154,,,3794.91,FRAUD_OR_ATO,IN_PROGRESS,,,False,MEDIUM,APP
CBK0000480,TXN86757,USR73796,MCH8391,,,1161.24,MERCHANT_OR_DELIVERY_ISSUE,IN_PROGRESS,,,False,CRITICAL,APP
CBK0000481,TXN00015109,USR46576,MCH2266,,,287.95,DUPLICATE_PROCESSING,CLOSED,,,False,MEDIUM,BRANCH
CBK0000482,TXN00014460,USR25683,MCH5655,,2026-02-07 21:08:40,651.01,MERCHANT_OR_DELIVERY_ISSUE,RESOLVED,,,False,HIGH,IVR
CBK0000483,UNKNOWN_TXN,USR36499,MCH5954,,,0.2,MERCHANT_OR_DELIVERY_ISSUE,IN_PROGRESS,,,False,LOW,APP
CBK0000484,TXN00005084,USR96003,MCH8682,,2026-03-08 00:00:00,12351.07,MERCHANT_OR_DELIVERY_ISSUE,IN_PROGRESS,2026-03-30 23:20:24,22.0,True,LOW,IVR
CBK0000485,TXN00016648,USR27340,MCH3100,,,0.11,GENERAL_DISPUTE,IN_PROGRESS,,,False,MEDIUM,CALL CENTER
CBK0000486,TXN00002729,USR58335,MCH6810,,,1526.62,AMOUNT_MISMATCH,IN_PROGRESS,,,False,LOW,CALL CENTER
CBK0000487,TXN00004712,USR85655,MCH1072,,,2950.32,FRAUD_OR_ATO,REJECTED,,,False,CRITICAL,IVR
CBK0000488,TXN00008670,USR17815,MCH6810,,,992.85,GENERAL_DISPUTE,IN_PROGRESS,,,False,LOW,CHATBOT
CBK0000489,TXN00009790,USR14874,MCH3965,,,1114.59,MERCHANT_OR_DELIVERY_ISSUE,RESOLVED,,,False,MEDIUM,CHATBOT
CBK0000490,TXN00019708,USR89588,MCH9291,2026-02-23 01:22:04,,1943.24,GENERAL_DISPUTE,OPEN,,,False,LOW,CALL CENTER
CBK0000491,TXN00012981,USR53356,MCH3100,,,0.12,MERCHANT_OR_DELIVERY_ISSUE,IN_PROGRESS,,,False,HIGH,IVR
CBK0000492,TXN00008504,USR51736,MCH8181,,,303.99,DUPLICATE_PROCESSING,IN_PROGRESS,,,False,LOW,IVR
CBK0000493,TXN00001975,USR66286,MCH7546,,,943.72,DUPLICATE_PROCESSING,OPEN,,,False,HIGH,IVR
CBK0000494,TXN00017891,USR29919,MCH9291,,2026-01-12 00:00:00,3343.99,MERCHANT_OR_DELIVERY_ISSUE,REJECTED,,,False,CRITICAL,APP
CBK0000495,TXN00010199,USR31808,MCH4590,,,0.34,MERCHANT_OR_DELIVERY_ISSUE,IN_PROGRESS,,,False,HIGH,IVR
CBK0000496,TXN00005986,USR21449,MCH1486,,2026-01-23 00:00:00,6879.04,GENERAL_DISPUTE,OPEN,,,False,HIGH,CALL CENTER
CBK0000497,TXN00001489,USR78501,MCH8779,2026-03-22 14:52:27,,6345.72,MERCHANT_OR_DELIVERY_ISSUE,RESOLVED,,,False,HIGH,APP
CBK0000498,TXN00013816,USR55662,MCH9760,,,734.96,FRAUD_OR_ATO,RESOLVED,,,False,LOW,IVR
CBK0000499,TXN00011216,USR26571,MCH5954,,2026-01-25 00:00:00,857.98,FRAUD_OR_ATO,REJECTED,,,False,CRITICAL,EMAIL
CBK0000500,TXN00002450,USR53546,MCH7357,,,896.7,AMOUNT_MISMATCH,IN_PROGRESS,,,False,MEDIUM,CHATBOT
CBK0000501,TXN00019009,USR96611,MCH3763,,,1552.99,AMOUNT_MISMATCH,IN_PROGRESS,,,False,HIGH,APP
CBK0000502,TXN00008686,USR99756,MCH7813,,,969.45,FRAUD_OR_ATO,IN_PROGRESS,,,False,LOW,CHATBOT
CBK0000503,TXN00009139,USR87033,MCH8779,2026-03-05 00:00:00,,1518.49,FRAUD_OR_ATO,CLOSED,2026-03-29 10:48:07,,False,CRITICAL,EMAIL
CBK0000504,TXN00008435,USR93535,MCH7466,,,755.82,MERCHANT_OR_DELIVERY_ISSUE,REJECTED,2026-03-03 09:34:59,,False,MEDIUM,EMAIL
CBK0000505,TXN00000437,USR87914,MCH3324,,,0.4,DUPLICATE_PROCESSING,IN_PROGRESS,,,False,LOW,IVR
CBK0000506,TXN00018031,USR67892,MCH2770,2026-01-19 00:00:00,,700.6,DUPLICATE_PROCESSING,REJECTED,,,False,MEDIUM,CALL CENTER
CBK0000507,TXN00012054,USR64199,MCH5589,2026-03-02 13:39:09,,666.76,FRAUD_OR_ATO,IN_PROGRESS,2026-03-30 13:39:09,,False,HIGH,CALL CENTER
CBK0000508,TXN00001829,USR40362,MCH3161,,,0.3,FRAUD_OR_ATO,IN_PROGRESS,,,False,HIGH,CALL CENTER
CBK0000509,TXN00004836,USR34955,MCH5954,,,0.37,AMOUNT_MISMATCH,IN_PROGRESS,,,False,LOW,IVR
CBK0000510,TXN00007774,USR73010,MCH1407,2026-03-07 00:00:00,2026-03-09 00:00:00,1443.57,FRAUD_OR_ATO,REJECTED,,,False,MEDIUM,IVR
CBK0000511,TXN00018141,USR72986,MCH8779,,,4311.27,MERCHANT_OR_DELIVERY_ISSUE,RESOLVED,,,False,MEDIUM,APP
CBK0000512,TXN00014054,USR27947,MCH7667,,2026-01-26 00:00:00,4010.97,FRAUD_OR_ATO,CLOSED,,,False,LOW,CHATBOT
CBK0000513,TXN00003962,USR43455,MCH5580,,,12077.97,AMOUNT_MISMATCH,RESOLVED,,,False,CRITICAL,CHATBOT
CBK0000514,TXN91755,USR83157,MCH3365,2026-03-24 11:00:58,,3762.83,FRAUD_OR_ATO,OPEN,,,False,CRITICAL,APP
CBK0000515,TXN00005131,USR30157,MCH8694,,,9968.68,GENERAL_DISPUTE,OPEN,,,False,MEDIUM,CHATBOT
CBK0000516,TXN00018193,USR63557,MCH3988,,,1923.55,MERCHANT_OR_DELIVERY_ISSUE,REJECTED,,,False,LOW,APP
CBK0000517,TXN00001323,USR53151,MCH9341,,,0.73,MERCHANT_OR_DELIVERY_ISSUE,REJECTED,,,False,LOW,BRANCH
CBK0000518,TXN00019651,USR43011,MCH8391,2026-02-17 08:25:20,2026-02-13 00:00:00,7485.82,FRAUD_OR_ATO,REJECTED,,,False,HIGH,IVR
CBK0000519,TXN00010998,USR69938,MCH7992,,,1567.73,FRAUD_OR_ATO,IN_PROGRESS,,,False,LOW,CHATBOT
CBK0000520,TXN00002770,USR60151,MCH8249,,,908.2,AMOUNT_MISMATCH,IN_PROGRESS,,,False,LOW,CHATBOT
CBK0000521,TXN00019385,USR20822,MCH6549,,,1082.82,FRAUD_OR_ATO,IN_PROGRESS,2026-04-11 11:31:42,,False,HIGH,BRANCH
CBK0000522,TXN00009019,USR81185,MCH2065,,,2738.39,MERCHANT_OR_DELIVERY_ISSUE,CLOSED,2026-02-08 02:56:13,,False,MEDIUM,APP
CBK0000523,TXN00014885,USR52281,MCH1833,,2026-01-26 00:00:00,0.57,GENERAL_DISPUTE,IN_PROGRESS,,,False,HIGH,CHATBOT
CBK0000524,TXN00015049,USR87914,MCH2893,,2026-01-15 00:00:00,1148.57,FRAUD_OR_ATO,IN_PROGRESS,,,False,MEDIUM,EMAIL
CBK0000525,TXN00013646,USR86166,MCH9676,2026-03-17 01:18:47,,5986.31,MERCHANT_OR_DELIVERY_ISSUE,IN_PROGRESS,,,False,LOW,CHATBOT
CBK0000526,TXN00006600,USR65622,MCH3129,,,,MERCHANT_OR_DELIVERY_ISSUE,OPEN,,,False,MEDIUM,APP
CBK0000527,UNKNOWN_TXN,USR45627,MCH3427,,,171.98,FRAUD_OR_ATO,IN_PROGRESS,,,False,LOW,IVR
CBK0000528,TXN00003808,USR46923,MCH2685,,,476.92,DUPLICATE_PROCESSING,CLOSED,,,False,CRITICAL,IVR
CBK0000529,TXN00016687,USR79572,MCH6500,2026-01-10 12:15:27,,15660.34,MERCHANT_OR_DELIVERY_ISSUE,CLOSED,,,False,MEDIUM,IVR
CBK0000530,TXN00013623,USR83977,MCH7491,,,5881.5,DUPLICATE_PROCESSING,REJECTED,,,False,HIGH,CHATBOT
CBK0000531,TXN00014058,USR49275,MCH9836,2026-01-24 00:00:00,,1009.36,AMOUNT_MISMATCH,IN_PROGRESS,,,False,CRITICAL,IVR
CBK0000532,TXN00006252,USR15564,MCH6116,,2026-01-22 00:00:00,0.41,AMOUNT_MISMATCH,IN_PROGRESS,,,False,HIGH,BRANCH
CBK0000533,TXN00001047,USR30500,MCH9291,2026-01-19 06:20:45,,0.52,MERCHANT_OR_DELIVERY_ISSUE,RESOLVED,,,False,LOW,CHATBOT
CBK0000534,TXN00009187,USR89514,MCH5319,2026-01-18 00:00:00,2026-01-19 00:00:00,3008.39,MERCHANT_OR_DELIVERY_ISSUE,CLOSED,,,False,LOW,EMAIL
CBK0000535,TXN00013922,USR57069,MCH3346,,,,FRAUD_OR_ATO,IN_PROGRESS,2026-03-12 22:10:12,,False,MEDIUM,APP
CBK0000536,TXN00017414,USR39006,MCH5032,2026-01-10 00:00:00,,12249.71,MERCHANT_OR_DELIVERY_ISSUE,CLOSED,2026-02-06 04:32:02,,False,HIGH,EMAIL
CBK0000537,TXN00006837,USR35532,MCH7922,,2026-01-09 10:28:51,0.37,GENERAL_DISPUTE,RESOLVED,,,False,MEDIUM,CHATBOT
CBK0000538,TXN00005988,USR84311,MCH2752,2026-01-10 00:00:00,,1345.11,FRAUD_OR_ATO,OPEN,,,False,HIGH,CHATBOT
CBK0000539,TXN00006526,USR71316,MCH7840,,2026-01-14 18:16:32,767.36,MERCHANT_OR_DELIVERY_ISSUE,RESOLVED,,,False,MEDIUM,APP
CBK0000540,TXN00007501,USR29824,MCH9199,,,,MERCHANT_OR_DELIVERY_ISSUE,OPEN,,,False,LOW,CALL CENTER
CBK0000541,TXN00009994,USR78285,MCH7286,,,477.68,AMOUNT_MISMATCH,OPEN,2026-01-31 21:57:00,,False,MEDIUM,APP
CBK0000542,TXN00003675,USR92063,MCH3454,2026-01-15 12:53:18,2026-01-18 23:53:18,1047.52,DUPLICATE_PROCESSING,IN_PROGRESS,,,False,MEDIUM,IVR
CBK0000543,TXN00001593,USR30157,MCH9787,,,759.56,MERCHANT_OR_DELIVERY_ISSUE,IN_PROGRESS,,,False,HIGH,CALL CENTER
CBK0000544,TXN00016205,USR41135,MCH4873,,,0.31,FRAUD_OR_ATO,RESOLVED,,,False,LOW,CHATBOT
CBK0000545,TXN00011868,USR25128,MCH3714,2026-02-02 00:00:00,2026-02-04 13:11:50,1080.46,FRAUD_OR_ATO,IN_PROGRESS,,,False,LOW,CHATBOT
CBK0000546,TXN00015015,USR64208,MCH3613,2026-03-19 10:37:17,,1247.41,FRAUD_OR_ATO,CLOSED,2026-04-12 07:37:17,,False,MEDIUM,CHATBOT
CBK0000547,TXN00003173,USR42144,MCH9330,,,0.3,DUPLICATE_PROCESSING,REJECTED,,,False,LOW,EMAIL
CBK0000548,TXN00010219,USR53771,MCH4421,,2026-03-06 00:00:00,9344.29,FRAUD_OR_ATO,IN_PROGRESS,,,False,HIGH,CHATBOT
CBK0000549,TXN00011700,USR72892,MCH1046,2026-03-30 11:04:32,,14999.55,GENERAL_DISPUTE,OPEN,,,False,LOW,BRANCH
CBK0000550,TXN00015783,USR50831,MCH8921,,,2852.68,FRAUD_OR_ATO,IN_PROGRESS,,,False,HIGH,IVR
CBK0000551,TXN00012467,USR71976,MCH4344,,,1654.78,GENERAL_DISPUTE,IN_PROGRESS,,,False,LOW,CHATBOT
CBK0000552,TXN00001358,USR59496,MCH5588,,,6742.91,MERCHANT_OR_DELIVERY_ISSUE,IN_PROGRESS,,,False,CRITICAL,BRANCH
CBK0000553,TXN00001388,USR38124,MCH8462,,,5809.0,MERCHANT_OR_DELIVERY_ISSUE,CLOSED,,,False,HIGH,EMAIL
CBK0000554,TXN00016199,USR58457,MCH2818,,,4366.91,FRAUD_OR_ATO,IN_PROGRESS,,,False,HIGH,CHATBOT
CBK0000555,TXN00010709,USR61652,MCH3388,2026-03-01 00:00:00,2026-03-04 00:00:00,372.66,MERCHANT_OR_DELIVERY_ISSUE,CLOSED,,,False,MEDIUM,CALL CENTER
CBK0000556,TXN00013406,USR49847,MCH4590,,,6052.19,GENERAL_DISPUTE,OPEN,,,False,HIGH,IVR
CBK0000557,TXN00012212,USR36059,MCH7684,,,2586.86,DUPLICATE_PROCESSING,IN_PROGRESS,,,False,LOW,BRANCH
CBK0000558,TXN00006037,USR26658,MCH7509,,2026-02-14 00:00:00,739.74,GENERAL_DISPUTE,CLOSED,,,False,LOW,EMAIL
CBK0000559,TXN00010792,USR19290,MCH4895,,,923.46,FRAUD_OR_ATO,IN_PROGRESS,,,False,LOW,CHATBOT
CBK0000560,UNKNOWN_TXN,USR33142,MCH4991,,,3235.8,FRAUD_OR_ATO,RESOLVED,,,False,HIGH,CHATBOT
CBK0000561,TXN00011891,USR27107,MCH8154,,,146.7,FRAUD_OR_ATO,OPEN,,,False,HIGH,CHATBOT
CBK0000562,TXN00003828,USR39793,MCH3203,,,1594.84,FRAUD_OR_ATO,IN_PROGRESS,,,False,LOW,CHATBOT
CBK0000563,TXN00011206,USR97772,MCH7503,2026-02-17 00:00:00,,,DUPLICATE_PROCESSING,REJECTED,,,False,LOW,CHATBOT
CBK0000564,TXN00005945,USR21384,MCH1809,,2026-02-04 00:00:00,848.15,MERCHANT_OR_DELIVERY_ISSUE,IN_PROGRESS,,,False,HIGH,EMAIL
CBK0000565,TXN00007016,USR34955,MCH4574,,,1144.6,FRAUD_OR_ATO,REJECTED,2026-03-15 12:45:03,,False,HIGH,APP
CBK0000566,TXN00000086,USR11727,MCH4948,,,411.83,FRAUD_OR_ATO,REJECTED,,,False,HIGH,CHATBOT
CBK0000567,TXN00016408,USR33228,MCH8298,,2026-02-19 00:00:00,5179.58,AMOUNT_MISMATCH,CLOSED,,,False,LOW,EMAIL
CBK0000568,TXN00005915,USR19528,MCH9192,,2026-02-24 00:00:00,215.32,FRAUD_OR_ATO,IN_PROGRESS,,,False,MEDIUM,CHATBOT
CBK0000569,TXN00016196,USR24538,MCH2336,,,2141.56,GENERAL_DISPUTE,IN_PROGRESS,,,False,MEDIUM,EMAIL
CBK0000570,TXN00006817,USR13134,MCH3815,,,774.67,FRAUD_OR_ATO,IN_PROGRESS,,,False,MEDIUM,CHATBOT
CBK0000571,TXN00018357,USR74628,MCH4473,,,13142.13,MERCHANT_OR_DELIVERY_ISSUE,IN_PROGRESS,,,False,MEDIUM,IVR
CBK0000572,UNKNOWN_TXN,USR58062,MCH2065,,,1849.53,FRAUD_OR_ATO,CLOSED,,,False,MEDIUM,CHATBOT
CBK0000573,TXN00005006,USR65253,MCH5655,,,216.3,FRAUD_OR_ATO,IN_PROGRESS,,,False,LOW,CHATBOT
CBK0000574,TXN00011825,USR78873,MCH9713,,,3123.85,DUPLICATE_PROCESSING,IN_PROGRESS,,,False,LOW,EMAIL
CBK0000575,TXN00009966,USR40897,MCH9575,2026-02-23 00:00:00,,606.33,MERCHANT_OR_DELIVERY_ISSUE,REJECTED,,,False,CRITICAL,EMAIL
CBK0000576,TXN00019045,USR84127,MCH4763,,,4841.06,FRAUD_OR_ATO,IN_PROGRESS,,,False,MEDIUM,BRANCH
CBK0000577,UNKNOWN_TXN,USR81643,MCH3563,,,,MERCHANT_OR_DELIVERY_ISSUE,OPEN,,,False,LOW,BRANCH
CBK0000578,TXN00006468,USR71457,MCH6810,2026-01-09 11:52:43,,7884.04,FRAUD_OR_ATO,IN_PROGRESS,,,False,LOW,IVR
CBK0000579,TXN00006902,USR30658,MCH8779,,,2179.89,AMOUNT_MISMATCH,CLOSED,,,False,CRITICAL,CALL CENTER
CBK0000580,TXN00008617,USR62748,MCH9878,,,4101.67,DUPLICATE_PROCESSING,CLOSED,,,False,CRITICAL,IVR
CBK0000581,TXN00007551,USR73632,MCH8435,,,1887.02,DUPLICATE_PROCESSING,RESOLVED,,,False,MEDIUM,CHATBOT
CBK0000582,TXN00006728,USR32162,MCH1074,,,1002.59,MERCHANT_OR_DELIVERY_ISSUE,IN_PROGRESS,,,False,CRITICAL,EMAIL
CBK0000583,TXN00013098,USR11077,MCH5456,,2026-02-03 00:32:11,,AMOUNT_MISMATCH,IN_PROGRESS,2026-02-03 00:32:11,0.0,False,MEDIUM,BRANCH
CBK0000584,TXN00018381,USR66286,MCH3433,,,528.22,FRAUD_OR_ATO,OPEN,2026-02-17 00:09:38,,False,LOW,IVR
CBK0000585,TXN00010811,USR26991,MCH4181,2026-03-31 00:00:00,2026-04-02 18:35:45,0.17,FRAUD_OR_ATO,RESOLVED,,,False,HIGH,CALL CENTER
CBK0000586,TXN00007590,USR26821,MCH8953,,,1023.96,GENERAL_DISPUTE,REJECTED,2026-04-02 02:24:43,,False,LOW,CALL CENTER
CBK0000587,TXN00007285,USR87500,MCH1569,,,4196.87,DUPLICATE_PROCESSING,RESOLVED,,,False,HIGH,CHATBOT
CBK0000588,TXN00003990,USR48652,MCH5552,2026-02-13 00:00:00,,0.7,MERCHANT_OR_DELIVERY_ISSUE,REJECTED,,,False,LOW,APP
CBK0000589,TXN00017838,USR43980,MCH2575,,,1201.31,DUPLICATE_PROCESSING,RESOLVED,,,False,HIGH,BRANCH
CBK0000590,TXN00018358,USR73010,MCH2722,2026-03-12 00:00:00,,1889.21,AMOUNT_MISMATCH,RESOLVED,,,False,HIGH,CHATBOT
CBK0000591,TXN00011869,USR62847,MCH3840,,,8004.21,AMOUNT_MISMATCH,CLOSED,,,False,CRITICAL,CALL CENTER
CBK0000592,TXN00018501,USR90616,MCH7951,,,1061.55,DUPLICATE_PROCESSING,OPEN,,,False,LOW,CALL CENTER
CBK0000593,TXN00013111,USR25826,MCH9808,2026-02-26 00:00:00,2026-03-05 18:10:06,,FRAUD_OR_ATO,OPEN,,,False,HIGH,IVR
CBK0000594,TXN65742,USR32980,MCH7020,2026-02-19 00:00:00,,0.47,MERCHANT_OR_DELIVERY_ISSUE,CLOSED,,,False,MEDIUM,EMAIL
CBK0000595,TXN00004517,USR57955,MCH8710,,2026-02-23 00:00:00,676.55,MERCHANT_OR_DELIVERY_ISSUE,IN_PROGRESS,,,False,LOW,IVR
CBK0000596,TXN00006654,USR37722,MCH4208,,,0.27,FRAUD_OR_ATO,CLOSED,,,False,LOW,CHATBOT
CBK0000597,TXN00012105,USR80223,MCH3594,,,1866.96,DUPLICATE_PROCESSING,IN_PROGRESS,,,False,LOW,CHATBOT
CBK0000598,TXN00012035,USR93286,MCH1314,,,1897.14,FRAUD_OR_ATO,OPEN,,,False,MEDIUM,IVR
CBK0000599,TXN00007573,USR52697,MCH5655,,,10313.56,AMOUNT_MISMATCH,RESOLVED,,,False,LOW,CHATBOT
CBK0000600,TXN00012715,USR19311,MCH3325,,,339.58,MERCHANT_OR_DELIVERY_ISSUE,IN_PROGRESS,,,False,HIGH,IVR
CBK0000601,TXN00017368,USR21789,MCH8779,2026-02-07 00:00:00,,,MERCHANT_OR_DELIVERY_ISSUE,IN_PROGRESS,,,False,MEDIUM,BRANCH
CBK0000602,TXN00015729,USR61700,MCH5980,2026-01-23 05:08:36,2026-02-02 00:00:00,5873.9,DUPLICATE_PROCESSING,REJECTED,,,False,HIGH,CHATBOT
CBK0000603,TXN00004425,USR95812,MCH6075,,,0.13,FRAUD_OR_ATO,RESOLVED,,,False,HIGH,CHATBOT
CBK0000604,TXN00008566,USR17861,MCH3597,,2026-03-15 06:08:29,2673.74,FRAUD_OR_ATO,IN_PROGRESS,,,False,LOW,CHATBOT
CBK0000605,TXN00000166,USR94647,MCH7247,,,913.38,FRAUD_OR_ATO,RESOLVED,,,False,HIGH,APP
CBK0000606,TXN00009406,USR72675,MCH2266,,,0.25,MERCHANT_OR_DELIVERY_ISSUE,REJECTED,,,False,MEDIUM,IVR
CBK0000607,TXN00007941,USR62254,MCH1419,,2026-03-05 05:33:21,15519.36,GENERAL_DISPUTE,REJECTED,,,False,LOW,CHATBOT
CBK0000608,UNKNOWN_TXN,USR89430,MCH6891,,,947.39,MERCHANT_OR_DELIVERY_ISSUE,REJECTED,,,False,LOW,APP
CBK0000609,TXN00001796,USR77277,MCH2970,,,,MERCHANT_OR_DELIVERY_ISSUE,CLOSED,,,False,LOW,BRANCH
CBK0000610,TXN00014090,USR65211,MCH6850,,,848.3,FRAUD_OR_ATO,OPEN,,,False,MEDIUM,IVR
CBK0000611,TXN00014367,USR58639,MCH4078,2026-02-17 00:00:00,2026-03-05 00:00:00,996.14,MERCHANT_OR_DELIVERY_ISSUE,OPEN,,,False,LOW,CHATBOT
CBK0000612,TXN00008353,USR59073,MCH2016,,2026-03-06 18:57:42,1208.71,FRAUD_OR_ATO,REJECTED,,,False,MEDIUM,BRANCH
CBK0000613,TXN00002808,USR82191,MCH9948,2026-02-13 00:00:00,,604.93,GENERAL_DISPUTE,IN_PROGRESS,,,False,MEDIUM,EMAIL
CBK0000614,TXN00000040,USR94585,MCH8779,2026-01-20 00:00:00,2026-01-25 00:00:00,1389.07,FRAUD_OR_ATO,RESOLVED,,,False,LOW,APP
CBK0000615,TXN00002775,USR83032,MCH3402,,,1908.8,FRAUD_OR_ATO,OPEN,,,False,HIGH,EMAIL
CBK0000616,TXN00006990,USR38951,MCH8779,,2026-03-09 11:42:44,1208.16,AMOUNT_MISMATCH,REJECTED,,,False,MEDIUM,APP
CBK0000617,TXN00014515,USR11419,MCH7833,2026-02-09 00:00:00,2026-02-16 21:12:01,181.44,MERCHANT_OR_DELIVERY_ISSUE,OPEN,,,False,LOW,CHATBOT
CBK0000618,TXN00013129,USR59658,MCH8812,,,0.15,AMOUNT_MISMATCH,RESOLVED,,,False,LOW,CHATBOT
CBK0000619,TXN00014324,USR68349,MCH5721,2026-03-04 11:05:40,,1724.56,MERCHANT_OR_DELIVERY_ISSUE,REJECTED,,,False,MEDIUM,CHATBOT
CBK0000620,TXN00014536,USR49473,MCH9291,,,12058.7,DUPLICATE_PROCESSING,IN_PROGRESS,,,False,MEDIUM,IVR
CBK0000621,TXN59284,USR96201,MCH6056,,,0.19,GENERAL_DISPUTE,REJECTED,,,False,MEDIUM,BRANCH
CBK0000622,TXN00007356,USR81916,MCH6117,,,4608.17,DUPLICATE_PROCESSING,IN_PROGRESS,2026-03-19 13:11:32,,False,LOW,CHATBOT
CBK0000623,TXN00012588,USR78593,MCH9191,,,1181.22,GENERAL_DISPUTE,IN_PROGRESS,,,False,CRITICAL,CALL CENTER
CBK0000624,TXN00000969,USR81017,MCH1148,,2026-04-19 00:00:00,0.66,GENERAL_DISPUTE,IN_PROGRESS,,,False,MEDIUM,CHATBOT
CBK0000625,TXN00000101,USR93581,MCH5578,,,703.07,MERCHANT_OR_DELIVERY_ISSUE,RESOLVED,,,False,CRITICAL,APP
CBK0000626,TXN00018979,USR61349,MCH5687,2026-02-02 04:41:35,,2995.87,FRAUD_OR_ATO,IN_PROGRESS,,,False,MEDIUM,CHATBOT
CBK0000627,TXN00003619,USR39542,MCH7650,,2026-03-22 00:00:00,4189.62,AMOUNT_MISMATCH,OPEN,,,False,MEDIUM,CALL CENTER
CBK0000628,TXN00004074,USR56605,MCH8953,,2026-03-02 00:00:00,3617.74,MERCHANT_OR_DELIVERY_ISSUE,REJECTED,,,False,LOW,EMAIL
CBK0000629,TXN00003543,USR61351,MCH4181,,,15742.98,DUPLICATE_PROCESSING,RESOLVED,,,False,LOW,CHATBOT
CBK0000630,TXN00019233,USR41212,MCH3129,,2026-03-08 15:33:27,1007.91,FRAUD_OR_ATO,REJECTED,,,False,LOW,EMAIL
CBK0000631,TXN00004185,USR21843,MCH5007,,,7433.73,DUPLICATE_PROCESSING,OPEN,,,False,LOW,CHATBOT
CBK0000632,TXN00016316,USR44482,MCH7297,,,0.57,GENERAL_DISPUTE,RESOLVED,,,False,LOW,CALL CENTER
CBK0000633,TXN00013693,USR72322,MCH8732,,,1899.73,MERCHANT_OR_DELIVERY_ISSUE,RESOLVED,,,False,HIGH,IVR
CBK0000634,TXN00003160,USR20310,MCH5168,2026-03-14 00:00:00,,11376.0,AMOUNT_MISMATCH,REJECTED,,,False,LOW,EMAIL
CBK0000635,TXN00003242,USR34180,MCH2159,,,1561.56,AMOUNT_MISMATCH,CLOSED,,,False,LOW,BRANCH
CBK0000636,TXN00018402,USR46308,MCH2781,,2026-02-27 00:00:00,1848.85,FRAUD_OR_ATO,CLOSED,2026-03-07 15:34:55,8.0,False,LOW,IVR
CBK0000637,TXN00005214,USR91453,MCH6014,,,,MERCHANT_OR_DELIVERY_ISSUE,IN_PROGRESS,,,False,MEDIUM,CHATBOT
CBK0000638,TXN00006348,USR97580,MCH6624,,,506.14,GENERAL_DISPUTE,IN_PROGRESS,,,False,MEDIUM,CHATBOT
CBK0000639,TXN00017298,USR56287,MCH7134,,,3871.95,FRAUD_OR_ATO,REJECTED,,,False,MEDIUM,CHATBOT
CBK0000640,TXN00012946,USR57297,MCH2401,,,0.33,MERCHANT_OR_DELIVERY_ISSUE,CLOSED,,,False,LOW,EMAIL
CBK0000641,TXN00007177,USR11036,MCH3177,2026-01-17 00:00:00,,1628.35,FRAUD_OR_ATO,CLOSED,,,False,MEDIUM,BRANCH
CBK0000642,TXN00009627,USR88037,MCH4516,2026-02-04 00:00:00,,10535.8,GENERAL_DISPUTE,IN_PROGRESS,,,False,LOW,CALL CENTER
CBK0000643,UNKNOWN_TXN,USR85352,MCH4035,,,1167.69,GENERAL_DISPUTE,REJECTED,,,False,MEDIUM,IVR
CBK0000644,TXN00007288,USR97139,MCH2822,2026-02-03 00:00:00,,320.6,FRAUD_OR_ATO,OPEN,2026-02-12 15:55:43,,False,LOW,BRANCH
CBK0000645,TXN00016469,USR59482,MCH1792,2026-03-13 13:03:25,,12115.08,DUPLICATE_PROCESSING,IN_PROGRESS,,,False,CRITICAL,CHATBOT
CBK0000646,TXN00018578,USR49324,MCH3174,,2026-03-02 00:00:00,0.5,FRAUD_OR_ATO,IN_PROGRESS,,,False,MEDIUM,CHATBOT
CBK0000647,TXN00019004,USR46725,MCH2065,,2026-02-13 17:00:51,3381.39,GENERAL_DISPUTE,IN_PROGRESS,2026-02-26 17:00:51,13.0,False,MEDIUM,CHATBOT
CBK0000648,TXN00005486,USR11810,MCH1581,,2026-02-04 00:00:00,0.13,FRAUD_OR_ATO,CLOSED,,,False,LOW,BRANCH
CBK0000649,TXN00019659,USR74992,MCH8779,,,2545.52,MERCHANT_OR_DELIVERY_ISSUE,CLOSED,2026-03-19 13:25:24,,False,MEDIUM,IVR
CBK0000650,TXN00004880,USR34311,MCH2209,2026-02-21 00:00:00,,512.66,FRAUD_OR_ATO,REJECTED,,,False,CRITICAL,BRANCH
CBK0000651,TXN00011527,USR57088,MCH1779,,,1443.54,FRAUD_OR_ATO,OPEN,,,False,MEDIUM,CHATBOT
CBK0000652,TXN00015166,USR42412,MCH2811,,,732.38,MERCHANT_OR_DELIVERY_ISSUE,OPEN,,,False,HIGH,IVR
CBK0000653,TXN00007307,USR58692,MCH2298,,,2349.32,FRAUD_OR_ATO,CLOSED,2026-02-26 15:09:16,,False,MEDIUM,CALL CENTER
CBK0000654,TXN00013810,USR50022,MCH5980,2026-03-07 00:00:00,,4552.67,FRAUD_OR_ATO,CLOSED,,,False,LOW,IVR
CBK0000655,TXN00002874,USR22639,MCH4186,2026-01-12 15:25:38,,634.21,AMOUNT_MISMATCH,REJECTED,,,False,LOW,CHATBOT
CBK0000656,TXN00015006,USR77915,MCH7174,,2026-02-23 00:00:00,3732.8,MERCHANT_OR_DELIVERY_ISSUE,OPEN,,,False,MEDIUM,IVR
CBK0000657,TXN00006919,USR29306,MCH5269,,,2207.79,AMOUNT_MISMATCH,CLOSED,,,False,MEDIUM,CHATBOT
CBK0000658,TXN00005761,USR70617,MCH5954,,2026-03-18 06:34:15,3582.63,MERCHANT_OR_DELIVERY_ISSUE,OPEN,2026-03-18 06:34:15,0.0,False,LOW,IVR
CBK0000659,TXN00017737,USR53527,MCH3861,,,1419.1,GENERAL_DISPUTE,CLOSED,,,False,CRITICAL,CHATBOT
CBK0000660,TXN00008654,USR14580,MCH7394,2026-01-20 00:00:00,,3655.6,FRAUD_OR_ATO,OPEN,2026-01-25 03:57:35,,False,HIGH,BRANCH
CBK0000661,TXN00012553,USR87727,MCH8876,,2026-01-23 00:00:00,901.62,MERCHANT_OR_DELIVERY_ISSUE,RESOLVED,2026-02-15 06:03:00,23.0,True,LOW,IVR
CBK0000662,TXN00001154,USR55160,MCH3733,2026-01-09 00:00:00,,336.21,MERCHANT_OR_DELIVERY_ISSUE,IN_PROGRESS,2026-01-22 13:39:35,,False,MEDIUM,APP
CBK0000663,TXN00002699,USR94333,MCH8975,,2026-03-11 00:00:00,422.45,FRAUD_OR_ATO,CLOSED,,,False,HIGH,EMAIL
CBK0000664,TXN00014659,USR74769,MCH9010,2026-03-12 13:53:38,,1093.6,FRAUD_OR_ATO,OPEN,,,False,CRITICAL,APP
CBK0000665,TXN00012726,USR82229,MCH6230,,,360.49,MERCHANT_OR_DELIVERY_ISSUE,OPEN,,,False,LOW,BRANCH
CBK0000666,UNKNOWN_TXN,USR33350,MCH6639,,,8521.71,GENERAL_DISPUTE,RESOLVED,,,False,MEDIUM,CHATBOT
CBK0000667,TXN00006052,USR54126,MCH2266,,,1664.31,GENERAL_DISPUTE,IN_PROGRESS,,,False,CRITICAL,EMAIL
CBK0000668,TXN00011231,USR61576,MCH7063,,2026-03-15 00:00:00,4533.6,FRAUD_OR_ATO,IN_PROGRESS,,,False,MEDIUM,IVR
CBK0000669,TXN00018414,USR22639,MCH8836,2026-03-28 14:45:10,2026-03-30 11:45:10,3972.17,FRAUD_OR_ATO,IN_PROGRESS,,,False,HIGH,IVR
CBK0000670,TXN00016465,USR33934,MCH8836,,,1819.68,GENERAL_DISPUTE,CLOSED,,,False,HIGH,IVR
CBK0000671,TXN00004668,USR54740,MCH4646,,2026-03-18 13:09:02,,GENERAL_DISPUTE,CLOSED,,,False,MEDIUM,IVR
CBK0000672,TXN94670,USR23466,MCH2383,,,33780.71,DUPLICATE_PROCESSING,IN_PROGRESS,,,False,LOW,EMAIL
CBK0000673,TXN00006799,USR90390,MCH2514,,,7272.77,FRAUD_OR_ATO,REJECTED,,,False,MEDIUM,EMAIL
CBK0000674,TXN95066,USR27533,MCH5993,2026-03-01 00:00:00,,0.73,FRAUD_OR_ATO,RESOLVED,,,False,MEDIUM,APP
CBK0000675,TXN00002371,USR78353,MCH5277,,,7577.71,MERCHANT_OR_DELIVERY_ISSUE,REJECTED,,,False,MEDIUM,EMAIL
CBK0000676,TXN00010013,USR25470,MCH9984,2026-03-24 17:08:02,2026-03-24 00:00:00,314.65,MERCHANT_OR_DELIVERY_ISSUE,IN_PROGRESS,,,False,HIGH,IVR
CBK0000677,TXN00003443,USR88570,MCH2055,,,7308.16,FRAUD_OR_ATO,OPEN,,,False,LOW,EMAIL
CBK0000678,TXN00006912,USR67333,MCH9291,,,140.31,FRAUD_OR_ATO,IN_PROGRESS,,,False,MEDIUM,BRANCH
CBK0000679,TXN00019297,USR35700,MCH4758,2026-02-24 08:24:53,,1314.28,FRAUD_OR_ATO,IN_PROGRESS,,,False,LOW,IVR
CBK0000680,TXN00006440,USR32302,MCH2383,,2026-03-16 23:47:02,0.61,AMOUNT_MISMATCH,OPEN,,,False,LOW,APP
CBK0000681,TXN00006290,USR89588,MCH9105,2026-01-28 00:00:00,,,DUPLICATE_PROCESSING,REJECTED,,,False,LOW,IVR
CBK0000682,TXN00002422,USR74392,MCH7833,,,412.17,DUPLICATE_PROCESSING,REJECTED,,,False,MEDIUM,BRANCH
CBK0000683,TXN00017581,USR54113,MCH6129,,,,MERCHANT_OR_DELIVERY_ISSUE,REJECTED,,,False,LOW,CHATBOT
CBK0000684,TXN00017791,USR21714,MCH2319,,,2658.78,FRAUD_OR_ATO,IN_PROGRESS,,,False,MEDIUM,EMAIL
CBK0000685,TXN00011648,USR24719,MCH5852,,2026-02-11 00:00:00,2218.94,DUPLICATE_PROCESSING,REJECTED,,,False,MEDIUM,EMAIL
CBK0000686,TXN00000850,USR54783,MCH8420,2026-01-23 00:00:00,,1203.18,FRAUD_OR_ATO,IN_PROGRESS,,,False,MEDIUM,BRANCH
CBK0000687,TXN00005195,USR53215,MCH8519,,,4251.73,GENERAL_DISPUTE,IN_PROGRESS,,,False,LOW,CALL CENTER
CBK0000688,TXN00018235,USR63160,MCH6399,2026-02-17 08:49:47,,5681.16,GENERAL_DISPUTE,REJECTED,,,False,HIGH,APP
CBK0000689,TXN00017204,USR95707,MCH3736,,,,FRAUD_OR_ATO,RESOLVED,2026-01-22 10:09:56,,False,MEDIUM,APP
CBK0000690,TXN00016173,USR76780,MCH1506,2026-03-20 00:00:00,,8263.92,GENERAL_DISPUTE,REJECTED,,,False,LOW,CHATBOT
CBK0000691,TXN00006342,USR46662,MCH8426,2026-03-13 10:45:48,,1546.48,MERCHANT_OR_DELIVERY_ISSUE,IN_PROGRESS,,,False,MEDIUM,IVR
CBK0000692,TXN00005181,USR70317,MCH3740,,,1107.86,MERCHANT_OR_DELIVERY_ISSUE,OPEN,,,False,LOW,CHATBOT
CBK0000693,TXN00018137,USR29306,MCH7744,,,7022.75,DUPLICATE_PROCESSING,IN_PROGRESS,,,False,MEDIUM,IVR
CBK0000694,TXN00013258,USR41874,MCH7151,2026-03-28 02:05:31,,0.68,FRAUD_OR_ATO,RESOLVED,,,False,MEDIUM,CALL CENTER
CBK0000695,TXN00012216,USR72760,MCH7773,,,972.52,FRAUD_OR_ATO,IN_PROGRESS,,,False,LOW,CHATBOT
CBK0000696,TXN00007676,USR33564,MCH3259,,2026-02-28 00:00:00,841.13,GENERAL_DISPUTE,IN_PROGRESS,2026-03-01 09:11:30,1.0,False,CRITICAL,IVR
CBK0000697,TXN00007023,USR88430,MCH4181,,,10555.32,AMOUNT_MISMATCH,REJECTED,,,False,MEDIUM,IVR
CBK0000698,TXN00005431,USR66398,MCH1320,2026-03-31 13:31:09,,1631.64,DUPLICATE_PROCESSING,REJECTED,,,False,HIGH,EMAIL
CBK0000699,TXN35789,USR17657,MCH1670,,,1813.99,DUPLICATE_PROCESSING,RESOLVED,,,False,LOW,CHATBOT
CBK0000700,TXN00001244,USR88147,MCH2972,,,1404.94,MERCHANT_OR_DELIVERY_ISSUE,IN_PROGRESS,,,False,MEDIUM,CHATBOT
CBK0000701,TXN00002775,USR31842,MCH7869,,,6779.18,MERCHANT_OR_DELIVERY_ISSUE,IN_PROGRESS,,,False,LOW,CHATBOT
CBK0000702,TXN00017072,USR56312,MCH5133,2026-01-18 03:52:25,2026-01-23 00:00:00,0.15,AMOUNT_MISMATCH,IN_PROGRESS,,,False,HIGH,IVR
CBK0000703,TXN00008400,USR58377,MCH6418,,,1939.11,FRAUD_OR_ATO,OPEN,,,False,LOW,APP
CBK0000704,TXN00015091,USR45203,MCH9864,,,20286.73,MERCHANT_OR_DELIVERY_ISSUE,OPEN,,,False,HIGH,CHATBOT
CBK0000705,TXN00001152,USR35882,MCH9206,,,1038.46,DUPLICATE_PROCESSING,REJECTED,,,False,MEDIUM,CHATBOT
CBK0000706,TXN00005543,USR82059,MCH4181,,2026-03-05 15:23:41,1362.67,DUPLICATE_PROCESSING,OPEN,,,False,MEDIUM,CALL CENTER
CBK0000707,TXN00009174,USR25529,MCH1041,2026-03-28 00:00:00,,0.35,MERCHANT_OR_DELIVERY_ISSUE,IN_PROGRESS,,,False,LOW,APP
CBK0000708,TXN00014452,USR24775,MCH2757,,2026-02-20 21:31:31,798.72,MERCHANT_OR_DELIVERY_ISSUE,REJECTED,,,False,LOW,IVR
CBK0000709,TXN00011910,USR78593,MCH3912,,2026-03-15 00:00:00,3498.93,FRAUD_OR_ATO,REJECTED,,,False,LOW,CHATBOT
CBK0000710,TXN00012306,USR86472,MCH2032,,,1076.54,MERCHANT_OR_DELIVERY_ISSUE,IN_PROGRESS,,,False,LOW,IVR
CBK0000711,TXN00015632,USR47206,MCH3217,,,386.01,GENERAL_DISPUTE,IN_PROGRESS,2026-04-01 23:17:35,,False,LOW,BRANCH
CBK0000712,TXN00007650,USR28000,MCH5690,,,316.55,MERCHANT_OR_DELIVERY_ISSUE,REJECTED,2026-04-06 00:03:10,,False,HIGH,CHATBOT
CBK0000713,TXN00015731,USR42970,MCH8779,,,,GENERAL_DISPUTE,OPEN,2026-03-03 18:11:53,,False,HIGH,EMAIL
CBK0000714,TXN00000238,USR50454,MCH5655,2026-02-06 00:00:00,,2745.21,FRAUD_OR_ATO,IN_PROGRESS,,,False,MEDIUM,EMAIL
CBK0000715,TXN00007023,USR33914,MCH5238,2026-03-15 01:54:25,,463.5,GENERAL_DISPUTE,CLOSED,2026-04-11 14:54:25,,False,MEDIUM,EMAIL
CBK0000716,TXN00013326,USR62901,MCH1320,,,2161.57,DUPLICATE_PROCESSING,IN_PROGRESS,,,False,MEDIUM,CALL CENTER
CBK0000717,TXN00011204,USR82688,MCH4181,,,,MERCHANT_OR_DELIVERY_ISSUE,REJECTED,2026-03-19 06:54:31,,False,HIGH,APP
CBK0000718,TXN00011539,USR60803,MCH7874,2026-03-09 18:51:51,,1528.98,FRAUD_OR_ATO,IN_PROGRESS,,,False,HIGH,CHATBOT
CBK0000719,TXN00008362,USR51141,MCH4473,,,716.05,MERCHANT_OR_DELIVERY_ISSUE,IN_PROGRESS,,,False,LOW,APP
CBK0000720,TXN00009292,USR62461,MCH8044,,,2299.02,FRAUD_OR_ATO,IN_PROGRESS,,,False,LOW,CHATBOT
CBK0000721,TXN00009064,USR29458,MCH4113,,,1568.17,DUPLICATE_PROCESSING,RESOLVED,,,False,CRITICAL,BRANCH
CBK0000722,TXN00014532,USR42970,MCH9937,2026-02-28 00:00:00,2026-03-04 00:00:00,4825.86,AMOUNT_MISMATCH,REJECTED,,,False,HIGH,IVR
CBK0000723,TXN00001222,USR96458,MCH9291,,,,MERCHANT_OR_DELIVERY_ISSUE,RESOLVED,,,False,LOW,EMAIL
CBK0000724,TXN00001310,USR27947,MCH2065,2026-02-13 06:58:57,,2026.3,FRAUD_OR_ATO,OPEN,,,False,LOW,BRANCH
CBK0000725,TXN00001816,USR77595,MCH4624,,,506.82,FRAUD_OR_ATO,RESOLVED,,,False,HIGH,CHATBOT
CBK0000726,TXN00016050,USR43040,MCH4578,,2026-01-26 00:00:00,1426.42,AMOUNT_MISMATCH,RESOLVED,,,False,MEDIUM,IVR
CBK0000727,TXN00008469,USR71348,MCH9319,,,604.81,DUPLICATE_PROCESSING,REJECTED,,,False,MEDIUM,APP
CBK0000728,TXN00018012,USR11036,MCH8256,,,722.5,DUPLICATE_PROCESSING,CLOSED,,,False,LOW,CHATBOT
CBK0000729,TXN00009979,USR43978,MCH6850,2026-02-01 00:00:00,2026-02-17 00:00:00,1801.1,FRAUD_OR_ATO,IN_PROGRESS,,,False,MEDIUM,BRANCH
CBK0000730,TXN00009351,USR52558,MCH2688,,2026-03-06 14:47:30,1026.98,MERCHANT_OR_DELIVERY_ISSUE,OPEN,,,False,MEDIUM,APP
CBK0000731,TXN00009087,USR31359,MCH1258,,,0.78,FRAUD_OR_ATO,IN_PROGRESS,,,False,MEDIUM,APP
CBK0000732,TXN00004610,USR32036,MCH3057,2026-01-01 22:58:19,,5879.13,FRAUD_OR_ATO,RESOLVED,,,False,MEDIUM,EMAIL
CBK0000733,TXN00012362,USR55838,MCH4181,,,4043.04,FRAUD_OR_ATO,OPEN,,,False,CRITICAL,BRANCH
CBK0000734,TXN00006117,USR95049,MCH5383,,,0.4,MERCHANT_OR_DELIVERY_ISSUE,RESOLVED,2026-04-14 03:25:05,,False,HIGH,IVR
CBK0000735,TXN00011503,USR69437,MCH4181,,2026-03-12 00:00:00,2059.59,MERCHANT_OR_DELIVERY_ISSUE,RESOLVED,,,False,LOW,CALL CENTER
CBK0000736,TXN00001334,USR31979,MCH2101,2026-03-23 11:54:27,2026-03-25 07:54:27,6666.14,FRAUD_OR_ATO,IN_PROGRESS,,,False,MEDIUM,CHATBOT
CBK0000737,TXN00008826,USR85122,MCH9786,,2026-01-24 00:00:00,1347.43,FRAUD_OR_ATO,OPEN,,,False,LOW,EMAIL
CBK0000738,TXN00018812,USR98980,MCH2757,2026-01-05 00:00:00,,0.15,FRAUD_OR_ATO,IN_PROGRESS,,,False,HIGH,CALL CENTER
CBK0000739,TXN00017315,USR29561,MCH5980,,,704.73,FRAUD_OR_ATO,IN_PROGRESS,2026-01-24 06:45:30,,False,HIGH,IVR
CBK0000740,TXN00019738,USR22040,MCH1234,,,584.74,FRAUD_OR_ATO,RESOLVED,2026-04-07 03:59:33,,False,LOW,EMAIL
CBK0000741,TXN00015495,USR41660,MCH6753,,,448.1,AMOUNT_MISMATCH,OPEN,2026-04-09 09:57:07,,False,MEDIUM,EMAIL
CBK0000742,TXN00007076,USR36630,MCH5264,,,533.33,MERCHANT_OR_DELIVERY_ISSUE,IN_PROGRESS,2026-03-23 11:58:36,,False,MEDIUM,APP
CBK0000743,TXN00005962,USR43455,MCH1477,,2026-03-22 00:00:00,354.48,FRAUD_OR_ATO,OPEN,,,False,MEDIUM,IVR
CBK0000744,TXN00001703,USR53423,MCH6565,,,0.22,DUPLICATE_PROCESSING,RESOLVED,,,False,MEDIUM,EMAIL
CBK0000745,TXN00010462,USR47272,MCH8805,,,4246.38,FRAUD_OR_ATO,CLOSED,2026-02-03 00:35:16,,False,LOW,CHATBOT
CBK0000746,TXN00006761,USR27533,MCH9632,,,1870.83,DUPLICATE_PROCESSING,OPEN,2026-01-25 23:15:33,,False,MEDIUM,CHATBOT
CBK0000747,TXN00015384,USR91399,MCH3815,,2026-03-04 07:27:02,452.46,GENERAL_DISPUTE,CLOSED,,,False,LOW,CHATBOT
CBK0000748,TXN00009850,USR16745,MCH7753,,2026-02-04 07:19:27,1130.39,FRAUD_OR_ATO,OPEN,,,False,LOW,EMAIL
CBK0000749,TXN00006304,USR30630,MCH3257,,,4194.32,GENERAL_DISPUTE,IN_PROGRESS,,,False,CRITICAL,CHATBOT
CBK0000750,TXN00010355,USR45600,MCH5980,,2026-03-03 00:00:00,1284.43,MERCHANT_OR_DELIVERY_ISSUE,CLOSED,,,False,HIGH,EMAIL
CBK0000751,TXN00008166,USR71704,MCH6694,,,813.72,FRAUD_OR_ATO,REJECTED,2026-02-22 08:23:27,,False,MEDIUM,IVR
CBK0000752,TXN00012584,USR47668,MCH3678,,,397.91,GENERAL_DISPUTE,CLOSED,,,False,LOW,APP
CBK0000753,TXN00011998,USR26558,MCH3100,2026-01-24 05:54:36,,1184.71,GENERAL_DISPUTE,REJECTED,2026-02-17 03:54:36,,False,LOW,IVR
CBK0000754,TXN00001826,USR35882,MCH3115,,,895.55,GENERAL_DISPUTE,IN_PROGRESS,,,False,MEDIUM,CHATBOT
CBK0000755,TXN00002595,USR34052,MCH5808,,,1658.43,FRAUD_OR_ATO,IN_PROGRESS,2026-04-27 22:33:32,,False,HIGH,CHATBOT
CBK0000756,TXN00017864,USR17657,MCH1702,,2026-03-05 00:00:00,2911.37,MERCHANT_OR_DELIVERY_ISSUE,IN_PROGRESS,,,False,HIGH,IVR
CBK0000757,TXN00010601,USR53404,MCH4311,,,1363.12,MERCHANT_OR_DELIVERY_ISSUE,CLOSED,,,False,MEDIUM,IVR
CBK0000758,TXN00015649,USR79175,MCH9344,,,2175.05,FRAUD_OR_ATO,REJECTED,,,False,HIGH,IVR
CBK0000759,TXN00018597,USR54822,MCH1382,,2026-02-14 10:59:54,2898.66,FRAUD_OR_ATO,OPEN,2026-02-16 10:59:54,2.0,False,MEDIUM,IVR
CBK0000760,TXN00007966,USR83977,MCH8953,,2026-03-13 00:00:00,0.53,FRAUD_OR_ATO,IN_PROGRESS,,,False,LOW,CALL CENTER
CBK0000761,TXN00001654,USR73010,MCH6154,,,11920.81,FRAUD_OR_ATO,IN_PROGRESS,,,False,LOW,IVR
CBK0000762,TXN00003810,USR65062,MCH5911,,,861.41,MERCHANT_OR_DELIVERY_ISSUE,IN_PROGRESS,,,False,MEDIUM,IVR
CBK0000763,TXN00005691,USR98061,MCH6850,,,,DUPLICATE_PROCESSING,IN_PROGRESS,,,False,HIGH,EMAIL
CBK0000764,TXN00017113,USR98093,MCH8779,2026-03-18 14:56:31,,580.57,GENERAL_DISPUTE,IN_PROGRESS,,,False,MEDIUM,BRANCH
CBK0000765,TXN00007330,USR99392,MCH8540,,,2018.57,GENERAL_DISPUTE,REJECTED,,,False,MEDIUM,CHATBOT
CBK0000766,TXN00012205,USR25990,MCH4590,,,2093.79,MERCHANT_OR_DELIVERY_ISSUE,IN_PROGRESS,,,False,MEDIUM,BRANCH
CBK0000767,TXN00010641,USR98061,MCH3815,,,9500.5,FRAUD_OR_ATO,IN_PROGRESS,,,False,CRITICAL,IVR
CBK0000768,TXN00002926,USR29277,MCH7998,,2026-02-18 00:00:00,1432.79,GENERAL_DISPUTE,OPEN,,,False,LOW,CHATBOT
CBK0000769,TXN00010549,USR88037,MCH4590,,,6630.73,GENERAL_DISPUTE,IN_PROGRESS,,,False,HIGH,APP
CBK0000770,TXN51555,USR56287,MCH8779,,,2417.43,MERCHANT_OR_DELIVERY_ISSUE,CLOSED,,,False,HIGH,CHATBOT
CBK0000771,TXN00009466,USR62254,MCH5885,,2026-04-01 00:20:18,11523.08,MERCHANT_OR_DELIVERY_ISSUE,IN_PROGRESS,,,False,CRITICAL,CHATBOT
CBK0000772,TXN00010034,USR25196,MCH1320,2026-01-06 00:00:00,2026-01-08 09:22:06,0.3,GENERAL_DISPUTE,OPEN,,,False,CRITICAL,CHATBOT
CBK0000773,TXN45816,USR87981,MCH5252,,2026-01-09 00:00:00,2928.28,FRAUD_OR_ATO,CLOSED,,,False,HIGH,APP
CBK0000774,TXN00000794,USR78569,MCH4590,,,124.85,MERCHANT_OR_DELIVERY_ISSUE,OPEN,2026-04-04 10:25:44,,False,MEDIUM,IVR
CBK0000775,TXN00004439,USR27107,MCH7732,,2026-01-24 00:00:00,1706.04,MERCHANT_OR_DELIVERY_ISSUE,REJECTED,,,False,HIGH,IVR
CBK0000776,TXN00010920,USR19006,MCH4590,,,5019.03,FRAUD_OR_ATO,IN_PROGRESS,,,False,MEDIUM,IVR
CBK0000777,UNKNOWN_TXN,USR41853,MCH3327,,,7674.18,FRAUD_OR_ATO,IN_PROGRESS,,,False,LOW,CHATBOT
CBK0000778,TXN00004797,USR73637,MCH1026,,,3784.33,FRAUD_OR_ATO,RESOLVED,,,False,MEDIUM,CALL CENTER
CBK0000779,TXN00000534,USR89996,MCH4842,,,1352.13,FRAUD_OR_ATO,OPEN,,,False,LOW,CALL CENTER
CBK0000780,TXN00003784,USR91599,MCH2065,,,3118.57,GENERAL_DISPUTE,IN_PROGRESS,2026-04-12 23:20:37,,False,HIGH,CHATBOT
CBK0000781,TXN00004717,USR34703,MCH2065,,,0.22,MERCHANT_OR_DELIVERY_ISSUE,IN_PROGRESS,,,False,HIGH,EMAIL
CBK0000782,TXN00015086,USR58789,MCH6008,,2026-02-10 00:00:00,1949.6,DUPLICATE_PROCESSING,IN_PROGRESS,,,False,MEDIUM,CHATBOT
CBK0000783,UNKNOWN_TXN,USR96677,MCH2556,,,4726.95,FRAUD_OR_ATO,CLOSED,,,False,MEDIUM,CHATBOT
CBK0000784,TXN00014785,USR41135,MCH7286,,2026-01-31 00:00:00,1176.91,MERCHANT_OR_DELIVERY_ISSUE,IN_PROGRESS,2026-02-16 09:56:17,16.0,True,LOW,BRANCH
CBK0000785,TXN00012403,USR98061,MCH9923,,2026-03-29 08:53:42,,GENERAL_DISPUTE,IN_PROGRESS,,,False,CRITICAL,BRANCH
CBK0000786,TXN00000679,USR22762,MCH2342,2026-03-14 00:00:00,,4474.08,FRAUD_OR_ATO,OPEN,,,False,HIGH,IVR
CBK0000787,TXN00015064,USR33856,MCH8652,,,981.9,DUPLICATE_PROCESSING,IN_PROGRESS,,,False,MEDIUM,IVR
CBK0000788,TXN00003574,USR22284,MCH4473,2026-03-28 00:00:00,,3933.58,FRAUD_OR_ATO,RESOLVED,,,False,LOW,BRANCH
CBK0000789,TXN00006632,USR56899,MCH7296,,,4124.85,FRAUD_OR_ATO,IN_PROGRESS,,,False,LOW,EMAIL
CBK0000790,TXN00010376,USR31294,MCH2721,,2026-02-21 00:00:00,0.38,AMOUNT_MISMATCH,IN_PROGRESS,,,False,MEDIUM,APP
CBK0000791,TXN00007791,USR24536,MCH6890,,,1735.16,FRAUD_OR_ATO,IN_PROGRESS,,,False,LOW,IVR
CBK0000792,TXN00017591,USR59752,MCH2176,,2026-02-09 00:00:00,6180.12,GENERAL_DISPUTE,CLOSED,,,False,MEDIUM,EMAIL
CBK0000793,TXN00006175,USR62254,MCH4226,2026-02-27 00:00:00,,709.86,MERCHANT_OR_DELIVERY_ISSUE,IN_PROGRESS,,,False,LOW,IVR
CBK0000794,TXN00013962,USR28913,MCH9984,,,0.18,MERCHANT_OR_DELIVERY_ISSUE,CLOSED,,,False,MEDIUM,EMAIL
CBK0000795,TXN00010007,USR13134,MCH3292,,,2021.11,AMOUNT_MISMATCH,IN_PROGRESS,,,False,LOW,IVR
CBK0000796,TXN00007069,USR87558,MCH3466,,2026-02-14 07:25:50,0.58,FRAUD_OR_ATO,RESOLVED,,,False,MEDIUM,CHATBOT
CBK0000797,TXN00010208,USR84323,MCH2140,,,687.82,MERCHANT_OR_DELIVERY_ISSUE,IN_PROGRESS,,,False,LOW,IVR
CBK0000798,TXN31469,USR47192,MCH2266,,,2300.99,FRAUD_OR_ATO,OPEN,,,False,CRITICAL,CALL CENTER
CBK0000799,TXN00012446,USR75853,MCH2771,,,1105.07,FRAUD_OR_ATO,REJECTED,,,False,MEDIUM,IVR
CBK0000800,TXN00008407,USR54047,MCH8953,,,2017.17,FRAUD_OR_ATO,CLOSED,,,False,MEDIUM,IVR
CBK0000801,TXN00000284,USR94447,MCH5873,,,2676.58,FRAUD_OR_ATO,RESOLVED,,,False,MEDIUM,IVR
CBK0000802,TXN00019956,USR41434,MCH1767,,,503.49,MERCHANT_OR_DELIVERY_ISSUE,IN_PROGRESS,,,False,LOW,IVR
CBK0000803,UNKNOWN_TXN,USR28353,MCH9017,,,6400.05,MERCHANT_OR_DELIVERY_ISSUE,RESOLVED,,,False,HIGH,IVR
CBK0000804,TXN00000677,USR35395,MCH8348,,,2773.41,FRAUD_OR_ATO,REJECTED,2026-02-17 10:58:31,,False,LOW,APP
CBK0000805,TXN00009314,USR13620,MCH3239,,,0.77,GENERAL_DISPUTE,IN_PROGRESS,,,False,LOW,EMAIL
CBK0000806,TXN00010423,USR91337,MCH8154,,,1285.39,MERCHANT_OR_DELIVERY_ISSUE,REJECTED,,,False,LOW,APP
CBK0000807,TXN00017317,USR77247,MCH5805,,,8056.19,AMOUNT_MISMATCH,IN_PROGRESS,,,False,MEDIUM,CHATBOT
CBK0000808,TXN00006505,USR69795,MCH2065,,,0.27,GENERAL_DISPUTE,RESOLVED,2026-02-10 01:06:27,,False,MEDIUM,CHATBOT
CBK0000809,TXN00013144,USR51720,MCH9790,,,688.92,FRAUD_OR_ATO,IN_PROGRESS,,,False,HIGH,CALL CENTER
CBK0000810,TXN00008813,USR55160,MCH9104,,,825.92,GENERAL_DISPUTE,IN_PROGRESS,,,False,LOW,CALL CENTER
CBK0000811,TXN00015831,USR22432,MCH2078,,,0.34,FRAUD_OR_ATO,CLOSED,,,False,HIGH,EMAIL
CBK0000812,TXN00003721,USR76959,MCH8190,,,3807.76,FRAUD_OR_ATO,CLOSED,,,False,HIGH,BRANCH
CBK0000813,TXN00008478,USR72576,MCH2072,,,2598.96,DUPLICATE_PROCESSING,CLOSED,,,False,CRITICAL,APP
CBK0000814,TXN00017418,USR91623,MCH6810,,,1350.91,DUPLICATE_PROCESSING,IN_PROGRESS,,,False,LOW,EMAIL
CBK0000815,TXN00014312,USR67696,MCH5671,,,4063.03,FRAUD_OR_ATO,IN_PROGRESS,,,False,LOW,CALL CENTER
CBK0000816,TXN00014266,USR92332,MCH2146,,,,GENERAL_DISPUTE,IN_PROGRESS,,,False,MEDIUM,BRANCH
CBK0000817,TXN00002301,USR71836,MCH3815,2026-02-05 00:00:00,,769.17,FRAUD_OR_ATO,OPEN,2026-03-07 12:29:12,,False,LOW,APP
CBK0000818,TXN00015972,USR83126,MCH2616,,,8836.22,MERCHANT_OR_DELIVERY_ISSUE,REJECTED,,,False,CRITICAL,CHATBOT
CBK0000819,TXN00008276,USR66046,MCH3941,,,2947.75,FRAUD_OR_ATO,OPEN,,,False,HIGH,CHATBOT
CBK0000820,TXN54263,USR12102,MCH5265,2026-03-19 09:33:48,,824.86,AMOUNT_MISMATCH,REJECTED,,,False,HIGH,IVR
CBK0000821,TXN00001860,USR54089,MCH8467,,,,FRAUD_OR_ATO,OPEN,,,False,LOW,IVR
CBK0000822,TXN00005564,USR76792,MCH6388,2026-03-15 00:00:00,,1858.07,MERCHANT_OR_DELIVERY_ISSUE,IN_PROGRESS,,,False,MEDIUM,IVR
CBK0000823,TXN00002624,USR25108,MCH8679,2026-03-12 00:00:00,2026-03-15 00:00:00,1274.21,FRAUD_OR_ATO,CLOSED,,,False,MEDIUM,EMAIL
CBK0000824,TXN78658,USR57147,MCH4226,2026-02-18 00:00:00,,2283.69,DUPLICATE_PROCESSING,CLOSED,,,False,CRITICAL,IVR
CBK0000825,TXN00017847,USR71122,MCH1632,2026-02-05 04:48:20,,0.71,MERCHANT_OR_DELIVERY_ISSUE,CLOSED,,,False,HIGH,IVR
CBK0000826,TXN00002919,USR50535,MCH2014,,,4331.37,FRAUD_OR_ATO,IN_PROGRESS,,,False,HIGH,IVR
CBK0000827,TXN00014268,USR35403,MCH2320,2026-03-26 19:49:23,,0.18,MERCHANT_OR_DELIVERY_ISSUE,OPEN,,,False,MEDIUM,CHATBOT
CBK0000828,TXN00007187,USR27947,MCH4473,,,361.6,AMOUNT_MISMATCH,RESOLVED,,,False,MEDIUM,EMAIL
CBK0000829,TXN00017462,USR94805,MCH5980,,,,MERCHANT_OR_DELIVERY_ISSUE,RESOLVED,,,False,LOW,CHATBOT
CBK0000830,TXN00007939,USR55355,MCH2375,,,976.66,MERCHANT_OR_DELIVERY_ISSUE,OPEN,,,False,MEDIUM,BRANCH
CBK0000831,TXN00013412,USR57382,MCH1320,,,90.88,MERCHANT_OR_DELIVERY_ISSUE,REJECTED,,,False,LOW,CHATBOT
CBK0000832,TXN00014106,USR26145,MCH1012,,2026-01-31 23:25:00,1547.17,FRAUD_OR_ATO,OPEN,,,False,LOW,CALL CENTER
CBK0000833,TXN00007902,USR66726,MCH6087,2026-02-26 00:00:00,,0.51,DUPLICATE_PROCESSING,IN_PROGRESS,,,False,HIGH,IVR
CBK0000834,TXN00006801,USR60701,MCH8625,2026-01-04 16:40:24,,1623.25,DUPLICATE_PROCESSING,CLOSED,,,False,HIGH,IVR
CBK0000835,TXN00016557,USR82094,MCH3363,2026-03-20 00:00:00,,3670.72,FRAUD_OR_ATO,IN_PROGRESS,,,False,MEDIUM,CALL CENTER
CBK0000836,TXN00003340,USR69581,MCH5218,,,1823.47,FRAUD_OR_ATO,RESOLVED,,,False,MEDIUM,EMAIL
CBK0000837,TXN00014492,USR59264,MCH1548,,,,GENERAL_DISPUTE,IN_PROGRESS,,,False,HIGH,CHATBOT
CBK0000838,TXN00002790,USR38178,MCH9291,2026-01-30 05:36:28,,0.87,AMOUNT_MISMATCH,CLOSED,,,False,MEDIUM,CHATBOT
CBK0000839,TXN00014620,USR55888,MCH8779,,,501.3,FRAUD_OR_ATO,RESOLVED,,,False,MEDIUM,CHATBOT
CBK0000840,TXN00018717,USR16257,MCH3019,,2026-03-02 15:58:44,4563.14,MERCHANT_OR_DELIVERY_ISSUE,IN_PROGRESS,,,False,LOW,IVR
CBK0000841,TXN00007967,USR49028,MCH7643,,2026-04-11 00:00:00,,MERCHANT_OR_DELIVERY_ISSUE,REJECTED,,,False,HIGH,IVR
CBK0000842,TXN00002437,USR58147,MCH1299,2026-01-27 09:34:13,,1368.83,FRAUD_OR_ATO,IN_PROGRESS,,,False,HIGH,CALL CENTER
CBK0000843,TXN00014470,USR23820,MCH3842,,2026-03-25 00:04:00,,MERCHANT_OR_DELIVERY_ISSUE,REJECTED,,,False,LOW,CALL CENTER
CBK0000844,TXN00012434,USR60718,MCH5451,,,2898.89,MERCHANT_OR_DELIVERY_ISSUE,REJECTED,,,False,MEDIUM,CHATBOT
CBK0000845,TXN00009880,USR90298,MCH5574,2026-01-25 22:25:35,,731.59,GENERAL_DISPUTE,CLOSED,2026-02-11 19:25:35,,False,CRITICAL,IVR
CBK0000846,TXN00018851,USR98606,MCH9609,2026-03-18 00:00:00,,2087.83,GENERAL_DISPUTE,IN_PROGRESS,,,False,HIGH,APP
CBK0000847,TXN00010448,USR75789,MCH4429,2026-03-26 00:00:00,,387.13,FRAUD_OR_ATO,REJECTED,,,False,HIGH,CALL CENTER
CBK0000848,TXN00000823,USR23460,MCH5954,,,1982.27,FRAUD_OR_ATO,RESOLVED,,,False,LOW,IVR
CBK0000849,TXN00010509,USR32787,MCH1253,,,1585.54,MERCHANT_OR_DELIVERY_ISSUE,IN_PROGRESS,,,False,HIGH,IVR
CBK0000850,TXN00013581,USR49649,MCH8251,,,162.44,FRAUD_OR_ATO,CLOSED,,,False,LOW,CHATBOT
CBK0000851,TXN00015265,USR52830,MCH1188,,,9117.57,FRAUD_OR_ATO,CLOSED,,,False,MEDIUM,IVR
CBK0000852,TXN00010668,USR81745,MCH4420,,2026-04-06 15:52:29,1305.45,FRAUD_OR_ATO,IN_PROGRESS,,,False,MEDIUM,APP
CBK0000853,TXN00019212,USR43229,MCH3902,2026-03-21 00:27:23,,1395.11,FRAUD_OR_ATO,REJECTED,,,False,MEDIUM,CHATBOT
CBK0000854,TXN00000164,USR17326,MCH7017,,,0.31,FRAUD_OR_ATO,OPEN,,,False,CRITICAL,EMAIL
CBK0000855,TXN00013194,USR66001,MCH2030,,,,FRAUD_OR_ATO,IN_PROGRESS,,,False,MEDIUM,BRANCH
CBK0000856,TXN00000917,USR40538,MCH8624,,2026-04-16 00:00:00,2601.86,AMOUNT_MISMATCH,IN_PROGRESS,,,False,LOW,APP
CBK0000857,TXN00018599,USR52095,MCH3652,,,0.58,GENERAL_DISPUTE,CLOSED,,,False,MEDIUM,EMAIL
CBK0000858,TXN00015040,USR95176,MCH1146,,,1568.41,AMOUNT_MISMATCH,IN_PROGRESS,,,False,LOW,EMAIL
CBK0000859,TXN00018489,USR33856,MCH5110,,,267.92,FRAUD_OR_ATO,RESOLVED,,,False,HIGH,EMAIL
CBK0000860,TXN00007296,USR97580,MCH3701,2026-02-04 00:00:00,,1425.61,MERCHANT_OR_DELIVERY_ISSUE,IN_PROGRESS,,,False,MEDIUM,CHATBOT
CBK0000861,TXN00016940,USR83977,MCH1995,,2026-01-07 01:02:00,7669.97,DUPLICATE_PROCESSING,RESOLVED,,,False,MEDIUM,BRANCH
CBK0000862,TXN00002240,USR25056,MCH6810,2026-03-23 00:00:00,2026-03-26 00:00:00,401.02,AMOUNT_MISMATCH,CLOSED,,,False,MEDIUM,CALL CENTER
CBK0000863,TXN00016767,USR90880,MCH2841,2026-03-06 00:00:00,,0.13,MERCHANT_OR_DELIVERY_ISSUE,CLOSED,,,False,HIGH,EMAIL
CBK0000864,TXN58515,USR41631,MCH1320,,,216.17,MERCHANT_OR_DELIVERY_ISSUE,IN_PROGRESS,,,False,HIGH,CHATBOT
CBK0000865,TXN00005760,USR36182,MCH2554,2026-03-28 00:00:00,,,AMOUNT_MISMATCH,REJECTED,,,False,MEDIUM,EMAIL
CBK0000866,TXN00002719,USR11592,MCH1717,,,2881.81,FRAUD_OR_ATO,CLOSED,,,False,LOW,IVR
CBK0000867,TXN00019528,USR25296,MCH5076,2026-01-31 00:00:00,,2653.08,MERCHANT_OR_DELIVERY_ISSUE,CLOSED,,,False,MEDIUM,CHATBOT
CBK0000868,TXN00017012,USR26098,MCH2383,2026-02-07 23:22:53,,990.42,MERCHANT_OR_DELIVERY_ISSUE,RESOLVED,,,False,MEDIUM,IVR
CBK0000869,TXN00011061,USR71557,MCH8342,2026-03-03 00:00:00,,211.84,GENERAL_DISPUTE,CLOSED,,,False,LOW,CALL CENTER
CBK0000870,TXN00013994,USR44954,MCH7833,,2026-02-11 00:00:00,522.4,DUPLICATE_PROCESSING,REJECTED,2026-02-25 02:46:35,14.0,False,MEDIUM,IVR
CBK0000871,TXN00014130,USR50013,MCH3815,,,6351.69,GENERAL_DISPUTE,IN_PROGRESS,,,False,MEDIUM,CHATBOT
CBK0000872,TXN00015686,USR41987,MCH4226,,,4354.56,DUPLICATE_PROCESSING,RESOLVED,,,False,MEDIUM,APP
CBK0000873,TXN00002853,USR33226,MCH2822,2026-02-13 11:31:49,,1650.21,MERCHANT_OR_DELIVERY_ISSUE,OPEN,2026-02-26 12:31:49,,False,MEDIUM,EMAIL
CBK0000874,TXN00008435,USR43450,MCH8870,,2026-02-06 00:00:00,2126.63,GENERAL_DISPUTE,RESOLVED,,,False,MEDIUM,EMAIL
CBK0000875,TXN00007782,USR71887,MCH4181,,,647.02,FRAUD_OR_ATO,IN_PROGRESS,,,False,LOW,IVR
CBK0000876,TXN00010046,USR91274,MCH8960,,,6572.39,DUPLICATE_PROCESSING,REJECTED,2026-02-09 16:29:48,,False,MEDIUM,CHATBOT
CBK0000877,TXN00009172,USR96970,MCH9291,,,880.82,DUPLICATE_PROCESSING,IN_PROGRESS,,,False,MEDIUM,IVR
CBK0000878,TXN00017227,USR23617,MCH9290,,,2799.72,DUPLICATE_PROCESSING,IN_PROGRESS,,,False,HIGH,CHATBOT
CBK0000879,TXN00018041,USR59366,MCH6145,,,479.19,FRAUD_OR_ATO,IN_PROGRESS,,,False,LOW,IVR
CBK0000880,TXN00018703,USR63444,MCH2434,2026-01-31 00:00:00,,0.15,MERCHANT_OR_DELIVERY_ISSUE,IN_PROGRESS,2026-02-21 16:50:46,,False,CRITICAL,BRANCH
CBK0000881,TXN00009647,USR95891,MCH5076,,,,MERCHANT_OR_DELIVERY_ISSUE,IN_PROGRESS,,,False,MEDIUM,IVR
CBK0000882,TXN00018975,USR38277,MCH9872,,,701.39,GENERAL_DISPUTE,CLOSED,,,False,HIGH,IVR
CBK0000883,TXN00009806,USR94655,MCH5279,,,3825.17,FRAUD_OR_ATO,OPEN,,,False,LOW,IVR
CBK0000884,TXN00014060,USR97772,MCH9069,,,613.53,MERCHANT_OR_DELIVERY_ISSUE,REJECTED,,,False,CRITICAL,CHATBOT
CBK0000885,TXN00005367,USR25239,MCH2903,,,0.73,GENERAL_DISPUTE,RESOLVED,,,False,LOW,IVR
CBK0000886,TXN00012882,USR83501,MCH3412,,2026-01-15 10:24:32,1791.89,GENERAL_DISPUTE,RESOLVED,,,False,MEDIUM,CHATBOT
CBK0000887,TXN00005845,USR53491,MCH4767,,,,GENERAL_DISPUTE,IN_PROGRESS,,,False,CRITICAL,CHATBOT
CBK0000888,TXN00015372,USR10047,MCH6850,2026-02-12 00:00:00,,1341.86,AMOUNT_MISMATCH,IN_PROGRESS,,,False,CRITICAL,CHATBOT
CBK0000889,TXN00015963,USR97266,MCH6752,,2026-01-22 00:00:00,0.34,FRAUD_OR_ATO,IN_PROGRESS,,,False,MEDIUM,IVR
CBK0000890,TXN81593,USR53996,MCH6810,,2026-02-01 01:35:11,5676.76,FRAUD_OR_ATO,REJECTED,,,False,MEDIUM,CHATBOT
CBK0000891,TXN00017408,USR10307,MCH7766,,,836.19,MERCHANT_OR_DELIVERY_ISSUE,IN_PROGRESS,,,False,LOW,EMAIL
CBK0000892,TXN00019345,USR99727,MCH8400,,2026-03-06 00:00:00,393.4,FRAUD_OR_ATO,IN_PROGRESS,,,False,MEDIUM,BRANCH
CBK0000893,TXN00017214,USR89151,MCH7710,,,1267.1,FRAUD_OR_ATO,IN_PROGRESS,,,False,MEDIUM,EMAIL
CBK0000894,TXN00015855,USR95334,MCH6372,,,0.65,DUPLICATE_PROCESSING,IN_PROGRESS,,,False,LOW,APP
CBK0000895,TXN00007313,USR93581,MCH5980,,,802.19,MERCHANT_OR_DELIVERY_ISSUE,IN_PROGRESS,,,False,HIGH,APP
CBK0000896,TXN00014731,USR29803,MCH7761,,,4988.8,MERCHANT_OR_DELIVERY_ISSUE,REJECTED,,,False,MEDIUM,APP
CBK0000897,UNKNOWN_TXN,USR78326,MCH2266,,,1390.61,DUPLICATE_PROCESSING,CLOSED,,,False,LOW,BRANCH
CBK0000898,TXN00012927,USR52234,MCH5076,2026-03-11 00:00:00,2026-03-22 00:00:00,10469.4,FRAUD_OR_ATO,REJECTED,,,False,MEDIUM,CHATBOT
CBK0000899,TXN00019564,USR29187,MCH8779,,,17075.88,DUPLICATE_PROCESSING,IN_PROGRESS,2026-04-04 08:18:37,,False,LOW,EMAIL
CBK0000900,TXN00012289,USR71316,MCH8769,,,5071.86,FRAUD_OR_ATO,RESOLVED,,,False,LOW,CHATBOT
CBK0000901,TXN00012155,USR12240,MCH4226,,,348.42,GENERAL_DISPUTE,IN_PROGRESS,2026-03-12 15:39:05,,False,MEDIUM,APP
CBK0000902,TXN00019180,USR18416,MCH3100,,2026-03-04 08:02:37,0.16,MERCHANT_OR_DELIVERY_ISSUE,IN_PROGRESS,,,False,HIGH,BRANCH
CBK0000903,TXN00009145,USR87189,MCH8391,,,1922.11,FRAUD_OR_ATO,IN_PROGRESS,2026-01-19 18:38:44,,False,LOW,IVR
CBK0000904,UNKNOWN_TXN,USR46902,MCH9120,,,,AMOUNT_MISMATCH,IN_PROGRESS,,,False,LOW,CHATBOT
CBK0000905,TXN00003495,USR37693,MCH8091,,2026-02-08 00:07:18,2983.97,MERCHANT_OR_DELIVERY_ISSUE,IN_PROGRESS,,,False,LOW,EMAIL
CBK0000906,TXN00009979,USR59679,MCH6645,,,876.91,FRAUD_OR_ATO,REJECTED,,,False,MEDIUM,APP
CBK0000907,TXN00018961,USR73332,MCH5096,,,0.41,FRAUD_OR_ATO,RESOLVED,,,False,LOW,IVR
CBK0000908,TXN00002368,USR71714,MCH9717,,,4581.54,MERCHANT_OR_DELIVERY_ISSUE,IN_PROGRESS,2026-03-07 19:24:52,,False,LOW,CHATBOT
CBK0000909,TXN00006059,USR60322,MCH5605,,2026-02-23 00:00:00,11598.12,DUPLICATE_PROCESSING,IN_PROGRESS,,,False,MEDIUM,CALL CENTER
CBK0000910,TXN00010888,USR26595,MCH8921,,,925.14,AMOUNT_MISMATCH,CLOSED,2026-02-08 19:55:18,,False,LOW,CHATBOT
CBK0000911,TXN00002114,USR52444,MCH1797,,,4126.61,FRAUD_OR_ATO,REJECTED,,,False,LOW,BRANCH
CBK0000912,TXN00017717,USR72474,MCH8508,,,24414.54,GENERAL_DISPUTE,OPEN,,,False,LOW,EMAIL
CBK0000913,TXN00004115,USR85406,MCH2832,,,1495.6,FRAUD_OR_ATO,REJECTED,,,False,MEDIUM,IVR
CBK0000914,TXN00001042,USR12183,MCH7351,2026-03-02 00:00:00,,1526.17,FRAUD_OR_ATO,IN_PROGRESS,,,False,HIGH,BRANCH
CBK0000915,TXN00012512,USR69408,MCH6683,,,0.32,DUPLICATE_PROCESSING,REJECTED,,,False,MEDIUM,EMAIL
CBK0000916,TXN00017437,USR25761,MCH9926,2026-01-11 00:00:00,,,FRAUD_OR_ATO,IN_PROGRESS,,,False,MEDIUM,APP
CBK0000917,TXN00010215,USR71348,MCH2938,,,6899.7,MERCHANT_OR_DELIVERY_ISSUE,IN_PROGRESS,,,False,MEDIUM,CHATBOT
CBK0000918,UNKNOWN_TXN,USR24555,MCH7951,2026-01-04 12:35:38,,1207.12,DUPLICATE_PROCESSING,IN_PROGRESS,,,False,HIGH,IVR
CBK0000919,TXN00004956,USR26890,MCH9891,2026-03-15 09:36:34,2026-03-18 00:00:00,1752.77,GENERAL_DISPUTE,REJECTED,2026-03-22 19:36:34,4.0,False,MEDIUM,IVR
CBK0000920,TXN00000546,USR20076,MCH2383,,,427.33,AMOUNT_MISMATCH,IN_PROGRESS,,,False,LOW,APP
CBK0000921,TXN00009757,USR21384,MCH6474,,2026-02-17 09:48:37,,AMOUNT_MISMATCH,REJECTED,,,False,LOW,BRANCH
CBK0000922,TXN00018185,USR61372,MCH8331,2026-02-27 00:00:00,,0.66,MERCHANT_OR_DELIVERY_ISSUE,OPEN,,,False,CRITICAL,EMAIL
CBK0000923,TXN94657,USR35229,MCH1505,,,0.26,AMOUNT_MISMATCH,CLOSED,,,False,HIGH,BRANCH
CBK0000924,TXN00003076,USR28031,MCH8603,,,0.34,GENERAL_DISPUTE,IN_PROGRESS,,,False,MEDIUM,APP
CBK0000925,TXN00001097,USR67142,MCH4883,,,4816.91,MERCHANT_OR_DELIVERY_ISSUE,RESOLVED,,,False,MEDIUM,IVR
CBK0000926,TXN00019409,USR27947,MCH3416,2026-02-18 00:00:00,,756.59,DUPLICATE_PROCESSING,IN_PROGRESS,,,False,MEDIUM,BRANCH
CBK0000927,TXN00014638,USR14035,MCH9573,,2026-03-13 17:36:25,10765.79,MERCHANT_OR_DELIVERY_ISSUE,OPEN,,,False,HIGH,CHATBOT
CBK0000928,TXN00008356,USR74115,MCH9582,,,,MERCHANT_OR_DELIVERY_ISSUE,CLOSED,2026-03-17 17:43:22,,False,MEDIUM,CHATBOT
CBK0000929,TXN00014710,USR38547,MCH5541,2026-01-23 13:11:04,2026-02-03 12:11:04,3089.13,FRAUD_OR_ATO,OPEN,,,False,MEDIUM,IVR
CBK0000930,TXN00014399,USR39029,MCH4790,,,388.39,MERCHANT_OR_DELIVERY_ISSUE,IN_PROGRESS,,,False,MEDIUM,APP
CBK0000931,TXN00005802,USR60098,MCH6474,,,964.98,FRAUD_OR_ATO,OPEN,2026-02-04 05:01:06,,False,MEDIUM,IVR
CBK0000932,TXN00003371,USR26201,MCH2614,,,737.83,FRAUD_OR_ATO,IN_PROGRESS,,,False,LOW,CALL CENTER
CBK0000933,TXN00010810,USR57890,MCH9602,,2026-03-16 20:04:58,836.2,FRAUD_OR_ATO,CLOSED,,,False,MEDIUM,IVR
CBK0000934,TXN00014323,USR66946,MCH6810,,,8749.79,MERCHANT_OR_DELIVERY_ISSUE,REJECTED,2026-01-23 08:09:17,,False,LOW,IVR
CBK0000935,TXN00017209,USR91820,MCH5221,,,1552.09,DUPLICATE_PROCESSING,CLOSED,,,False,MEDIUM,EMAIL
CBK0000936,TXN00008546,USR92782,MCH9921,,2026-02-08 00:00:00,936.49,GENERAL_DISPUTE,RESOLVED,,,False,LOW,CHATBOT
CBK0000937,TXN00009444,USR22327,MCH5615,,,855.85,GENERAL_DISPUTE,OPEN,,,False,MEDIUM,APP
CBK0000938,TXN00011273,USR80424,MCH1874,,,1062.27,MERCHANT_OR_DELIVERY_ISSUE,RESOLVED,,,False,CRITICAL,BRANCH
CBK0000939,TXN00009825,USR24660,MCH9618,2026-03-26 00:00:00,,0.31,GENERAL_DISPUTE,RESOLVED,,,False,LOW,BRANCH
CBK0000940,TXN00012142,USR51720,MCH2099,,2026-03-20 00:00:00,355.28,DUPLICATE_PROCESSING,RESOLVED,,,False,HIGH,EMAIL
CBK0000941,TXN00016470,USR14844,MCH2266,,2026-01-10 09:49:36,1994.56,MERCHANT_OR_DELIVERY_ISSUE,OPEN,,,False,HIGH,EMAIL
CBK0000942,TXN00000964,USR78941,MCH3992,2026-03-29 15:18:17,,2761.55,DUPLICATE_PROCESSING,RESOLVED,,,False,LOW,IVR
CBK0000943,TXN00005379,USR79175,MCH8672,,,318.82,FRAUD_OR_ATO,RESOLVED,,,False,HIGH,BRANCH
CBK0000944,TXN00005837,USR50434,MCH6459,,,438.11,DUPLICATE_PROCESSING,REJECTED,,,False,LOW,CALL CENTER
CBK0000945,TXN00003565,USR46365,MCH4473,,,1723.81,FRAUD_OR_ATO,REJECTED,2026-04-08 03:51:15,,False,HIGH,BRANCH
CBK0000946,TXN00013141,USR22644,MCH9193,,,7638.7,FRAUD_OR_ATO,IN_PROGRESS,,,False,CRITICAL,EMAIL
CBK0000947,TXN00013726,USR83095,MCH5410,,,6019.31,DUPLICATE_PROCESSING,IN_PROGRESS,,,False,HIGH,BRANCH
CBK0000948,TXN00019010,USR39487,MCH7891,2026-02-18 00:00:00,,983.91,FRAUD_OR_ATO,IN_PROGRESS,,,False,LOW,EMAIL
CBK0000949,UNKNOWN_TXN,USR50783,MCH9233,,,7400.39,MERCHANT_OR_DELIVERY_ISSUE,IN_PROGRESS,,,False,MEDIUM,IVR
CBK0000950,TXN00016469,USR13599,MCH6400,,,1313.4,FRAUD_OR_ATO,IN_PROGRESS,,,False,HIGH,CHATBOT
CBK0000951,TXN00000025,USR43827,MCH5400,,,1302.18,MERCHANT_OR_DELIVERY_ISSUE,CLOSED,,,False,LOW,APP
CBK0000952,TXN00013323,USR46902,MCH2064,,,1986.27,MERCHANT_OR_DELIVERY_ISSUE,OPEN,,,False,MEDIUM,CALL CENTER
CBK0000953,TXN00011579,USR13025,MCH7570,,,0.42,MERCHANT_OR_DELIVERY_ISSUE,CLOSED,,,False,CRITICAL,CHATBOT
CBK0000954,TXN00009961,USR59679,MCH7079,2026-03-14 09:02:40,,983.39,GENERAL_DISPUTE,IN_PROGRESS,,,False,LOW,IVR
CBK0000955,UNKNOWN_TXN,USR66359,MCH2992,,,1214.33,MERCHANT_OR_DELIVERY_ISSUE,OPEN,,,False,LOW,IVR
CBK0000956,TXN00001028,USR76271,MCH9801,,,,MERCHANT_OR_DELIVERY_ISSUE,OPEN,,,False,MEDIUM,BRANCH
CBK0000957,TXN00010512,USR11315,MCH7352,,,2568.37,GENERAL_DISPUTE,IN_PROGRESS,,,False,MEDIUM,APP
CBK0000958,TXN00001617,USR30500,MCH8058,,,4597.83,GENERAL_DISPUTE,CLOSED,,,False,HIGH,APP
CBK0000959,TXN00011129,USR50320,MCH6319,2026-02-07 00:00:00,,4888.42,FRAUD_OR_ATO,CLOSED,,,False,MEDIUM,EMAIL
CBK0000960,TXN00012384,USR41135,MCH6810,,,461.01,FRAUD_OR_ATO,IN_PROGRESS,2026-05-06 07:01:38,,False,MEDIUM,IVR
CBK0000961,TXN00012729,USR13686,MCH2588,,,1232.87,MERCHANT_OR_DELIVERY_ISSUE,IN_PROGRESS,,,False,LOW,CALL CENTER
CBK0000962,UNKNOWN_TXN,USR21384,MCH8160,,,6282.15,FRAUD_OR_ATO,CLOSED,,,False,MEDIUM,CHATBOT
CBK0000963,TXN00003306,USR42884,MCH8953,,,2280.54,DUPLICATE_PROCESSING,IN_PROGRESS,2026-02-01 00:48:55,,False,MEDIUM,EMAIL
CBK0000964,TXN00002933,USR15536,MCH3177,,2026-01-27 00:00:00,1870.77,FRAUD_OR_ATO,RESOLVED,,,False,MEDIUM,BRANCH
CBK0000965,TXN00009897,USR16439,MCH2212,,,1827.19,AMOUNT_MISMATCH,REJECTED,,,False,HIGH,CALL CENTER
CBK0000966,TXN00008529,USR53527,MCH6984,,,3107.14,DUPLICATE_PROCESSING,IN_PROGRESS,,,False,HIGH,CHATBOT
CBK0000967,TXN00016890,USR11933,MCH4841,,2026-03-29 00:00:00,2406.47,DUPLICATE_PROCESSING,IN_PROGRESS,,,False,LOW,CHATBOT
CBK0000968,TXN00014316,USR84719,MCH9295,,,1017.0,MERCHANT_OR_DELIVERY_ISSUE,OPEN,,,False,LOW,EMAIL
CBK0000969,TXN00014162,USR45011,MCH6383,,,4363.63,MERCHANT_OR_DELIVERY_ISSUE,IN_PROGRESS,2026-03-19 11:52:22,,False,LOW,BRANCH
CBK0000970,TXN82870,USR36118,MCH1738,2026-01-29 00:00:00,,543.0,DUPLICATE_PROCESSING,CLOSED,,,False,LOW,CALL CENTER
CBK0000971,TXN00019356,USR80212,MCH2335,,,6782.66,FRAUD_OR_ATO,CLOSED,,,False,HIGH,IVR
CBK0000972,TXN00017157,USR27216,MCH1366,,,738.08,AMOUNT_MISMATCH,IN_PROGRESS,,,False,MEDIUM,BRANCH
CBK0000973,TXN00016040,USR25345,MCH3851,,,0.31,FRAUD_OR_ATO,IN_PROGRESS,,,False,LOW,IVR
CBK0000974,TXN00010092,USR70647,MCH6974,2026-03-16 00:00:00,,1533.39,FRAUD_OR_ATO,OPEN,,,False,LOW,IVR
CBK0000975,TXN00019717,USR22234,MCH4473,,,1122.85,GENERAL_DISPUTE,RESOLVED,,,False,LOW,IVR
CBK0000976,TXN00002141,USR96958,MCH6498,2026-01-23 00:00:00,,7027.39,MERCHANT_OR_DELIVERY_ISSUE,REJECTED,,,False,MEDIUM,EMAIL
CBK0000977,TXN00003072,USR68775,MCH5569,,2026-03-29 03:29:27,3800.57,MERCHANT_OR_DELIVERY_ISSUE,OPEN,,,False,LOW,BRANCH
CBK0000978,TXN00006792,USR48647,MCH5655,,,1704.54,DUPLICATE_PROCESSING,REJECTED,,,False,LOW,CALL CENTER
CBK0000979,TXN00015234,USR81644,MCH9875,,2026-02-10 00:00:00,10354.45,MERCHANT_OR_DELIVERY_ISSUE,IN_PROGRESS,2026-02-21 01:07:52,11.0,False,HIGH,CHATBOT
CBK0000980,TXN00014697,USR44745,MCH3674,,,4816.24,MERCHANT_OR_DELIVERY_ISSUE,RESOLVED,,,False,MEDIUM,CHATBOT
CBK0000981,TXN00009791,USR68023,MCH2433,2026-01-11 00:00:00,2026-01-14 00:00:00,807.97,DUPLICATE_PROCESSING,CLOSED,,,False,LOW,IVR
CBK0000982,TXN00011350,USR93171,MCH5785,,,188.6,MERCHANT_OR_DELIVERY_ISSUE,CLOSED,,,False,MEDIUM,IVR
CBK0000983,TXN59214,USR51720,MCH6740,,,0.2,GENERAL_DISPUTE,IN_PROGRESS,,,False,MEDIUM,APP
CBK0000984,TXN00019434,USR68023,MCH4473,2026-01-11 23:06:15,,7211.97,MERCHANT_OR_DELIVERY_ISSUE,OPEN,2026-01-20 16:06:15,,False,MEDIUM,EMAIL
CBK0000985,TXN00016633,USR50898,MCH3836,,,3329.74,FRAUD_OR_ATO,IN_PROGRESS,,,False,HIGH,CHATBOT
CBK0000986,TXN00011647,USR82322,MCH8172,,,8725.14,GENERAL_DISPUTE,IN_PROGRESS,,,False,HIGH,IVR
CBK0000987,TXN00003201,USR35236,MCH3555,,,993.95,FRAUD_OR_ATO,REJECTED,,,False,LOW,CHATBOT
CBK0000988,TXN00007940,USR74004,MCH2383,,,0.16,FRAUD_OR_ATO,CLOSED,,,False,HIGH,CHATBOT
CBK0000989,TXN00012972,USR33348,MCH5173,,2026-03-14 13:36:37,1647.57,FRAUD_OR_ATO,RESOLVED,,,False,CRITICAL,IVR
CBK0000990,TXN00010883,USR94792,MCH2338,,,2301.28,GENERAL_DISPUTE,CLOSED,,,False,CRITICAL,IVR
CBK0000991,TXN00016978,USR85967,MCH9642,,,0.39,GENERAL_DISPUTE,CLOSED,,,False,MEDIUM,IVR
CBK0000992,TXN00000272,USR31026,MCH2646,2026-01-03 12:44:24,,0.92,FRAUD_OR_ATO,IN_PROGRESS,,,False,MEDIUM,BRANCH
CBK0000993,TXN00007102,USR24926,MCH7286,,,11415.12,MERCHANT_OR_DELIVERY_ISSUE,IN_PROGRESS,,,False,MEDIUM,APP
CBK0000994,TXN00004395,USR71348,MCH2469,2026-03-30 00:00:00,2026-04-01 00:00:00,0.96,GENERAL_DISPUTE,IN_PROGRESS,,,False,MEDIUM,CALL CENTER
CBK0000995,TXN00005999,USR40639,MCH1381,,,3530.1,MERCHANT_OR_DELIVERY_ISSUE,IN_PROGRESS,,,False,LOW,CHATBOT
CBK0000996,TXN00000021,USR22644,MCH4473,,,1284.05,GENERAL_DISPUTE,REJECTED,,,False,LOW,CHATBOT
CBK0000997,TXN00004554,USR64865,MCH4157,,,2266.29,DUPLICATE_PROCESSING,OPEN,,,False,MEDIUM,EMAIL
CBK0000998,TXN00003928,USR14815,MCH1685,,,3481.55,DUPLICATE_PROCESSING,IN_PROGRESS,,,False,CRITICAL,EMAIL
CBK0000999,TXN00009812,USR25934,MCH4473,,,2069.51,GENERAL_DISPUTE,OPEN,,,False,LOW,CALL CENTER
CBK0001000,UNKNOWN_TXN,USR21798,MCH5980,,,0.72,GENERAL_DISPUTE,IN_PROGRESS,,,False,CRITICAL,CHATBOT
CBK0001001,TXN00011430,USR72135,MCH4504,,,1138.68,AMOUNT_MISMATCH,RESOLVED,,,False,MEDIUM,EMAIL
CBK0001002,TXN00015644,USR20239,MCH3815,2026-03-27 00:00:00,,4307.19,FRAUD_OR_ATO,IN_PROGRESS,,,False,MEDIUM,CHATBOT
CBK0001003,TXN00006075,USR31466,MCH8516,,,0.14,MERCHANT_OR_DELIVERY_ISSUE,IN_PROGRESS,,,False,CRITICAL,EMAIL
CBK0001004,TXN00001391,USR43520,MCH6140,,,1852.28,FRAUD_OR_ATO,OPEN,,,False,LOW,BRANCH
CBK0001005,TXN00006695,USR65902,MCH5655,,,1671.67,FRAUD_OR_ATO,IN_PROGRESS,,,False,MEDIUM,APP
CBK0001006,TXN00005755,USR95625,MCH4181,2026-03-29 16:15:15,2026-04-28 00:00:00,740.85,FRAUD_OR_ATO,IN_PROGRESS,,,False,MEDIUM,APP
CBK0001007,TXN00014381,USR51742,MCH7833,,,0.15,FRAUD_OR_ATO,RESOLVED,,,False,HIGH,CALL CENTER
CBK0001008,UNKNOWN_TXN,USR97772,MCH1074,,,1143.88,DUPLICATE_PROCESSING,RESOLVED,2026-01-23 02:52:41,,False,MEDIUM,IVR
CBK0001009,TXN00016326,USR34963,MCH9568,2026-03-13 00:00:00,,905.23,AMOUNT_MISMATCH,IN_PROGRESS,,,False,LOW,CHATBOT
CBK0001010,TXN00006755,USR73752,MCH7461,,,627.47,FRAUD_OR_ATO,IN_PROGRESS,,,False,LOW,CHATBOT
CBK0001011,TXN00016394,USR71985,MCH8514,2026-02-24 05:25:21,,,MERCHANT_OR_DELIVERY_ISSUE,OPEN,,,False,HIGH,CHATBOT
CBK0001012,TXN84920,USR51185,MCH2543,2026-03-23 00:00:00,,,GENERAL_DISPUTE,IN_PROGRESS,2026-04-19 20:35:21,,False,MEDIUM,EMAIL
CBK0001013,TXN96416,USR33841,MCH9291,,,5544.6,GENERAL_DISPUTE,IN_PROGRESS,,,False,MEDIUM,CALL CENTER
CBK0001014,TXN00005083,USR78215,MCH9892,,2026-01-31 14:31:24,0.45,MERCHANT_OR_DELIVERY_ISSUE,REJECTED,,,False,MEDIUM,EMAIL
CBK0001015,TXN00016813,USR32994,MCH3718,2026-03-06 17:47:01,,9012.82,DUPLICATE_PROCESSING,OPEN,,,False,HIGH,BRANCH
CBK0001016,TXN00018653,USR39211,MCH1376,,,2423.45,FRAUD_OR_ATO,REJECTED,,,False,LOW,CHATBOT
CBK0001017,TXN85757,USR56228,MCH8964,,,585.8,DUPLICATE_PROCESSING,REJECTED,,,False,CRITICAL,CHATBOT
CBK0001018,TXN00018348,USR13510,MCH1320,,2026-02-13 05:26:28,1207.49,FRAUD_OR_ATO,RESOLVED,,,False,LOW,APP
CBK0001019,TXN00010667,USR25121,MCH5175,,,276.61,GENERAL_DISPUTE,OPEN,,,False,LOW,EMAIL
CBK0001020,TXN84758,USR36590,MCH1368,,,,MERCHANT_OR_DELIVERY_ISSUE,OPEN,,,False,HIGH,IVR
CBK0001021,TXN00019145,USR95181,MCH9291,,,0.1,DUPLICATE_PROCESSING,OPEN,,,False,MEDIUM,BRANCH
CBK0001022,TXN00016644,USR60881,MCH7777,,2026-01-26 00:00:00,0.9,FRAUD_OR_ATO,RESOLVED,,,False,HIGH,CHATBOT
CBK0001023,TXN00007154,USR60699,MCH6910,,,3092.99,DUPLICATE_PROCESSING,REJECTED,,,False,LOW,CHATBOT
CBK0001024,TXN00012992,USR34053,MCH5076,,2026-04-02 00:00:00,1617.78,FRAUD_OR_ATO,IN_PROGRESS,,,False,LOW,BRANCH
CBK0001025,TXN00015661,USR47242,MCH1664,2026-01-20 00:00:00,,1840.53,DUPLICATE_PROCESSING,OPEN,,,False,HIGH,CHATBOT
CBK0001026,TXN00009371,USR52820,MCH8391,,,,FRAUD_OR_ATO,IN_PROGRESS,,,False,CRITICAL,IVR
CBK0001027,TXN00002451,USR57852,MCH2510,,,224.97,FRAUD_OR_ATO,RESOLVED,,,False,MEDIUM,CALL CENTER
CBK0001028,TXN00007136,USR67087,MCH5446,,,6758.4,DUPLICATE_PROCESSING,IN_PROGRESS,,,False,LOW,CALL CENTER
CBK0001029,TXN00007595,USR85146,MCH5954,,2026-04-03 06:18:10,0.16,DUPLICATE_PROCESSING,OPEN,,,False,MEDIUM,CHATBOT
CBK0001030,TXN00015761,USR84665,MCH9176,,,1091.95,AMOUNT_MISMATCH,IN_PROGRESS,,,False,LOW,BRANCH
CBK0001031,TXN00018504,USR95238,MCH8391,2026-02-19 00:00:00,,2887.1,FRAUD_OR_ATO,RESOLVED,,,False,LOW,CALL CENTER
CBK0001032,TXN00015474,USR75327,MCH6425,,,879.08,MERCHANT_OR_DELIVERY_ISSUE,RESOLVED,,,False,MEDIUM,CHATBOT
CBK0001033,TXN00004562,USR35882,MCH9511,,,2226.56,AMOUNT_MISMATCH,IN_PROGRESS,,,False,HIGH,CHATBOT
CBK0001034,TXN00017915,USR65211,MCH7357,,,1532.42,MERCHANT_OR_DELIVERY_ISSUE,REJECTED,2026-03-07 06:28:19,,False,MEDIUM,IVR
CBK0001035,TXN00012639,USR38128,MCH9737,,2026-01-20 00:00:00,3681.26,AMOUNT_MISMATCH,IN_PROGRESS,,,False,HIGH,CALL CENTER
CBK0001036,TXN00015494,USR80517,MCH8983,,2026-01-29 00:00:00,1459.8,FRAUD_OR_ATO,REJECTED,,,False,CRITICAL,IVR
CBK0001037,TXN98409,USR20076,MCH8779,,,645.47,DUPLICATE_PROCESSING,OPEN,,,False,HIGH,BRANCH
CBK0001038,TXN00005386,USR82091,MCH1514,,,2597.6,GENERAL_DISPUTE,IN_PROGRESS,,,False,MEDIUM,APP
CBK0001039,TXN00010686,USR79207,MCH7408,,,0.14,DUPLICATE_PROCESSING,REJECTED,,,False,CRITICAL,APP
CBK0001040,TXN00011260,USR65545,MCH7882,,,292.66,FRAUD_OR_ATO,REJECTED,,,False,MEDIUM,BRANCH
CBK0001041,TXN00010337,USR26761,MCH7733,2026-01-05 00:00:00,,0.22,FRAUD_OR_ATO,IN_PROGRESS,,,False,LOW,CHATBOT
CBK0001042,TXN00008638,USR63231,MCH1737,,,1056.33,MERCHANT_OR_DELIVERY_ISSUE,OPEN,,,False,LOW,BRANCH
CBK0001043,TXN00017300,USR36485,MCH4326,2026-02-14 17:44:04,,2554.87,DUPLICATE_PROCESSING,IN_PROGRESS,,,False,HIGH,BRANCH
CBK0001044,TXN00017041,USR46644,MCH2822,,,768.89,FRAUD_OR_ATO,IN_PROGRESS,,,False,HIGH,CHATBOT
CBK0001045,TXN00010810,USR65507,MCH7833,2026-03-07 00:00:00,,541.11,MERCHANT_OR_DELIVERY_ISSUE,OPEN,,,False,MEDIUM,IVR
CBK0001046,TXN00007145,USR24536,MCH5712,2026-02-02 00:00:00,,5884.78,FRAUD_OR_ATO,OPEN,,,False,LOW,CHATBOT
CBK0001047,TXN00016988,USR13912,MCH5655,2026-02-25 00:00:00,,,DUPLICATE_PROCESSING,REJECTED,,,False,MEDIUM,CALL CENTER
CBK0001048,TXN00006989,USR32480,MCH4181,,2026-04-02 00:00:00,1796.19,FRAUD_OR_ATO,IN_PROGRESS,,,False,MEDIUM,IVR
CBK0001049,TXN00019810,USR21832,MCH3020,,,2801.1,FRAUD_OR_ATO,RESOLVED,,,False,HIGH,EMAIL
CBK0001050,TXN00010429,USR33397,MCH2522,,,4066.0,DUPLICATE_PROCESSING,IN_PROGRESS,2026-05-16 04:21:08,,False,LOW,IVR
CBK0001051,TXN00007915,USR14299,MCH2383,,2026-03-13 00:00:00,1789.71,FRAUD_OR_ATO,RESOLVED,,,False,CRITICAL,CALL CENTER
CBK0001052,TXN00015908,USR77900,MCH5264,,2026-01-31 09:49:28,0.54,GENERAL_DISPUTE,IN_PROGRESS,,,False,MEDIUM,BRANCH
CBK0001053,TXN00012989,USR53359,MCH4181,2026-02-22 00:00:00,2026-02-28 09:07:48,2439.31,GENERAL_DISPUTE,IN_PROGRESS,,,False,LOW,BRANCH
CBK0001054,TXN00003450,USR95613,MCH4039,,,4925.7,MERCHANT_OR_DELIVERY_ISSUE,IN_PROGRESS,,,False,HIGH,IVR
CBK0001055,TXN00016717,USR80656,MCH8828,,,3272.08,MERCHANT_OR_DELIVERY_ISSUE,OPEN,2026-02-16 15:46:43,,False,MEDIUM,CALL CENTER
CBK0001056,TXN00017995,USR83697,MCH7555,,2026-03-27 02:11:24,1918.51,FRAUD_OR_ATO,RESOLVED,,,False,MEDIUM,IVR
CBK0001057,TXN00013162,USR95375,MCH1477,2026-03-28 00:00:00,,0.32,GENERAL_DISPUTE,IN_PROGRESS,,,False,MEDIUM,APP
CBK0001058,TXN00008405,USR25902,MCH8556,,,1446.29,FRAUD_OR_ATO,REJECTED,,,False,HIGH,CHATBOT
CBK0001059,TXN00009260,USR29465,MCH3341,,,5136.75,DUPLICATE_PROCESSING,OPEN,2026-02-06 23:34:05,,False,LOW,BRANCH
CBK0001060,TXN00004377,USR65291,MCH5076,,,6954.75,GENERAL_DISPUTE,IN_PROGRESS,,,False,LOW,CHATBOT
CBK0001061,TXN00007622,USR22939,MCH5921,,,494.63,FRAUD_OR_ATO,CLOSED,,,False,LOW,IVR
CBK0001062,TXN00012810,USR43890,MCH7683,2026-01-26 00:00:00,,,DUPLICATE_PROCESSING,OPEN,,,False,LOW,IVR
CBK0001063,TXN00000271,USR23350,MCH6258,,2026-03-18 00:00:00,16937.48,FRAUD_OR_ATO,IN_PROGRESS,,,False,MEDIUM,IVR
CBK0001064,TXN00016822,USR40162,MCH1101,,,3058.22,FRAUD_OR_ATO,IN_PROGRESS,,,False,LOW,CHATBOT
CBK0001065,TXN00018250,USR21407,MCH5172,,,4835.58,FRAUD_OR_ATO,CLOSED,,,False,LOW,IVR
CBK0001066,TXN00015023,USR41036,MCH5655,,2026-02-02 00:00:00,946.63,MERCHANT_OR_DELIVERY_ISSUE,IN_PROGRESS,,,False,HIGH,IVR
CBK0001067,TXN00000175,USR32382,MCH4962,,,1092.58,AMOUNT_MISMATCH,RESOLVED,,,False,HIGH,IVR
CBK0001068,TXN00011141,USR85237,MCH9377,2026-01-13 20:39:53,,1466.29,MERCHANT_OR_DELIVERY_ISSUE,CLOSED,,,False,MEDIUM,IVR
CBK0001069,TXN72059,USR75081,MCH7509,,,1209.0,FRAUD_OR_ATO,IN_PROGRESS,,,False,MEDIUM,CHATBOT
CBK0001070,TXN00006138,USR72463,MCH7131,,,486.96,FRAUD_OR_ATO,CLOSED,,,False,LOW,IVR
CBK0001071,TXN00005413,USR85761,MCH3171,,,,DUPLICATE_PROCESSING,IN_PROGRESS,,,False,MEDIUM,CHATBOT
CBK0001072,TXN00006554,USR20930,MCH7833,,,4172.97,MERCHANT_OR_DELIVERY_ISSUE,IN_PROGRESS,2026-03-04 00:59:16,,False,MEDIUM,EMAIL
CBK0001073,TXN00004089,USR33934,MCH1529,,,493.48,GENERAL_DISPUTE,RESOLVED,,,False,LOW,CALL CENTER
CBK0001074,TXN00016035,USR30137,MCH4252,,,2162.74,DUPLICATE_PROCESSING,OPEN,,,False,MEDIUM,BRANCH
CBK0001075,TXN00013358,USR12571,MCH7477,,,2097.39,MERCHANT_OR_DELIVERY_ISSUE,REJECTED,,,False,LOW,CHATBOT
CBK0001076,TXN00014751,USR40036,MCH9461,,2026-01-16 00:00:00,1337.67,DUPLICATE_PROCESSING,IN_PROGRESS,,,False,MEDIUM,CHATBOT
CBK0001077,TXN00009149,USR88897,MCH5127,,,2970.62,FRAUD_OR_ATO,REJECTED,,,False,CRITICAL,EMAIL
CBK0001078,TXN00001209,USR19922,MCH6850,,,2704.46,MERCHANT_OR_DELIVERY_ISSUE,IN_PROGRESS,,,False,MEDIUM,CHATBOT
CBK0001079,TXN00012253,USR87914,MCH5542,,2026-03-07 00:00:00,1245.84,MERCHANT_OR_DELIVERY_ISSUE,IN_PROGRESS,,,False,CRITICAL,CALL CENTER
CBK0001080,TXN00014582,USR75735,MCH7856,,,,FRAUD_OR_ATO,IN_PROGRESS,,,False,HIGH,APP
CBK0001081,TXN00019947,USR35882,MCH7833,,,3167.22,FRAUD_OR_ATO,IN_PROGRESS,,,False,MEDIUM,EMAIL
CBK0001082,TXN00019971,USR97244,MCH7766,,,8720.88,FRAUD_OR_ATO,CLOSED,2026-04-01 03:53:01,,False,LOW,BRANCH
CBK0001083,TXN00012710,USR93300,MCH8278,2026-03-31 09:56:13,,1691.84,MERCHANT_OR_DELIVERY_ISSUE,IN_PROGRESS,,,False,LOW,CALL CENTER
CBK0001084,TXN00017437,USR13933,MCH2265,2026-01-17 10:41:08,,0.13,GENERAL_DISPUTE,IN_PROGRESS,,,False,MEDIUM,CHATBOT
CBK0001085,TXN00007125,USR27848,MCH8555,,,1467.82,MERCHANT_OR_DELIVERY_ISSUE,IN_PROGRESS,,,False,CRITICAL,CHATBOT
CBK0001086,TXN00019525,USR21162,MCH3992,,2026-01-14 08:32:01,5874.15,GENERAL_DISPUTE,IN_PROGRESS,,,False,LOW,CALL CENTER
CBK0001087,TXN00014733,USR20889,MCH5264,,,1558.23,MERCHANT_OR_DELIVERY_ISSUE,IN_PROGRESS,,,False,HIGH,CALL CENTER
CBK0001088,TXN00012038,USR14244,MCH5655,,,,DUPLICATE_PROCESSING,CLOSED,,,False,LOW,EMAIL
CBK0001089,TXN00006872,USR78604,MCH7810,,,,MERCHANT_OR_DELIVERY_ISSUE,IN_PROGRESS,,,False,LOW,IVR
CBK0001090,TXN00016195,USR85787,MCH4442,2026-03-11 00:00:00,,0.47,MERCHANT_OR_DELIVERY_ISSUE,OPEN,,,False,LOW,BRANCH
CBK0001091,TXN00003670,USR12026,MCH4593,,,2583.29,DUPLICATE_PROCESSING,REJECTED,,,False,LOW,EMAIL
CBK0001092,TXN00015253,USR50458,MCH4725,,,1700.27,MERCHANT_OR_DELIVERY_ISSUE,IN_PROGRESS,,,False,LOW,CHATBOT
CBK0001093,UNKNOWN_TXN,USR43765,MCH9369,,,1407.25,AMOUNT_MISMATCH,OPEN,,,False,MEDIUM,IVR
CBK0001094,TXN00017457,USR13306,MCH4473,,,,DUPLICATE_PROCESSING,IN_PROGRESS,,,False,LOW,CALL CENTER
CBK0001095,TXN00015316,USR86750,MCH5980,2026-01-12 00:00:00,,930.83,GENERAL_DISPUTE,OPEN,,,False,HIGH,BRANCH
CBK0001096,TXN00019163,USR72047,MCH3308,,,1202.2,DUPLICATE_PROCESSING,RESOLVED,,,False,HIGH,IVR
CBK0001097,UNKNOWN_TXN,USR34204,MCH5980,,,2968.29,AMOUNT_MISMATCH,REJECTED,,,False,MEDIUM,IVR
CBK0001098,TXN00006667,USR54912,MCH4734,,,4240.52,MERCHANT_OR_DELIVERY_ISSUE,IN_PROGRESS,,,False,LOW,CHATBOT
CBK0001099,TXN00011289,USR94570,MCH4545,,2026-02-04 00:00:00,0.3,FRAUD_OR_ATO,CLOSED,,,False,CRITICAL,IVR
CBK0001100,TXN58495,USR57427,MCH5101,,,543.72,DUPLICATE_PROCESSING,REJECTED,,,False,HIGH,CHATBOT
CBK0001101,TXN00002219,USR11618,MCH1518,2026-03-15 00:00:00,,3127.19,MERCHANT_OR_DELIVERY_ISSUE,OPEN,,,False,HIGH,CHATBOT
CBK0001102,TXN00011957,USR73976,MCH5980,,,3402.48,FRAUD_OR_ATO,OPEN,,,False,LOW,IVR
CBK0001103,TXN00006537,USR64942,MCH8349,,,0.42,GENERAL_DISPUTE,IN_PROGRESS,,,False,MEDIUM,IVR
CBK0001104,TXN00007230,USR60004,MCH8097,,,4334.18,FRAUD_OR_ATO,RESOLVED,,,False,CRITICAL,APP
CBK0001105,TXN00019695,USR34180,MCH6310,,,1782.96,DUPLICATE_PROCESSING,OPEN,,,False,MEDIUM,CHATBOT
CBK0001106,TXN81951,USR84942,MCH2073,,,3816.43,FRAUD_OR_ATO,IN_PROGRESS,,,False,MEDIUM,BRANCH
CBK0001107,TXN44609,USR77130,MCH2757,,,771.44,GENERAL_DISPUTE,RESOLVED,,,False,MEDIUM,APP
CBK0001108,TXN00002909,USR19725,MCH3152,,,450.33,FRAUD_OR_ATO,CLOSED,2026-04-05 09:32:45,,False,LOW,EMAIL
CBK0001109,TXN00008405,USR77137,MCH8779,,2026-02-20 00:00:00,1327.89,DUPLICATE_PROCESSING,CLOSED,,,False,MEDIUM,APP
CBK0001110,TXN00013301,USR82155,MCH9291,2026-03-27 08:05:22,,,FRAUD_OR_ATO,RESOLVED,,,False,HIGH,CHATBOT
CBK0001111,TXN00009206,USR23400,MCH6695,,,0.13,MERCHANT_OR_DELIVERY_ISSUE,OPEN,,,False,HIGH,CALL CENTER
CBK0001112,TXN00013744,USR34212,MCH5076,,,1223.91,FRAUD_OR_ATO,CLOSED,,,False,HIGH,CALL CENTER
CBK0001113,TXN00011228,USR47724,MCH3600,,,9827.0,FRAUD_OR_ATO,IN_PROGRESS,,,False,LOW,IVR
CBK0001114,TXN00004265,USR40538,MCH7833,,,330.36,MERCHANT_OR_DELIVERY_ISSUE,IN_PROGRESS,,,False,LOW,CHATBOT
CBK0001115,TXN00018481,USR96362,MCH8953,,,776.76,MERCHANT_OR_DELIVERY_ISSUE,REJECTED,,,False,MEDIUM,IVR
CBK0001116,TXN80108,USR56399,MCH3406,,,1189.65,MERCHANT_OR_DELIVERY_ISSUE,IN_PROGRESS,,,False,HIGH,IVR
CBK0001117,TXN00012679,USR13963,MCH3522,,,1851.93,DUPLICATE_PROCESSING,IN_PROGRESS,,,False,MEDIUM,APP
CBK0001118,TXN63034,USR93926,MCH9036,,,3681.27,FRAUD_OR_ATO,IN_PROGRESS,,,False,HIGH,CHATBOT
CBK0001119,TXN00013564,USR13165,MCH8547,2026-01-04 00:00:00,2026-01-04 19:22:27,4295.67,MERCHANT_OR_DELIVERY_ISSUE,IN_PROGRESS,,,False,MEDIUM,CALL CENTER
CBK0001120,TXN00004989,USR96958,MCH5208,,,5305.63,GENERAL_DISPUTE,IN_PROGRESS,,,False,MEDIUM,CHATBOT
CBK0001121,TXN00005396,USR14769,MCH8455,,,2926.18,FRAUD_OR_ATO,OPEN,,,False,MEDIUM,EMAIL
CBK0001122,TXN00015275,USR61052,MCH8979,,2026-03-13 16:27:48,320.53,MERCHANT_OR_DELIVERY_ISSUE,REJECTED,2026-04-11 16:27:48,29.0,True,MEDIUM,IVR
CBK0001123,TXN00003494,USR31366,MCH5980,,,342.28,GENERAL_DISPUTE,RESOLVED,,,False,LOW,IVR
CBK0001124,TXN00018122,USR11419,MCH9594,,,5694.69,DUPLICATE_PROCESSING,IN_PROGRESS,,,False,MEDIUM,APP
CBK0001125,TXN00011934,USR25357,MCH8928,,,,MERCHANT_OR_DELIVERY_ISSUE,CLOSED,2026-03-06 11:31:18,,False,MEDIUM,CALL CENTER
CBK0001126,TXN00007982,USR35882,MCH4473,,,3415.3,FRAUD_OR_ATO,CLOSED,,,False,HIGH,EMAIL
CBK0001127,TXN00017229,USR16037,MCH3572,,2026-02-28 00:00:00,796.1,MERCHANT_OR_DELIVERY_ISSUE,IN_PROGRESS,,,False,MEDIUM,EMAIL
CBK0001128,TXN00007988,USR69706,MCH2973,,,1309.6,FRAUD_OR_ATO,RESOLVED,,,False,LOW,IVR
CBK0001129,TXN00019231,USR32448,MCH5534,,,1213.34,GENERAL_DISPUTE,IN_PROGRESS,,,False,LOW,CHATBOT
CBK0001130,TXN00013293,USR64755,MCH3055,,,648.89,FRAUD_OR_ATO,OPEN,,,False,MEDIUM,APP
CBK0001131,UNKNOWN_TXN,USR67135,MCH5078,,,2342.67,FRAUD_OR_ATO,RESOLVED,2026-03-03 12:32:06,,False,MEDIUM,IVR
CBK0001132,TXN00019555,USR87956,MCH5062,2026-01-24 13:53:56,,15606.92,AMOUNT_MISMATCH,IN_PROGRESS,,,False,LOW,IVR
CBK0001133,TXN00004481,USR68023,MCH1494,,,1101.44,DUPLICATE_PROCESSING,REJECTED,,,False,CRITICAL,BRANCH
CBK0001134,TXN00017548,USR13243,MCH9359,,,6612.88,DUPLICATE_PROCESSING,RESOLVED,,,False,MEDIUM,IVR
CBK0001135,TXN00011148,USR73600,MCH2913,,2026-02-14 13:33:58,745.95,GENERAL_DISPUTE,OPEN,,,False,LOW,IVR
CBK0001136,TXN00008134,USR44953,MCH2383,,,388.91,GENERAL_DISPUTE,RESOLVED,,,False,MEDIUM,CHATBOT
CBK0001137,TXN00015627,USR35882,MCH8913,,,4853.7,GENERAL_DISPUTE,RESOLVED,2026-02-06 08:07:54,,False,MEDIUM,CHATBOT
CBK0001138,TXN00003160,USR93126,MCH7265,,2026-02-26 13:39:10,1452.71,MERCHANT_OR_DELIVERY_ISSUE,IN_PROGRESS,,,False,CRITICAL,BRANCH
CBK0001139,TXN00009825,USR93426,MCH6856,,,6446.22,DUPLICATE_PROCESSING,IN_PROGRESS,2026-03-23 14:42:18,,False,CRITICAL,APP
CBK0001140,TXN00004922,USR79175,MCH6652,2026-03-28 00:00:00,,,FRAUD_OR_ATO,CLOSED,2026-04-10 04:32:07,,False,MEDIUM,IVR
CBK0001141,TXN00005079,USR69201,MCH1384,,2026-02-24 11:45:21,1368.67,DUPLICATE_PROCESSING,IN_PROGRESS,,,False,HIGH,IVR
CBK0001142,TXN00013418,USR55881,MCH1320,,2026-01-15 00:00:00,6925.85,MERCHANT_OR_DELIVERY_ISSUE,CLOSED,,,False,MEDIUM,IVR
CBK0001143,TXN00010812,USR29995,MCH2068,,,752.91,DUPLICATE_PROCESSING,IN_PROGRESS,,,False,LOW,CHATBOT
CBK0001144,TXN00018387,USR76178,MCH1024,,,741.15,FRAUD_OR_ATO,OPEN,,,False,MEDIUM,CHATBOT
CBK0001145,TXN81933,USR63160,MCH9899,,,5283.13,MERCHANT_OR_DELIVERY_ISSUE,CLOSED,,,False,HIGH,IVR
CBK0001146,TXN00006160,USR11770,MCH4871,,2026-03-14 00:00:00,384.6,FRAUD_OR_ATO,IN_PROGRESS,,,False,MEDIUM,BRANCH
CBK0001147,TXN00002456,USR89588,MCH2614,,,1805.23,DUPLICATE_PROCESSING,IN_PROGRESS,,,False,LOW,CHATBOT
CBK0001148,TXN00009676,USR60032,MCH8953,,,,FRAUD_OR_ATO,RESOLVED,2026-03-02 08:39:23,,False,LOW,CHATBOT
CBK0001149,TXN00013355,USR52988,MCH1182,2026-03-27 10:20:15,2026-03-23 10:20:15,6746.58,GENERAL_DISPUTE,RESOLVED,,,False,LOW,CHATBOT
CBK0001150,TXN00007644,USR73279,MCH8154,,,1173.01,AMOUNT_MISMATCH,IN_PROGRESS,,,False,MEDIUM,CALL CENTER
CBK0001151,TXN00002195,USR98362,MCH1468,2026-03-30 22:38:33,,4960.35,FRAUD_OR_ATO,REJECTED,,,False,LOW,APP
CBK0001152,TXN00008504,USR31293,MCH1317,,2026-02-16 13:32:23,588.2,FRAUD_OR_ATO,IN_PROGRESS,2026-03-06 13:32:23,18.0,True,MEDIUM,BRANCH
CBK0001153,TXN00007272,USR23407,MCH9088,,,0.93,FRAUD_OR_ATO,IN_PROGRESS,2026-03-19 23:40:22,,False,HIGH,CHATBOT
CBK0001154,TXN00007949,USR61761,MCH5076,,2026-01-25 17:35:49,2276.53,FRAUD_OR_ATO,RESOLVED,,,False,LOW,IVR
CBK0001155,TXN00010146,USR94690,MCH3957,,,2637.93,FRAUD_OR_ATO,IN_PROGRESS,2026-02-23 06:16:42,,False,MEDIUM,IVR
CBK0001156,TXN00010478,USR27893,MCH7475,,,0.63,FRAUD_OR_ATO,IN_PROGRESS,,,False,LOW,CHATBOT
CBK0001157,TXN00018783,USR89151,MCH3001,,,11640.86,GENERAL_DISPUTE,IN_PROGRESS,,,False,LOW,APP
CBK0001158,TXN00016429,USR80809,MCH9349,,,276.59,MERCHANT_OR_DELIVERY_ISSUE,RESOLVED,2026-01-17 05:11:04,,False,MEDIUM,BRANCH
CBK0001159,TXN00004247,USR78862,MCH9098,2026-01-30 00:00:00,,1908.75,MERCHANT_OR_DELIVERY_ISSUE,IN_PROGRESS,,,False,MEDIUM,CHATBOT
CBK0001160,TXN00003861,USR23561,MCH9505,,,2199.33,FRAUD_OR_ATO,CLOSED,2026-03-16 14:14:20,,False,HIGH,APP
CBK0001161,TXN00004594,USR71825,MCH8679,,,315.15,FRAUD_OR_ATO,IN_PROGRESS,,,False,MEDIUM,APP
CBK0001162,TXN00012239,USR22644,MCH5296,,,0.68,DUPLICATE_PROCESSING,CLOSED,,,False,MEDIUM,CHATBOT
CBK0001163,TXN00015098,USR22550,MCH3992,,,862.23,AMOUNT_MISMATCH,IN_PROGRESS,2026-01-28 08:07:35,,False,LOW,EMAIL
CBK0001164,TXN00001699,USR11287,MCH1963,,,0.2,MERCHANT_OR_DELIVERY_ISSUE,CLOSED,,,False,LOW,IVR
CBK0001165,TXN00010766,USR24002,MCH2065,2026-01-01 23:56:29,,2510.0,DUPLICATE_PROCESSING,IN_PROGRESS,,,False,LOW,BRANCH
CBK0001166,TXN43861,USR73010,MCH8793,2026-01-27 00:00:00,,422.31,AMOUNT_MISMATCH,OPEN,,,False,HIGH,IVR
CBK0001167,TXN00007185,USR30821,MCH4473,2026-03-14 00:00:00,2026-03-15 00:00:00,,FRAUD_OR_ATO,CLOSED,2026-03-28 06:08:16,13.0,False,MEDIUM,IVR
CBK0001168,TXN00005941,USR56021,MCH1185,,,8630.24,DUPLICATE_PROCESSING,IN_PROGRESS,,,False,HIGH,EMAIL
CBK0001169,TXN00012596,USR40747,MCH2822,,,1692.85,FRAUD_OR_ATO,IN_PROGRESS,,,False,LOW,EMAIL
CBK0001170,TXN00012807,USR97772,MCH1838,,,0.12,MERCHANT_OR_DELIVERY_ISSUE,OPEN,,,False,LOW,IVR
CBK0001171,TXN00006955,USR26685,MCH3901,,2026-02-16 16:57:27,1336.86,FRAUD_OR_ATO,OPEN,,,False,LOW,CHATBOT
CBK0001172,TXN00000950,USR35692,MCH2757,2026-03-03 14:07:36,,1749.52,DUPLICATE_PROCESSING,REJECTED,,,False,LOW,EMAIL
CBK0001173,TXN00009905,USR98061,MCH4181,,,2251.54,FRAUD_OR_ATO,RESOLVED,2026-03-05 16:36:40,,False,MEDIUM,APP
CBK0001174,TXN00005857,USR50126,MCH4181,,,244.97,AMOUNT_MISMATCH,IN_PROGRESS,,,False,LOW,CHATBOT
CBK0001175,TXN61071,USR22543,MCH3116,2026-02-04 15:43:17,,,GENERAL_DISPUTE,IN_PROGRESS,,,False,CRITICAL,CHATBOT
CBK0001176,TXN00012064,USR50427,MCH3651,,2026-03-29 00:00:00,786.31,FRAUD_OR_ATO,IN_PROGRESS,,,False,MEDIUM,EMAIL
CBK0001177,TXN00004028,USR95524,MCH7017,,,0.23,AMOUNT_MISMATCH,IN_PROGRESS,,,False,HIGH,IVR
CBK0001178,TXN00014094,USR27804,MCH3932,,,2999.91,AMOUNT_MISMATCH,OPEN,2026-03-20 12:30:01,,False,MEDIUM,CHATBOT
CBK0001179,TXN00016521,USR36519,MCH9839,,,0.27,FRAUD_OR_ATO,IN_PROGRESS,,,False,LOW,EMAIL
CBK0001180,TXN00012133,USR84844,MCH6202,2026-02-01 07:09:49,2026-02-06 00:00:00,7361.16,GENERAL_DISPUTE,IN_PROGRESS,,,False,MEDIUM,CHATBOT
CBK0001181,TXN00009419,USR39500,MCH9291,,,16164.46,MERCHANT_OR_DELIVERY_ISSUE,IN_PROGRESS,,,False,LOW,IVR
CBK0001182,TXN00014058,USR96058,MCH5980,,,581.96,DUPLICATE_PROCESSING,OPEN,,,False,CRITICAL,IVR
CBK0001183,TXN00017897,USR88749,MCH7263,2026-01-25 00:00:00,,1234.0,GENERAL_DISPUTE,RESOLVED,,,False,MEDIUM,BRANCH
CBK0001184,TXN00010902,USR62254,MCH4226,2026-03-03 00:00:00,,3801.16,GENERAL_DISPUTE,REJECTED,,,False,MEDIUM,APP
CBK0001185,TXN00000818,USR41564,MCH5530,,,1592.73,MERCHANT_OR_DELIVERY_ISSUE,RESOLVED,,,False,LOW,BRANCH
CBK0001186,TXN00018221,USR54313,MCH9511,,2026-03-17 00:00:00,0.12,AMOUNT_MISMATCH,OPEN,,,False,LOW,BRANCH
CBK0001187,TXN00012133,USR31699,MCH5290,,,1491.37,FRAUD_OR_ATO,IN_PROGRESS,,,False,LOW,APP
CBK0001188,UNKNOWN_TXN,USR99905,MCH7881,,2026-02-20 00:00:00,6211.43,FRAUD_OR_ATO,CLOSED,2026-03-05 21:30:45,13.0,False,HIGH,IVR
CBK0001189,TXN00015243,USR90963,MCH4871,2026-02-14 13:48:33,,448.21,GENERAL_DISPUTE,REJECTED,2026-03-05 14:48:33,,False,MEDIUM,CHATBOT
CBK0001190,TXN00017091,USR51699,MCH7327,,,2254.1,FRAUD_OR_ATO,OPEN,2026-03-11 02:20:08,,False,HIGH,APP
CBK0001191,TXN00010675,USR42733,MCH1665,2026-01-23 19:46:20,2026-01-27 10:46:20,268.44,MERCHANT_OR_DELIVERY_ISSUE,IN_PROGRESS,,,False,MEDIUM,EMAIL
CBK0001192,UNKNOWN_TXN,USR17450,MCH6659,2026-03-24 09:19:34,,4315.76,FRAUD_OR_ATO,REJECTED,2026-04-30 20:19:34,,False,LOW,IVR
CBK0001193,TXN00014849,USR27328,MCH4912,,,0.23,DUPLICATE_PROCESSING,REJECTED,2026-02-09 00:04:06,,False,HIGH,BRANCH
CBK0001194,TXN00010450,USR85606,MCH3304,2026-01-20 13:36:47,2026-01-20 19:36:47,0.1,FRAUD_OR_ATO,IN_PROGRESS,,,False,MEDIUM,IVR
CBK0001195,TXN00001271,USR48486,MCH5327,,,0.12,MERCHANT_OR_DELIVERY_ISSUE,IN_PROGRESS,,,False,HIGH,CALL CENTER
CBK0001196,TXN00016378,USR64980,MCH2065,2026-02-28 14:57:09,,403.8,FRAUD_OR_ATO,OPEN,,,False,HIGH,CHATBOT
CBK0001197,TXN00006253,USR19220,MCH7286,2026-01-08 00:00:00,2026-01-10 00:00:00,0.5,GENERAL_DISPUTE,REJECTED,2026-01-20 14:43:26,10.0,False,MEDIUM,CHATBOT
CBK0001198,TXN00016001,USR34436,MCH2936,,,812.93,GENERAL_DISPUTE,OPEN,,,False,HIGH,CHATBOT
CBK0001199,TXN00005512,USR76915,MCH3815,,,2981.85,DUPLICATE_PROCESSING,IN_PROGRESS,,,False,LOW,CHATBOT
CBK0001200,TXN00008369,USR34652,MCH1854,,,690.97,FRAUD_OR_ATO,OPEN,,,False,MEDIUM,CALL CENTER
CBK0001201,TXN00014054,USR85014,MCH7286,,,,MERCHANT_OR_DELIVERY_ISSUE,CLOSED,,,False,LOW,CHATBOT
CBK0001202,TXN00005621,USR59000,MCH3815,,2026-03-19 21:25:48,0.86,GENERAL_DISPUTE,RESOLVED,,,False,LOW,CHATBOT
CBK0001203,TXN00014456,USR61761,MCH8619,,2026-02-28 02:46:45,14382.17,MERCHANT_OR_DELIVERY_ISSUE,IN_PROGRESS,,,False,LOW,IVR
CBK0001204,UNKNOWN_TXN,USR37435,MCH7058,,,16163.8,DUPLICATE_PROCESSING,REJECTED,,,False,MEDIUM,IVR
CBK0001205,TXN00000084,USR11916,MCH6850,,,958.61,FRAUD_OR_ATO,REJECTED,,,False,LOW,CHATBOT
CBK0001206,TXN00014973,USR48430,MCH4479,2026-02-17 19:55:56,2026-02-25 15:55:56,746.85,MERCHANT_OR_DELIVERY_ISSUE,RESOLVED,,,False,HIGH,CALL CENTER
CBK0001207,TXN00007505,USR33427,MCH5300,,,13713.48,DUPLICATE_PROCESSING,IN_PROGRESS,,,False,LOW,CHATBOT
CBK0001208,TXN00012998,USR22898,MCH2079,,2026-01-13 00:00:00,1570.15,FRAUD_OR_ATO,REJECTED,,,False,HIGH,BRANCH
CBK0001209,TXN00009348,USR59740,MCH4686,,,0.42,MERCHANT_OR_DELIVERY_ISSUE,IN_PROGRESS,2026-03-04 03:03:36,,False,HIGH,EMAIL
CBK0001210,TXN00014187,USR80504,MCH2456,2026-03-18 00:00:00,,0.97,FRAUD_OR_ATO,RESOLVED,,,False,LOW,CHATBOT
CBK0001211,UNKNOWN_TXN,USR53527,MCH4848,,,988.08,FRAUD_OR_ATO,OPEN,,,False,HIGH,APP
CBK0001212,TXN00010220,USR14892,MCH2296,,,4146.24,DUPLICATE_PROCESSING,RESOLVED,,,False,LOW,IVR
CBK0001213,TXN00017444,USR29137,MCH6278,2026-03-24 23:19:43,,252.18,FRAUD_OR_ATO,IN_PROGRESS,,,False,MEDIUM,CHATBOT
CBK0001214,TXN84117,USR58335,MCH8999,,2026-02-11 21:36:27,3956.74,MERCHANT_OR_DELIVERY_ISSUE,CLOSED,,,False,HIGH,BRANCH
CBK0001215,TXN00007445,USR46899,MCH9910,,,0.31,FRAUD_OR_ATO,RESOLVED,,,False,MEDIUM,IVR
CBK0001216,TXN00002147,USR51748,MCH7793,2026-01-25 00:00:00,,1064.06,FRAUD_OR_ATO,REJECTED,,,False,HIGH,BRANCH
CBK0001217,TXN00010449,USR44544,MCH3100,,,1852.3,MERCHANT_OR_DELIVERY_ISSUE,RESOLVED,,,False,LOW,CALL CENTER
CBK0001218,TXN74714,USR28268,MCH1154,,,2166.47,MERCHANT_OR_DELIVERY_ISSUE,IN_PROGRESS,,,False,HIGH,EMAIL
CBK0001219,TXN00002058,USR11226,MCH3986,,,,GENERAL_DISPUTE,REJECTED,,,False,LOW,BRANCH
CBK0001220,TXN00001198,USR21945,MCH7467,,,3605.24,FRAUD_OR_ATO,RESOLVED,,,False,HIGH,APP
CBK0001221,TXN00002325,USR19262,MCH7654,,,800.32,MERCHANT_OR_DELIVERY_ISSUE,IN_PROGRESS,,,False,HIGH,EMAIL
CBK0001222,TXN00004174,USR60027,MCH2402,,,26842.07,FRAUD_OR_ATO,REJECTED,,,False,CRITICAL,CHATBOT
CBK0001223,UNKNOWN_TXN,USR85507,MCH1883,,,1472.04,FRAUD_OR_ATO,IN_PROGRESS,,,False,LOW,CALL CENTER
CBK0001224,TXN00008299,USR61715,MCH1151,,,1586.53,FRAUD_OR_ATO,OPEN,2026-02-03 03:47:20,,False,MEDIUM,EMAIL
CBK0001225,TXN00015094,USR34566,MCH5674,,2026-03-05 00:00:00,12640.85,DUPLICATE_PROCESSING,IN_PROGRESS,,,False,LOW,APP
CBK0001226,TXN00014655,USR64776,MCH4837,,,290.31,DUPLICATE_PROCESSING,IN_PROGRESS,,,False,HIGH,CHATBOT
CBK0001227,TXN00007552,USR61339,MCH4281,,,12509.66,MERCHANT_OR_DELIVERY_ISSUE,CLOSED,,,False,LOW,EMAIL
CBK0001228,TXN00005490,USR81497,MCH2383,,,,FRAUD_OR_ATO,OPEN,,,False,MEDIUM,BRANCH
CBK0001229,TXN00014638,USR33934,MCH4422,,2026-02-05 03:24:10,0.11,MERCHANT_OR_DELIVERY_ISSUE,CLOSED,,,False,LOW,IVR
CBK0001230,TXN00015088,USR49696,MCH6914,,,590.13,MERCHANT_OR_DELIVERY_ISSUE,RESOLVED,,,False,LOW,CALL CENTER
CBK0001231,TXN00001392,USR68023,MCH4246,2026-01-14 05:07:55,,508.21,MERCHANT_OR_DELIVERY_ISSUE,IN_PROGRESS,,,False,MEDIUM,APP
CBK0001232,TXN00009374,USR51626,MCH6929,,,,DUPLICATE_PROCESSING,REJECTED,,,False,LOW,IVR
CBK0001233,TXN34198,USR98515,MCH3927,,,2387.46,FRAUD_OR_ATO,IN_PROGRESS,,,False,HIGH,CHATBOT
CBK0001234,TXN00011425,USR22130,MCH7915,,,3369.42,FRAUD_OR_ATO,OPEN,,,False,MEDIUM,IVR
CBK0001235,TXN00010356,USR82947,MCH6407,,,0.24,AMOUNT_MISMATCH,REJECTED,2026-03-12 04:52:03,,False,HIGH,APP
CBK0001236,TXN00016325,USR50779,MCH1320,,,1085.5,FRAUD_OR_ATO,REJECTED,2026-04-06 06:00:50,,False,MEDIUM,EMAIL
CBK0001237,TXN00015341,USR87558,MCH4264,2026-01-10 19:48:33,,6901.63,MERCHANT_OR_DELIVERY_ISSUE,IN_PROGRESS,,,False,CRITICAL,IVR
CBK0001238,TXN00006193,USR35817,MCH7061,,,26207.56,FRAUD_OR_ATO,IN_PROGRESS,,,False,LOW,APP
CBK0001239,UNKNOWN_TXN,USR43165,MCH9882,,,8059.65,DUPLICATE_PROCESSING,REJECTED,,,False,MEDIUM,APP
CBK0001240,TXN00005144,USR87558,MCH2223,2026-02-17 14:32:16,,1262.32,FRAUD_OR_ATO,RESOLVED,,,False,LOW,IVR
CBK0001241,TXN00019245,USR99206,MCH4590,,,2987.16,GENERAL_DISPUTE,CLOSED,,,False,MEDIUM,BRANCH
CBK0001242,TXN00014086,USR37902,MCH3159,,2026-04-01 00:00:00,3184.9,DUPLICATE_PROCESSING,REJECTED,,,False,MEDIUM,EMAIL
CBK0001243,TXN00018079,USR63150,MCH6850,2026-03-25 00:00:00,,8988.28,DUPLICATE_PROCESSING,RESOLVED,,,False,MEDIUM,CHATBOT
CBK0001244,TXN59954,USR15501,MCH3432,,,1289.25,DUPLICATE_PROCESSING,REJECTED,,,False,MEDIUM,APP
CBK0001245,TXN00014601,USR50737,MCH1920,,,0.69,GENERAL_DISPUTE,IN_PROGRESS,,,False,LOW,IVR
CBK0001246,TXN00007847,USR79175,MCH4181,,,,DUPLICATE_PROCESSING,OPEN,2026-05-14 11:35:52,,False,HIGH,CHATBOT
CBK0001247,TXN00003165,USR41524,MCH2342,,,2714.54,FRAUD_OR_ATO,RESOLVED,,,False,MEDIUM,CALL CENTER
CBK0001248,TXN00012952,USR21667,MCH2739,,,596.6,MERCHANT_OR_DELIVERY_ISSUE,IN_PROGRESS,,,False,LOW,CHATBOT
CBK0001249,TXN00003498,USR73675,MCH3822,,2026-04-08 14:29:36,3661.3,GENERAL_DISPUTE,RESOLVED,,,False,MEDIUM,EMAIL
CBK0001250,TXN00015587,USR11697,MCH8741,2026-02-02 00:00:00,,11364.57,MERCHANT_OR_DELIVERY_ISSUE,IN_PROGRESS,,,False,LOW,APP
CBK0001251,TXN00007334,USR34180,MCH8904,,,903.47,MERCHANT_OR_DELIVERY_ISSUE,CLOSED,,,False,LOW,CHATBOT
CBK0001252,TXN00004709,USR59225,MCH8154,,,741.74,AMOUNT_MISMATCH,IN_PROGRESS,,,False,LOW,APP
CBK0001253,TXN48192,USR32413,MCH7724,2026-03-07 00:00:00,2026-03-09 00:00:00,1863.22,GENERAL_DISPUTE,IN_PROGRESS,,,False,LOW,IVR
CBK0001254,TXN00015085,USR72505,MCH4244,,,3569.92,DUPLICATE_PROCESSING,OPEN,,,False,LOW,BRANCH
CBK0001255,UNKNOWN_TXN,USR63146,MCH9614,2026-02-21 00:00:00,2026-02-27 00:00:00,1677.54,MERCHANT_OR_DELIVERY_ISSUE,IN_PROGRESS,,,False,LOW,CHATBOT
CBK0001256,TXN00012543,USR97472,MCH2266,2026-03-26 00:00:00,2026-03-29 00:00:00,5621.9,DUPLICATE_PROCESSING,CLOSED,,,False,LOW,CHATBOT
CBK0001257,UNKNOWN_TXN,USR74209,MCH6057,,,2346.56,GENERAL_DISPUTE,OPEN,,,False,LOW,CHATBOT
CBK0001258,TXN00017225,USR40420,MCH1168,2026-02-28 00:00:00,,4972.38,FRAUD_OR_ATO,IN_PROGRESS,,,False,LOW,CHATBOT
CBK0001259,TXN00012199,USR39404,MCH2849,2026-03-30 00:00:00,,0.88,GENERAL_DISPUTE,OPEN,,,False,LOW,CHATBOT
CBK0001260,TXN00011332,USR93701,MCH3846,2026-02-19 00:00:00,,529.68,MERCHANT_OR_DELIVERY_ISSUE,RESOLVED,,,False,MEDIUM,CALL CENTER
CBK0001261,TXN00001742,USR56247,MCH1220,,,1286.87,FRAUD_OR_ATO,IN_PROGRESS,,,False,LOW,IVR
CBK0001262,TXN00010454,USR21439,MCH7751,,,470.39,FRAUD_OR_ATO,RESOLVED,,,False,LOW,CALL CENTER
CBK0001263,TXN00002462,USR87914,MCH6026,2026-01-03 00:00:00,,0.27,DUPLICATE_PROCESSING,RESOLVED,,,False,HIGH,CALL CENTER
CBK0001264,TXN00008143,USR92737,MCH4183,2026-03-22 17:21:29,,240.64,FRAUD_OR_ATO,OPEN,,,False,LOW,IVR
CBK0001265,TXN00004057,USR26009,MCH6381,,,1149.72,DUPLICATE_PROCESSING,IN_PROGRESS,2026-02-15 15:59:11,,False,MEDIUM,APP
CBK0001266,TXN00017098,USR19427,MCH5980,,2026-02-02 14:20:47,1358.37,DUPLICATE_PROCESSING,REJECTED,,,False,MEDIUM,CHATBOT
CBK0001267,TXN00003341,USR56149,MCH6968,,,0.64,AMOUNT_MISMATCH,REJECTED,,,False,LOW,EMAIL
CBK0001268,TXN00004622,USR97580,MCH1348,,,1330.95,MERCHANT_OR_DELIVERY_ISSUE,REJECTED,,,False,MEDIUM,IVR
CBK0001269,TXN00007095,USR24536,MCH8953,,,0.18,FRAUD_OR_ATO,IN_PROGRESS,,,False,MEDIUM,IVR
CBK0001270,TXN00015781,USR60184,MCH5412,,,6433.23,AMOUNT_MISMATCH,OPEN,2026-02-25 18:53:25,,False,HIGH,CHATBOT
CBK0001271,TXN00015189,USR33650,MCH4181,,,638.59,FRAUD_OR_ATO,REJECTED,,,False,HIGH,IVR
CBK0001272,TXN00018901,USR79175,MCH4473,,,0.26,AMOUNT_MISMATCH,IN_PROGRESS,,,False,LOW,CHATBOT
CBK0001273,TXN00013925,USR73010,MCH2489,,,3151.89,DUPLICATE_PROCESSING,RESOLVED,,,False,MEDIUM,CHATBOT
CBK0001274,TXN00004896,USR36343,MCH7286,,,1770.17,GENERAL_DISPUTE,IN_PROGRESS,2026-02-01 15:56:05,,False,LOW,CHATBOT
CBK0001275,TXN00014522,USR11090,MCH8336,,,1098.78,FRAUD_OR_ATO,OPEN,,,False,LOW,IVR
CBK0001276,TXN00003403,USR85655,MCH1234,,,,GENERAL_DISPUTE,OPEN,,,False,MEDIUM,CALL CENTER
CBK0001277,TXN00010511,USR79673,MCH3992,,2026-02-22 10:35:24,12071.05,GENERAL_DISPUTE,CLOSED,,,False,LOW,EMAIL
CBK0001278,TXN00008385,USR17657,MCH3542,2026-02-20 00:00:00,2026-04-06 00:00:00,1944.27,GENERAL_DISPUTE,RESOLVED,,,False,LOW,CHATBOT
CBK0001279,TXN42287,USR83181,MCH2757,2026-02-24 00:00:00,,1318.76,FRAUD_OR_ATO,REJECTED,,,False,MEDIUM,APP
CBK0001280,TXN00012568,USR61715,MCH6850,,,0.15,GENERAL_DISPUTE,OPEN,,,False,LOW,CALL CENTER
CBK0001281,TXN00018888,USR76747,MCH3704,,,,AMOUNT_MISMATCH,REJECTED,2026-05-04 06:27:57,,False,MEDIUM,IVR
CBK0001282,TXN32415,USR99611,MCH2266,2026-02-23 00:00:00,,23005.71,MERCHANT_OR_DELIVERY_ISSUE,REJECTED,,,False,MEDIUM,CHATBOT
CBK0001283,TXN00002013,USR31545,MCH5974,,,0.44,FRAUD_OR_ATO,REJECTED,,,False,MEDIUM,CALL CENTER
CBK0001284,TXN00000281,USR46321,MCH9422,2026-01-10 00:00:00,,1426.33,MERCHANT_OR_DELIVERY_ISSUE,REJECTED,,,False,HIGH,CALL CENTER
CBK0001285,TXN00011614,USR22620,MCH8730,,,459.43,DUPLICATE_PROCESSING,RESOLVED,,,False,MEDIUM,CHATBOT
CBK0001286,TXN00004472,USR83523,MCH5954,,,,MERCHANT_OR_DELIVERY_ISSUE,IN_PROGRESS,,,False,MEDIUM,BRANCH
CBK0001287,TXN00011889,USR22939,MCH9579,,,1592.55,FRAUD_OR_ATO,REJECTED,,,False,LOW,IVR
CBK0001288,TXN38794,USR82920,MCH5755,,2026-04-10 02:16:42,0.11,AMOUNT_MISMATCH,OPEN,,,False,HIGH,CHATBOT
CBK0001289,TXN00014346,USR42041,MCH2938,,2026-02-16 00:00:00,1908.15,MERCHANT_OR_DELIVERY_ISSUE,IN_PROGRESS,2026-03-04 06:21:47,16.0,True,LOW,IVR
CBK0001290,TXN00009715,USR21449,MCH9881,,,1200.75,AMOUNT_MISMATCH,CLOSED,,,False,LOW,APP
CBK0001291,TXN00018053,USR56751,MCH8322,2026-01-26 05:12:55,,1619.1,MERCHANT_OR_DELIVERY_ISSUE,CLOSED,,,False,LOW,IVR
CBK0001292,TXN00018296,USR56334,MCH1320,2026-03-11 00:00:00,,849.13,DUPLICATE_PROCESSING,CLOSED,,,False,MEDIUM,IVR
CBK0001293,TXN00010530,USR99535,MCH4181,2026-03-21 18:14:15,2026-03-24 20:14:15,7652.76,DUPLICATE_PROCESSING,IN_PROGRESS,,,False,HIGH,APP
CBK0001294,TXN00019221,USR67336,MCH7286,2026-03-10 08:05:58,,596.6,GENERAL_DISPUTE,CLOSED,2026-04-04 21:05:58,,False,MEDIUM,BRANCH
CBK0001295,TXN00016726,USR89004,MCH8117,,,2235.82,DUPLICATE_PROCESSING,RESOLVED,,,False,HIGH,EMAIL
CBK0001296,TXN00000132,USR44587,MCH4473,2026-02-05 00:00:00,,548.59,FRAUD_OR_ATO,IN_PROGRESS,,,False,MEDIUM,APP
CBK0001297,TXN00002610,USR99997,MCH5710,,,784.51,DUPLICATE_PROCESSING,REJECTED,2026-02-09 07:41:28,,False,MEDIUM,APP
CBK0001298,TXN00007668,USR64776,MCH6492,,,872.83,FRAUD_OR_ATO,REJECTED,,,False,LOW,IVR
CBK0001299,TXN00006246,USR98736,MCH5076,,,1584.81,DUPLICATE_PROCESSING,IN_PROGRESS,,,False,MEDIUM,BRANCH
CBK0001300,TXN00009464,USR85148,MCH7648,2026-02-09 00:00:00,,2154.73,FRAUD_OR_ATO,IN_PROGRESS,,,False,HIGH,IVR
CBK0001301,TXN00005559,USR98939,MCH5403,,,597.81,GENERAL_DISPUTE,REJECTED,,,False,MEDIUM,CHATBOT
CBK0001302,TXN00007192,USR80872,MCH2757,,2026-01-16 00:00:00,1195.71,MERCHANT_OR_DELIVERY_ISSUE,IN_PROGRESS,,,False,MEDIUM,IVR
CBK0001303,TXN00010018,USR33354,MCH2266,2026-01-05 21:41:53,,,FRAUD_OR_ATO,IN_PROGRESS,,,False,LOW,EMAIL
CBK0001304,TXN00017396,USR40538,MCH9984,,,642.07,FRAUD_OR_ATO,IN_PROGRESS,2026-03-18 05:40:59,,False,HIGH,CALL CENTER
CBK0001305,TXN00017826,USR89617,MCH5076,,,5617.04,FRAUD_OR_ATO,IN_PROGRESS,,,False,LOW,IVR
CBK0001306,TXN00000143,USR63816,MCH4399,,2026-03-26 08:39:16,0.45,DUPLICATE_PROCESSING,IN_PROGRESS,,,False,MEDIUM,CALL CENTER
CBK0001307,TXN00008095,USR42956,MCH9637,,,,GENERAL_DISPUTE,IN_PROGRESS,,,False,HIGH,BRANCH
CBK0001308,TXN00016774,USR71704,MCH4590,,,9878.08,MERCHANT_OR_DELIVERY_ISSUE,IN_PROGRESS,,,False,CRITICAL,BRANCH
CBK0001309,TXN00001777,USR97380,MCH3684,2026-03-13 00:00:00,,0.6,FRAUD_OR_ATO,CLOSED,,,False,MEDIUM,IVR
CBK0001310,TXN00006669,USR64847,MCH4786,,,2766.56,DUPLICATE_PROCESSING,CLOSED,,,False,LOW,CALL CENTER
CBK0001311,TXN00018498,USR40538,MCH7255,,2026-03-23 00:00:00,0.18,FRAUD_OR_ATO,RESOLVED,,,False,LOW,CALL CENTER
CBK0001312,TXN00000939,USR61151,MCH2302,,,3776.84,MERCHANT_OR_DELIVERY_ISSUE,IN_PROGRESS,,,False,MEDIUM,APP
CBK0001313,TXN00002015,USR70926,MCH8374,,,2615.98,FRAUD_OR_ATO,OPEN,,,False,CRITICAL,CHATBOT
CBK0001314,TXN00015397,USR25021,MCH8657,2026-02-10 00:00:00,,7499.76,MERCHANT_OR_DELIVERY_ISSUE,REJECTED,,,False,LOW,IVR
CBK0001315,TXN00005438,USR68023,MCH5877,2026-02-16 00:00:00,,1581.74,DUPLICATE_PROCESSING,OPEN,,,False,HIGH,BRANCH
CBK0001316,TXN00007966,USR52956,MCH2383,,,4920.19,FRAUD_OR_ATO,REJECTED,,,False,CRITICAL,IVR
CBK0001317,TXN00016188,USR28015,MCH2822,,,1305.41,MERCHANT_OR_DELIVERY_ISSUE,IN_PROGRESS,,,False,HIGH,CALL CENTER
CBK0001318,TXN00018753,USR85507,MCH8154,,,0.12,DUPLICATE_PROCESSING,IN_PROGRESS,,,False,LOW,IVR
CBK0001319,UNKNOWN_TXN,USR87558,MCH8935,2026-03-28 00:00:00,2026-04-13 00:00:00,1537.87,GENERAL_DISPUTE,CLOSED,,,False,MEDIUM,CALL CENTER
CBK0001320,TXN00014032,USR46308,MCH5900,,,358.19,FRAUD_OR_ATO,IN_PROGRESS,,,False,LOW,IVR
CBK0001321,TXN00019939,USR87558,MCH3588,2026-02-19 00:00:00,,1954.14,MERCHANT_OR_DELIVERY_ISSUE,RESOLVED,,,False,MEDIUM,EMAIL
CBK0001322,TXN00018670,USR33934,MCH9699,,,3883.93,AMOUNT_MISMATCH,RESOLVED,,,False,MEDIUM,IVR
CBK0001323,TXN00006391,USR57255,MCH5076,,,9215.86,FRAUD_OR_ATO,RESOLVED,,,False,MEDIUM,IVR
CBK0001324,TXN00002901,USR43702,MCH2167,,,0.67,FRAUD_OR_ATO,OPEN,,,False,MEDIUM,CHATBOT
CBK0001325,TXN00012946,USR82083,MCH7565,,,315.95,FRAUD_OR_ATO,REJECTED,,,False,HIGH,BRANCH
CBK0001326,TXN00017532,USR63876,MCH4629,,,2971.18,AMOUNT_MISMATCH,REJECTED,,,False,LOW,IVR
CBK0001327,TXN00010704,USR57352,MCH9854,,,2880.65,FRAUD_OR_ATO,IN_PROGRESS,,,False,LOW,BRANCH
CBK0001328,TXN00010089,USR22644,MCH2208,,,,DUPLICATE_PROCESSING,IN_PROGRESS,,,False,LOW,CHATBOT
CBK0001329,TXN00009229,USR61206,MCH8097,2026-03-06 00:00:00,,1300.37,GENERAL_DISPUTE,CLOSED,,,False,HIGH,IVR
CBK0001330,TXN00005940,USR67471,MCH8738,,,1360.01,DUPLICATE_PROCESSING,IN_PROGRESS,,,False,MEDIUM,CHATBOT
CBK0001331,UNKNOWN_TXN,USR92614,MCH9178,,,4117.99,DUPLICATE_PROCESSING,RESOLVED,,,False,CRITICAL,CALL CENTER
CBK0001332,TXN00009814,USR65176,MCH2398,,,1195.47,MERCHANT_OR_DELIVERY_ISSUE,IN_PROGRESS,,,False,MEDIUM,BRANCH
CBK0001333,TXN00003302,USR97772,MCH2026,,,1169.68,DUPLICATE_PROCESSING,CLOSED,,,False,MEDIUM,IVR
CBK0001334,TXN00013020,USR94669,MCH6850,,,2027.64,AMOUNT_MISMATCH,IN_PROGRESS,,,False,MEDIUM,IVR
CBK0001335,TXN00016756,USR44060,MCH7471,2026-03-14 00:00:00,,455.72,AMOUNT_MISMATCH,REJECTED,,,False,MEDIUM,CALL CENTER
CBK0001336,TXN00004804,USR40908,MCH2509,,,12097.84,FRAUD_OR_ATO,CLOSED,2026-01-14 01:55:18,,False,HIGH,CHATBOT
CBK0001337,TXN00011351,USR28182,MCH2065,,,4601.18,DUPLICATE_PROCESSING,IN_PROGRESS,,,False,MEDIUM,EMAIL
CBK0001338,TXN00008410,USR54797,MCH3300,2026-01-20 08:42:27,,896.23,GENERAL_DISPUTE,CLOSED,2026-02-14 10:42:27,,False,MEDIUM,BRANCH
CBK0001339,TXN00012423,USR81981,MCH3013,,,591.32,AMOUNT_MISMATCH,REJECTED,,,False,HIGH,APP
CBK0001340,TXN00001898,USR41763,MCH4190,2026-02-25 08:15:11,,638.96,FRAUD_OR_ATO,RESOLVED,2026-03-06 06:15:11,,False,MEDIUM,IVR
CBK0001341,TXN00001434,USR33704,MCH5584,,2026-02-26 00:00:00,3251.08,AMOUNT_MISMATCH,CLOSED,2026-03-15 02:39:50,17.0,True,HIGH,IVR
CBK0001342,TXN00000213,USR40195,MCH3586,2026-02-17 07:41:15,,658.27,GENERAL_DISPUTE,CLOSED,,,False,MEDIUM,BRANCH
CBK0001343,TXN00017045,USR87914,MCH2822,,,0.14,FRAUD_OR_ATO,IN_PROGRESS,,,False,MEDIUM,CHATBOT
CBK0001344,TXN00018359,USR13263,MCH6933,2026-03-20 00:00:00,,0.33,DUPLICATE_PROCESSING,IN_PROGRESS,2026-04-14 15:20:52,,False,LOW,CHATBOT
CBK0001345,TXN00016061,USR71319,MCH7074,,,3106.54,MERCHANT_OR_DELIVERY_ISSUE,REJECTED,,,False,MEDIUM,IVR
CBK0001346,TXN00008727,USR34157,MCH2836,,,3225.2,DUPLICATE_PROCESSING,CLOSED,,,False,LOW,EMAIL
CBK0001347,TXN00016394,USR93953,MCH3886,2026-03-27 07:12:43,,1503.32,MERCHANT_OR_DELIVERY_ISSUE,IN_PROGRESS,,,False,LOW,APP
CBK0001348,TXN00006710,USR80160,MCH8221,,,0.22,FRAUD_OR_ATO,OPEN,,,False,HIGH,IVR
CBK0001349,TXN00011307,USR27947,MCH5452,,2026-03-31 19:55:24,4006.77,FRAUD_OR_ATO,IN_PROGRESS,,,False,LOW,CALL CENTER
CBK0001350,TXN00011858,USR37820,MCH2269,2026-02-09 00:00:00,2026-02-11 00:00:00,2135.97,FRAUD_OR_ATO,REJECTED,2026-02-25 21:28:08,14.0,False,LOW,BRANCH
CBK0001351,TXN00015779,USR29306,MCH1450,2026-01-06 00:00:00,,0.39,FRAUD_OR_ATO,OPEN,,,False,LOW,CHATBOT
CBK0001352,TXN00010946,USR94542,MCH6061,,,562.29,DUPLICATE_PROCESSING,CLOSED,,,False,HIGH,IVR
CBK0001353,TXN00019934,USR64893,MCH1320,,,2640.42,FRAUD_OR_ATO,IN_PROGRESS,,,False,LOW,IVR
CBK0001354,TXN00014155,USR29864,MCH9709,,2026-02-06 00:00:00,2193.93,DUPLICATE_PROCESSING,RESOLVED,,,False,MEDIUM,EMAIL
CBK0001355,TXN00002926,USR49477,MCH5714,,2026-03-19 00:00:00,6014.84,MERCHANT_OR_DELIVERY_ISSUE,REJECTED,,,False,HIGH,IVR
CBK0001356,TXN00018996,USR61151,MCH3100,,,1863.8,AMOUNT_MISMATCH,CLOSED,,,False,LOW,IVR
CBK0001357,TXN00015990,USR49195,MCH1203,,,1640.31,FRAUD_OR_ATO,OPEN,,,False,CRITICAL,APP
CBK0001358,TXN00013107,USR31479,MCH2757,,,1035.74,FRAUD_OR_ATO,CLOSED,,,False,LOW,IVR
CBK0001359,TXN00003338,USR91595,MCH3957,,2026-02-18 08:19:43,8032.32,FRAUD_OR_ATO,IN_PROGRESS,,,False,MEDIUM,IVR
CBK0001360,TXN00018073,USR38459,MCH1267,2026-01-17 05:43:30,,171.37,MERCHANT_OR_DELIVERY_ISSUE,IN_PROGRESS,,,False,LOW,CALL CENTER
CBK0001361,UNKNOWN_TXN,USR87714,MCH7560,2026-02-08 00:00:00,,3014.44,AMOUNT_MISMATCH,IN_PROGRESS,,,False,MEDIUM,IVR
CBK0001362,TXN00003264,USR32927,MCH3566,,,1771.56,MERCHANT_OR_DELIVERY_ISSUE,IN_PROGRESS,2026-03-11 00:34:58,,False,HIGH,EMAIL
CBK0001363,TXN00015121,USR62483,MCH1141,,,1504.76,GENERAL_DISPUTE,CLOSED,,,False,MEDIUM,CHATBOT
CBK0001364,TXN00018217,USR92659,MCH6674,,,1300.73,GENERAL_DISPUTE,IN_PROGRESS,,,False,HIGH,CHATBOT
CBK0001365,TXN00011080,USR44053,MCH1613,,,1709.82,MERCHANT_OR_DELIVERY_ISSUE,REJECTED,2026-02-20 16:56:29,,False,MEDIUM,APP
CBK0001366,TXN00005968,USR64733,MCH3045,,,2917.69,GENERAL_DISPUTE,IN_PROGRESS,2026-04-04 04:31:22,,False,CRITICAL,CALL CENTER
CBK0001367,TXN00014165,USR19110,MCH1811,,,,FRAUD_OR_ATO,OPEN,,,False,MEDIUM,CHATBOT
CBK0001368,TXN00017555,USR49364,MCH8953,,,2069.43,FRAUD_OR_ATO,OPEN,,,False,LOW,CHATBOT
CBK0001369,TXN00016708,USR40818,MCH6534,,,2567.69,FRAUD_OR_ATO,IN_PROGRESS,,,False,MEDIUM,IVR
CBK0001370,TXN00017169,USR14813,MCH6201,,2026-03-12 00:00:00,696.63,AMOUNT_MISMATCH,REJECTED,,,False,LOW,BRANCH
CBK0001371,TXN00005048,USR43424,MCH1320,,2026-02-10 00:00:00,2992.52,DUPLICATE_PROCESSING,RESOLVED,,,False,HIGH,IVR
CBK0001372,TXN00001655,USR64263,MCH2054,,,0.26,FRAUD_OR_ATO,CLOSED,,,False,CRITICAL,EMAIL
CBK0001373,TXN00007769,USR24681,MCH6081,,,813.25,MERCHANT_OR_DELIVERY_ISSUE,RESOLVED,,,False,HIGH,CHATBOT
CBK0001374,TXN85698,USR29467,MCH4473,,2026-01-23 03:07:30,551.1,GENERAL_DISPUTE,IN_PROGRESS,,,False,HIGH,IVR
CBK0001375,TXN00001251,USR45344,MCH4473,,,802.62,GENERAL_DISPUTE,RESOLVED,,,False,HIGH,CHATBOT
CBK0001376,TXN00009369,USR24660,MCH4473,2026-02-16 00:00:00,,2070.15,FRAUD_OR_ATO,RESOLVED,,,False,LOW,BRANCH
CBK0001377,TXN00016673,USR91623,MCH6411,,,1675.84,MERCHANT_OR_DELIVERY_ISSUE,REJECTED,,,False,LOW,CHATBOT
CBK0001378,TXN00013740,USR53440,MCH5264,,,7287.56,AMOUNT_MISMATCH,IN_PROGRESS,,,False,LOW,EMAIL
CBK0001379,TXN00010182,USR52335,MCH5954,,2026-04-02 00:00:00,1252.47,FRAUD_OR_ATO,CLOSED,,,False,LOW,BRANCH
CBK0001380,TXN00009008,USR35697,MCH7809,2026-03-23 00:00:00,,0.74,GENERAL_DISPUTE,REJECTED,2026-04-09 12:19:42,,False,LOW,IVR
CBK0001381,TXN00011623,USR99837,MCH8765,,,3487.78,MERCHANT_OR_DELIVERY_ISSUE,CLOSED,,,False,HIGH,IVR
CBK0001382,UNKNOWN_TXN,USR57424,MCH4684,,,678.56,FRAUD_OR_ATO,IN_PROGRESS,,,False,LOW,IVR
CBK0001383,TXN00005315,USR50648,MCH2822,,,819.89,GENERAL_DISPUTE,OPEN,2026-03-27 05:23:46,,False,LOW,CHATBOT
CBK0001384,TXN00016135,USR75723,MCH7246,,,830.69,FRAUD_OR_ATO,OPEN,,,False,MEDIUM,CHATBOT
CBK0001385,TXN00015532,USR43241,MCH2822,,,90.26,FRAUD_OR_ATO,IN_PROGRESS,,,False,CRITICAL,APP
CBK0001386,TXN00012491,USR83236,MCH4552,,,3187.1,MERCHANT_OR_DELIVERY_ISSUE,CLOSED,2026-02-06 17:32:51,,False,HIGH,BRANCH
CBK0001387,TXN00008870,USR26871,MCH3687,2026-01-20 19:35:20,,4628.47,FRAUD_OR_ATO,REJECTED,,,False,MEDIUM,CHATBOT
CBK0001388,TXN00008970,USR73474,MCH8142,,2026-04-01 12:45:30,0.45,DUPLICATE_PROCESSING,OPEN,,,False,LOW,IVR
CBK0001389,TXN00013530,USR54156,MCH6601,,,11913.51,DUPLICATE_PROCESSING,IN_PROGRESS,,,False,LOW,IVR
CBK0001390,TXN00017748,USR66250,MCH1711,2026-03-04 16:20:03,2026-03-19 19:20:03,0.82,FRAUD_OR_ATO,RESOLVED,,,False,LOW,APP
CBK0001391,TXN00008679,USR46067,MCH1887,2026-03-22 00:00:00,2026-03-23 21:04:05,1294.7,AMOUNT_MISMATCH,RESOLVED,,,False,MEDIUM,CHATBOT
CBK0001392,UNKNOWN_TXN,USR33175,MCH7321,,,5482.08,GENERAL_DISPUTE,REJECTED,,,False,LOW,CHATBOT
CBK0001393,TXN00004549,USR66391,MCH2802,,,1639.85,AMOUNT_MISMATCH,OPEN,,,False,HIGH,CHATBOT
CBK0001394,TXN00009340,USR39542,MCH1320,,,1180.9,DUPLICATE_PROCESSING,OPEN,,,False,CRITICAL,CHATBOT
CBK0001395,TXN00016017,USR47363,MCH9787,,,849.31,GENERAL_DISPUTE,OPEN,,,False,HIGH,CHATBOT
CBK0001396,TXN00008851,USR34889,MCH8779,,,1383.51,DUPLICATE_PROCESSING,REJECTED,,,False,MEDIUM,BRANCH
CBK0001397,TXN00001903,USR40286,MCH8305,,,2512.35,GENERAL_DISPUTE,REJECTED,2026-04-01 06:49:45,,False,CRITICAL,IVR
CBK0001398,TXN00015787,USR61935,MCH8643,,,8787.96,FRAUD_OR_ATO,REJECTED,,,False,HIGH,IVR
CBK0001399,TXN00015053,USR20076,MCH5050,,,3746.75,DUPLICATE_PROCESSING,RESOLVED,,,False,MEDIUM,EMAIL
CBK0001400,TXN00013909,USR85655,MCH5170,,,836.05,FRAUD_OR_ATO,REJECTED,,,False,CRITICAL,CALL CENTER
CBK0001401,TXN00005811,USR43185,MCH1236,,,636.43,AMOUNT_MISMATCH,CLOSED,,,False,MEDIUM,CHATBOT
CBK0001402,TXN00004276,USR93581,MCH2383,,,3192.45,FRAUD_OR_ATO,OPEN,,,False,MEDIUM,IVR
CBK0001403,TXN00012661,USR30500,MCH6979,2026-03-08 00:00:00,,4457.64,FRAUD_OR_ATO,RESOLVED,,,False,MEDIUM,IVR
CBK0001404,TXN00003881,USR61151,MCH8634,,,,FRAUD_OR_ATO,IN_PROGRESS,,,False,MEDIUM,CALL CENTER
CBK0001405,TXN32094,USR48929,MCH2565,,,1381.95,DUPLICATE_PROCESSING,IN_PROGRESS,,,False,MEDIUM,CHATBOT
CBK0001406,TXN00010864,USR66856,MCH7459,,,2891.42,FRAUD_OR_ATO,OPEN,2026-04-20 04:34:25,,False,CRITICAL,CHATBOT
CBK0001407,TXN33964,USR59562,MCH1241,2026-03-24 00:00:00,2026-03-25 00:00:00,4254.9,FRAUD_OR_ATO,REJECTED,2026-04-21 23:40:30,27.0,True,HIGH,CHATBOT
CBK0001408,TXN00007170,USR49478,MCH8391,,,0.47,GENERAL_DISPUTE,OPEN,,,False,MEDIUM,CHATBOT
CBK0001409,TXN00014019,USR20076,MCH4751,,2026-01-16 00:00:00,2386.95,MERCHANT_OR_DELIVERY_ISSUE,IN_PROGRESS,,,False,MEDIUM,CHATBOT
CBK0001410,TXN00012186,USR14130,MCH6048,,,4466.44,FRAUD_OR_ATO,IN_PROGRESS,,,False,LOW,IVR
CBK0001411,TXN00011455,USR24660,MCH3964,,2026-03-05 00:00:00,3012.1,FRAUD_OR_ATO,OPEN,,,False,LOW,CALL CENTER
CBK0001412,TXN00007645,USR75440,MCH4862,2026-02-23 00:00:00,,1667.95,MERCHANT_OR_DELIVERY_ISSUE,IN_PROGRESS,2026-03-21 10:58:05,,False,CRITICAL,EMAIL
CBK0001413,TXN00017513,USR39726,MCH5273,,,24586.31,FRAUD_OR_ATO,CLOSED,,,False,LOW,APP
CBK0001414,TXN00000954,USR60939,MCH6568,,,12462.99,FRAUD_OR_ATO,RESOLVED,,,False,MEDIUM,CHATBOT
CBK0001415,TXN00018932,USR90778,MCH1764,,,0.18,FRAUD_OR_ATO,OPEN,2026-04-15 10:23:47,,False,HIGH,IVR
CBK0001416,TXN00018367,USR98309,MCH7233,,,1495.59,GENERAL_DISPUTE,REJECTED,,,False,MEDIUM,CHATBOT
CBK0001417,TXN00014359,USR93454,MCH6178,,2026-03-02 00:00:00,0.36,FRAUD_OR_ATO,CLOSED,,,False,LOW,CHATBOT
CBK0001418,TXN00017042,USR71503,MCH7873,2026-01-14 00:00:00,,0.17,MERCHANT_OR_DELIVERY_ISSUE,RESOLVED,,,False,LOW,CHATBOT
CBK0001419,TXN00003304,USR91108,MCH2574,,2026-01-11 00:00:00,6448.11,FRAUD_OR_ATO,CLOSED,,,False,MEDIUM,BRANCH
CBK0001420,TXN00010436,USR26201,MCH9908,,,509.15,MERCHANT_OR_DELIVERY_ISSUE,REJECTED,,,False,MEDIUM,IVR
CBK0001421,TXN00015594,USR50434,MCH6889,,,1421.26,FRAUD_OR_ATO,OPEN,2026-02-17 10:08:54,,False,LOW,EMAIL
CBK0001422,TXN00013883,USR59251,MCH7833,,2026-01-15 11:58:51,0.36,FRAUD_OR_ATO,OPEN,,,False,MEDIUM,CHATBOT
CBK0001423,TXN00013720,USR97580,MCH8999,,,4933.23,GENERAL_DISPUTE,IN_PROGRESS,,,False,LOW,BRANCH
CBK0001424,TXN00014077,USR35882,MCH7435,2026-03-16 19:03:13,,411.2,FRAUD_OR_ATO,IN_PROGRESS,,,False,HIGH,BRANCH
CBK0001425,TXN00007508,USR88956,MCH6166,,,696.41,FRAUD_OR_ATO,IN_PROGRESS,,,False,LOW,CHATBOT
CBK0001426,TXN00002655,USR69481,MCH1140,2026-01-14 00:00:00,2026-02-14 13:03:15,338.23,DUPLICATE_PROCESSING,IN_PROGRESS,2026-03-10 13:03:15,24.0,True,MEDIUM,CHATBOT
CBK0001427,TXN00019824,USR76289,MCH5563,,,755.08,MERCHANT_OR_DELIVERY_ISSUE,REJECTED,,,False,CRITICAL,EMAIL
CBK0001428,TXN00001443,USR74417,MCH7286,,,504.11,FRAUD_OR_ATO,OPEN,,,False,LOW,APP
CBK0001429,TXN00002466,USR67833,MCH9464,,2026-04-03 00:00:00,3099.92,FRAUD_OR_ATO,RESOLVED,,,False,CRITICAL,BRANCH
CBK0001430,TXN00003193,USR30157,MCH5404,,,2273.34,DUPLICATE_PROCESSING,CLOSED,,,False,CRITICAL,BRANCH
CBK0001431,TXN00007758,USR37892,MCH3288,,,0.16,FRAUD_OR_ATO,REJECTED,,,False,LOW,CHATBOT
CBK0001432,TXN00014015,USR84470,MCH4732,2026-02-07 00:00:00,2026-02-12 00:00:00,1855.84,DUPLICATE_PROCESSING,OPEN,,,False,MEDIUM,IVR
CBK0001433,TXN00011103,USR93242,MCH9047,,,5968.43,DUPLICATE_PROCESSING,RESOLVED,,,False,LOW,BRANCH
CBK0001434,TXN00014276,USR37196,MCH2407,,,637.61,DUPLICATE_PROCESSING,IN_PROGRESS,,,False,MEDIUM,IVR
CBK0001435,TXN00004594,USR40538,MCH1070,2026-01-16 00:00:00,,262.38,FRAUD_OR_ATO,IN_PROGRESS,,,False,LOW,IVR
CBK0001436,TXN00011255,USR91425,MCH9243,2026-03-05 00:00:00,,3679.43,DUPLICATE_PROCESSING,IN_PROGRESS,2026-03-30 09:19:03,,False,MEDIUM,CHATBOT
CBK0001437,TXN00009735,USR48653,MCH3671,,,1222.97,MERCHANT_OR_DELIVERY_ISSUE,IN_PROGRESS,,,False,HIGH,CHATBOT
CBK0001438,TXN00008449,USR22964,MCH2194,,2026-03-26 00:00:00,0.65,GENERAL_DISPUTE,RESOLVED,,,False,MEDIUM,APP
CBK0001439,TXN00018123,USR83744,MCH5378,2026-03-13 22:46:01,,3146.39,GENERAL_DISPUTE,CLOSED,,,False,LOW,IVR
CBK0001440,TXN00009124,USR51720,MCH1539,2026-02-06 01:11:28,,0.25,MERCHANT_OR_DELIVERY_ISSUE,IN_PROGRESS,,,False,MEDIUM,IVR
CBK0001441,TXN00017441,USR80479,MCH2733,2026-01-12 00:00:00,,766.94,FRAUD_OR_ATO,IN_PROGRESS,,,False,HIGH,CALL CENTER
CBK0001442,TXN00004821,USR82070,MCH9291,,,165.89,DUPLICATE_PROCESSING,CLOSED,,,False,LOW,CHATBOT
CBK0001443,TXN00003853,USR70317,MCH6921,,2026-02-22 00:00:00,2342.78,MERCHANT_OR_DELIVERY_ISSUE,CLOSED,,,False,MEDIUM,IVR
CBK0001444,TXN00003678,USR50434,MCH5076,2026-01-01 07:55:22,2026-01-04 00:00:00,8722.75,MERCHANT_OR_DELIVERY_ISSUE,CLOSED,,,False,HIGH,CHATBOT
CBK0001445,TXN00003088,USR27045,MCH4407,,,1019.25,FRAUD_OR_ATO,OPEN,,,False,MEDIUM,APP
CBK0001446,TXN00017598,USR51720,MCH4274,,,819.3,GENERAL_DISPUTE,CLOSED,,,False,MEDIUM,BRANCH
CBK0001447,TXN00015239,USR59920,MCH4650,,,10770.37,DUPLICATE_PROCESSING,IN_PROGRESS,,,False,LOW,BRANCH
CBK0001448,TXN00006897,USR81435,MCH9291,,,3386.1,DUPLICATE_PROCESSING,IN_PROGRESS,,,False,LOW,CALL CENTER
CBK0001449,TXN00008116,USR21449,MCH7397,,,19544.3,FRAUD_OR_ATO,RESOLVED,,,False,MEDIUM,EMAIL
CBK0001450,TXN00009783,USR83126,MCH9291,,,2123.46,DUPLICATE_PROCESSING,CLOSED,,,False,MEDIUM,CHATBOT
CBK0001451,TXN00003075,USR13134,MCH6033,,2026-02-03 00:00:00,2267.96,DUPLICATE_PROCESSING,OPEN,,,False,LOW,EMAIL
CBK0001452,TXN00008175,USR21384,MCH2062,2026-02-22 00:00:00,,7668.14,GENERAL_DISPUTE,OPEN,,,False,LOW,APP
CBK0001453,TXN00012893,USR52532,MCH2931,,,1558.33,AMOUNT_MISMATCH,REJECTED,,,False,LOW,IVR
CBK0001454,TXN00011270,USR25463,MCH7713,,,0.23,FRAUD_OR_ATO,IN_PROGRESS,,,False,MEDIUM,IVR
CBK0001455,TXN00007357,USR62254,MCH5655,,,0.16,AMOUNT_MISMATCH,IN_PROGRESS,,,False,MEDIUM,BRANCH
CBK0001456,TXN00003248,USR30500,MCH2822,2026-02-08 02:56:43,,10277.41,FRAUD_OR_ATO,IN_PROGRESS,,,False,CRITICAL,CALL CENTER
CBK0001457,TXN00004271,USR60321,MCH2200,2026-03-06 15:12:38,,2672.78,MERCHANT_OR_DELIVERY_ISSUE,OPEN,,,False,LOW,APP
CBK0001458,TXN00002805,USR85655,MCH1702,2026-02-18 00:00:00,,1623.96,DUPLICATE_PROCESSING,CLOSED,,,False,MEDIUM,BRANCH
CBK0001459,TXN00007662,USR87831,MCH6142,2026-02-17 00:00:00,2026-02-18 00:00:00,4479.85,FRAUD_OR_ATO,OPEN,,,False,MEDIUM,IVR
CBK0001460,TXN00014496,USR33249,MCH4270,,,554.76,FRAUD_OR_ATO,IN_PROGRESS,2026-04-04 02:17:31,,False,LOW,APP
CBK0001461,UNKNOWN_TXN,USR21469,MCH3425,,,1041.71,FRAUD_OR_ATO,IN_PROGRESS,,,False,LOW,BRANCH
CBK0001462,TXN00002045,USR58805,MCH2842,,2026-03-01 00:00:00,3144.27,FRAUD_OR_ATO,IN_PROGRESS,2026-03-21 12:45:23,20.0,True,MEDIUM,EMAIL
CBK0001463,TXN00018916,USR92463,MCH4008,,,0.19,DUPLICATE_PROCESSING,IN_PROGRESS,,,False,MEDIUM,IVR
CBK0001464,TXN32619,USR22277,MCH4473,,,2826.04,MERCHANT_OR_DELIVERY_ISSUE,RESOLVED,,,False,MEDIUM,EMAIL
CBK0001465,TXN00004507,USR77990,MCH9291,,,0.23,MERCHANT_OR_DELIVERY_ISSUE,OPEN,,,False,MEDIUM,BRANCH
CBK0001466,TXN00015318,USR91423,MCH3984,,,0.34,MERCHANT_OR_DELIVERY_ISSUE,CLOSED,,,False,MEDIUM,CHATBOT
CBK0001467,TXN00008130,USR27544,MCH4226,,,482.6,MERCHANT_OR_DELIVERY_ISSUE,REJECTED,,,False,MEDIUM,EMAIL
CBK0001468,TXN00016367,USR57411,MCH5305,2026-03-12 10:03:31,,6490.82,GENERAL_DISPUTE,IN_PROGRESS,,,False,MEDIUM,EMAIL
CBK0001469,TXN00008274,USR45724,MCH3032,,2026-02-28 00:00:00,1114.45,MERCHANT_OR_DELIVERY_ISSUE,RESOLVED,2026-03-18 11:31:43,18.0,True,HIGH,CALL CENTER
CBK0001470,TXN30234,USR24750,MCH6880,,,1915.5,FRAUD_OR_ATO,CLOSED,,,False,MEDIUM,BRANCH
CBK0001471,TXN00003290,USR25087,MCH3815,,2026-03-09 00:00:00,991.51,MERCHANT_OR_DELIVERY_ISSUE,CLOSED,,,False,HIGH,EMAIL
CBK0001472,TXN00015404,USR62254,MCH1722,2026-03-29 00:00:00,,1356.41,GENERAL_DISPUTE,OPEN,2026-03-31 17:46:38,,False,LOW,APP
CBK0001473,TXN00001160,USR20984,MCH6953,,,2273.54,DUPLICATE_PROCESSING,IN_PROGRESS,,,False,LOW,EMAIL
CBK0001474,TXN00008578,USR71704,MCH7047,,,3771.28,FRAUD_OR_ATO,OPEN,,,False,MEDIUM,EMAIL
CBK0001475,TXN00017932,USR30591,MCH4204,,,4452.54,MERCHANT_OR_DELIVERY_ISSUE,OPEN,2026-02-23 12:38:55,,False,CRITICAL,BRANCH
CBK0001476,TXN00009355,USR74753,MCH9250,,,2786.42,AMOUNT_MISMATCH,RESOLVED,,,False,MEDIUM,IVR
CBK0001477,TXN00009790,USR72887,MCH3200,,,996.46,MERCHANT_OR_DELIVERY_ISSUE,OPEN,,,False,CRITICAL,IVR
CBK0001478,TXN00017175,USR46590,MCH7833,,2026-01-31 03:03:07,2616.12,MERCHANT_OR_DELIVERY_ISSUE,OPEN,,,False,HIGH,APP
CBK0001479,TXN00008854,USR96222,MCH8391,,,2299.14,DUPLICATE_PROCESSING,REJECTED,2026-04-15 13:27:49,,False,MEDIUM,CHATBOT
CBK0001480,TXN00010969,USR40561,MCH9717,2026-02-17 00:00:00,,1918.05,MERCHANT_OR_DELIVERY_ISSUE,OPEN,,,False,LOW,CALL CENTER
CBK0001481,TXN00001735,USR85139,MCH3100,,,3084.74,MERCHANT_OR_DELIVERY_ISSUE,CLOSED,,,False,MEDIUM,IVR
CBK0001482,TXN00002314,USR23329,MCH8420,2026-03-05 14:48:39,,0.5,MERCHANT_OR_DELIVERY_ISSUE,CLOSED,,,False,HIGH,BRANCH
CBK0001483,TXN00004890,USR15275,MCH1320,,2026-01-02 00:00:00,,DUPLICATE_PROCESSING,CLOSED,,,False,LOW,IVR
CBK0001484,TXN00014252,USR18345,MCH7982,,2026-03-10 00:00:00,5943.18,GENERAL_DISPUTE,OPEN,,,False,CRITICAL,APP
CBK0001485,TXN00000921,USR25087,MCH2266,,2026-03-08 00:00:00,1585.45,MERCHANT_OR_DELIVERY_ISSUE,CLOSED,,,False,LOW,EMAIL
CBK0001486,TXN00012555,USR32962,MCH5076,,,2740.59,GENERAL_DISPUTE,IN_PROGRESS,,,False,LOW,IVR
CBK0001487,TXN00015922,USR41135,MCH5982,,,759.33,GENERAL_DISPUTE,IN_PROGRESS,,,False,HIGH,IVR
CBK0001488,TXN00015761,USR47459,MCH8883,,,0.64,MERCHANT_OR_DELIVERY_ISSUE,OPEN,,,False,LOW,IVR
CBK0001489,TXN00014835,USR25333,MCH5151,2026-02-25 00:00:00,,2565.94,FRAUD_OR_ATO,IN_PROGRESS,,,False,MEDIUM,IVR
CBK0001490,TXN00003514,USR77962,MCH9344,,,1510.93,MERCHANT_OR_DELIVERY_ISSUE,IN_PROGRESS,,,False,MEDIUM,CHATBOT
CBK0001491,TXN00017193,USR16478,MCH4709,2026-03-31 00:00:00,,2406.17,FRAUD_OR_ATO,IN_PROGRESS,,,False,MEDIUM,IVR
CBK0001492,TXN00008497,USR96797,MCH9634,,,316.81,DUPLICATE_PROCESSING,CLOSED,,,False,LOW,APP
CBK0001493,TXN00006595,USR31543,MCH5575,,,2625.77,DUPLICATE_PROCESSING,IN_PROGRESS,,,False,LOW,CALL CENTER
CBK0001494,TXN00012935,USR97835,MCH9262,,,0.8,GENERAL_DISPUTE,OPEN,,,False,LOW,CHATBOT
CBK0001495,TXN00014774,USR47392,MCH8779,,,2478.18,FRAUD_OR_ATO,REJECTED,,,False,LOW,BRANCH
CBK0001496,TXN00012480,USR39700,MCH9284,,,0.22,FRAUD_OR_ATO,CLOSED,,,False,HIGH,CALL CENTER
CBK0001497,TXN00005059,USR56554,MCH6349,,,1316.81,MERCHANT_OR_DELIVERY_ISSUE,RESOLVED,,,False,HIGH,APP
CBK0001498,TXN00017926,USR98061,MCH5655,2026-02-08 06:54:39,,5338.83,GENERAL_DISPUTE,IN_PROGRESS,,,False,LOW,IVR
CBK0001499,TXN00016211,USR84128,MCH7738,2026-03-02 00:00:00,,6191.97,DUPLICATE_PROCESSING,REJECTED,,,False,HIGH,CHATBOT
CBK0001500,TXN00004113,USR65211,MCH5770,,2026-04-14 00:00:00,1173.86,MERCHANT_OR_DELIVERY_ISSUE,CLOSED,,,False,HIGH,BRANCH
CBK0001501,TXN00010823,USR14938,MCH1880,,,2588.02,DUPLICATE_PROCESSING,OPEN,,,False,MEDIUM,APP
CBK0001502,TXN00006961,USR72785,MCH4196,,2026-02-03 00:00:00,2280.65,AMOUNT_MISMATCH,OPEN,,,False,MEDIUM,IVR
CBK0001503,TXN00007523,USR30103,MCH7139,,,2702.06,MERCHANT_OR_DELIVERY_ISSUE,RESOLVED,,,False,MEDIUM,APP
CBK0001504,TXN58280,USR46847,MCH9988,,,834.87,DUPLICATE_PROCESSING,OPEN,,,False,MEDIUM,BRANCH
CBK0001505,TXN00001496,USR40061,MCH3765,2026-03-04 00:00:00,,5669.05,GENERAL_DISPUTE,REJECTED,2026-03-13 11:54:46,,False,LOW,IVR
CBK0001506,TXN00002381,USR81570,MCH3815,,2026-02-07 00:00:00,0.32,FRAUD_OR_ATO,IN_PROGRESS,,,False,MEDIUM,CHATBOT
CBK0001507,TXN00014680,USR38336,MCH1475,,,6017.37,AMOUNT_MISMATCH,REJECTED,,,False,LOW,CHATBOT
CBK0001508,TXN00006688,USR56287,MCH2552,,,592.68,FRAUD_OR_ATO,IN_PROGRESS,,,False,HIGH,EMAIL
CBK0001509,TXN00011866,USR37594,MCH9858,,,628.55,MERCHANT_OR_DELIVERY_ISSUE,RESOLVED,,,False,LOW,CHATBOT
CBK0001510,TXN00009054,USR40521,MCH8665,,,14177.27,FRAUD_OR_ATO,IN_PROGRESS,,,False,MEDIUM,IVR
CBK0001511,TXN00013557,USR53356,MCH4473,,,5693.78,MERCHANT_OR_DELIVERY_ISSUE,OPEN,,,False,LOW,IVR
CBK0001512,TXN00019027,USR98733,MCH1775,,,800.24,DUPLICATE_PROCESSING,REJECTED,,,False,MEDIUM,EMAIL
CBK0001513,TXN00000653,USR70889,MCH8076,,2026-03-19 00:00:00,0.43,MERCHANT_OR_DELIVERY_ISSUE,IN_PROGRESS,,,False,LOW,APP
CBK0001514,TXN00017992,USR36766,MCH3815,2026-02-12 00:00:00,,1134.77,AMOUNT_MISMATCH,REJECTED,,,False,LOW,CHATBOT
CBK0001515,TXN00000062,USR11366,MCH2992,,,330.73,MERCHANT_OR_DELIVERY_ISSUE,CLOSED,,,False,LOW,BRANCH
CBK0001516,TXN00013162,USR27947,MCH4181,,,221.35,MERCHANT_OR_DELIVERY_ISSUE,CLOSED,,,False,HIGH,APP
CBK0001517,TXN00016968,USR40843,MCH2266,,2026-03-11 23:37:25,1768.72,FRAUD_OR_ATO,REJECTED,,,False,MEDIUM,APP
CBK0001518,TXN00015930,USR24159,MCH7364,,,8611.05,MERCHANT_OR_DELIVERY_ISSUE,RESOLVED,,,False,LOW,APP
CBK0001519,TXN00000459,USR36461,MCH6850,,2026-02-20 00:52:09,8278.26,GENERAL_DISPUTE,IN_PROGRESS,,,False,HIGH,CALL CENTER
CBK0001520,TXN00005376,USR68623,MCH8701,,,6375.04,MERCHANT_OR_DELIVERY_ISSUE,IN_PROGRESS,,,False,MEDIUM,APP
CBK0001521,TXN00010065,USR51069,MCH8953,,,4146.46,MERCHANT_OR_DELIVERY_ISSUE,CLOSED,,,False,LOW,CHATBOT
CBK0001522,TXN00013545,USR75846,MCH9344,,,0.25,AMOUNT_MISMATCH,RESOLVED,,,False,LOW,CHATBOT
CBK0001523,TXN00010463,USR76129,MCH3006,,,,FRAUD_OR_ATO,IN_PROGRESS,,,False,MEDIUM,CALL CENTER
CBK0001524,TXN00010627,USR65183,MCH5171,,,,FRAUD_OR_ATO,RESOLVED,,,False,LOW,BRANCH
CBK0001525,TXN00004103,USR18453,MCH7793,,,4864.83,FRAUD_OR_ATO,CLOSED,,,False,MEDIUM,EMAIL
CBK0001526,TXN00000871,USR45479,MCH8259,,,589.34,GENERAL_DISPUTE,RESOLVED,,,False,CRITICAL,EMAIL
CBK0001527,TXN44508,USR35882,MCH5076,2026-03-24 00:00:00,,,FRAUD_OR_ATO,RESOLVED,,,False,HIGH,APP
CBK0001528,TXN00007889,USR97360,MCH4970,,,3625.88,GENERAL_DISPUTE,IN_PROGRESS,,,False,MEDIUM,IVR
CBK0001529,TXN00008099,USR86223,MCH1511,,2026-02-24 00:00:00,4576.69,MERCHANT_OR_DELIVERY_ISSUE,CLOSED,,,False,CRITICAL,IVR
CBK0001530,TXN00000959,USR38580,MCH7286,2026-03-08 00:00:00,,982.69,GENERAL_DISPUTE,OPEN,,,False,LOW,EMAIL
CBK0001531,TXN00018893,USR98962,MCH8250,,,3450.22,DUPLICATE_PROCESSING,IN_PROGRESS,,,False,MEDIUM,EMAIL
CBK0001532,UNKNOWN_TXN,USR52450,MCH6244,,,3174.58,GENERAL_DISPUTE,REJECTED,,,False,LOW,IVR
CBK0001533,TXN00007635,USR56755,MCH7066,,2026-02-14 00:00:00,1325.25,FRAUD_OR_ATO,REJECTED,,,False,HIGH,APP
CBK0001534,TXN00017134,USR12661,MCH2383,,,2108.75,FRAUD_OR_ATO,RESOLVED,,,False,LOW,BRANCH
CBK0001535,TXN00015786,USR49801,MCH2148,,,14485.22,GENERAL_DISPUTE,IN_PROGRESS,,,False,MEDIUM,CALL CENTER
CBK0001536,TXN00003677,USR67399,MCH1566,,,1364.35,MERCHANT_OR_DELIVERY_ISSUE,RESOLVED,,,False,LOW,EMAIL
CBK0001537,TXN00001929,USR74377,MCH4082,,,1412.21,GENERAL_DISPUTE,IN_PROGRESS,,,False,LOW,APP
CBK0001538,TXN00007658,USR99769,MCH5655,,,2100.66,GENERAL_DISPUTE,IN_PROGRESS,,,False,MEDIUM,APP
CBK0001539,TXN60420,USR95104,MCH5264,,,1505.75,DUPLICATE_PROCESSING,IN_PROGRESS,,,False,MEDIUM,IVR
CBK0001540,TXN00018190,USR83597,MCH5264,,,3985.84,FRAUD_OR_ATO,REJECTED,,,False,MEDIUM,IVR
CBK0001541,TXN00011858,USR73594,MCH4651,,2026-04-07 00:00:00,7857.66,DUPLICATE_PROCESSING,OPEN,,,False,MEDIUM,EMAIL
CBK0001542,TXN00007849,USR68559,MCH4064,,2026-01-23 03:43:00,0.14,MERCHANT_OR_DELIVERY_ISSUE,IN_PROGRESS,2026-02-15 03:43:00,23.0,True,MEDIUM,BRANCH
CBK0001543,TXN00009804,USR90720,MCH4495,,,767.56,MERCHANT_OR_DELIVERY_ISSUE,REJECTED,,,False,MEDIUM,IVR
CBK0001544,TXN00010606,USR12233,MCH9344,,,13028.67,MERCHANT_OR_DELIVERY_ISSUE,RESOLVED,2026-04-16 09:56:11,,False,HIGH,CHATBOT
CBK0001545,TXN00005459,USR26201,MCH9867,,2026-02-15 00:00:00,0.2,FRAUD_OR_ATO,REJECTED,,,False,LOW,APP
CBK0001546,TXN00006374,USR50077,MCH5655,,,328.81,GENERAL_DISPUTE,OPEN,2026-02-15 05:29:55,,False,MEDIUM,APP
CBK0001547,TXN00019722,USR58117,MCH9568,,,0.12,DUPLICATE_PROCESSING,IN_PROGRESS,,,False,HIGH,IVR
CBK0001548,TXN00000463,USR79013,MCH7615,,,,MERCHANT_OR_DELIVERY_ISSUE,RESOLVED,,,False,HIGH,BRANCH
CBK0001549,TXN00005488,USR93167,MCH5584,,,8967.32,MERCHANT_OR_DELIVERY_ISSUE,RESOLVED,,,False,MEDIUM,BRANCH
CBK0001550,TXN00019667,USR69706,MCH1489,2026-03-16 00:00:00,,,GENERAL_DISPUTE,IN_PROGRESS,,,False,MEDIUM,CHATBOT
CBK0001551,TXN00014584,USR72106,MCH5954,,,25463.16,FRAUD_OR_ATO,RESOLVED,,,False,MEDIUM,BRANCH
CBK0001552,TXN00014793,USR10598,MCH1855,,,641.02,MERCHANT_OR_DELIVERY_ISSUE,IN_PROGRESS,,,False,HIGH,CHATBOT
CBK0001553,TXN00004048,USR26051,MCH3235,,,815.95,MERCHANT_OR_DELIVERY_ISSUE,IN_PROGRESS,,,False,LOW,APP
CBK0001554,TXN00012362,USR87967,MCH3177,2026-02-01 00:00:00,,1105.15,FRAUD_OR_ATO,RESOLVED,,,False,LOW,EMAIL
CBK0001555,TXN00010998,USR55626,MCH3270,,,0.11,FRAUD_OR_ATO,CLOSED,,,False,CRITICAL,CALL CENTER
CBK0001556,TXN00003293,USR34180,MCH4663,,,0.2,DUPLICATE_PROCESSING,RESOLVED,,,False,MEDIUM,EMAIL
CBK0001557,TXN00010126,USR26970,MCH8953,,,1107.77,GENERAL_DISPUTE,IN_PROGRESS,,,False,LOW,EMAIL
CBK0001558,TXN00018011,USR70587,MCH9995,,2026-02-12 00:00:00,550.29,AMOUNT_MISMATCH,IN_PROGRESS,,,False,LOW,EMAIL
CBK0001559,TXN00003513,USR15980,MCH9291,,,754.13,MERCHANT_OR_DELIVERY_ISSUE,RESOLVED,,,False,MEDIUM,CHATBOT
CBK0001560,TXN00001620,USR85566,MCH6810,,,1347.82,GENERAL_DISPUTE,RESOLVED,,,False,LOW,CHATBOT
CBK0001561,TXN00012655,USR49452,MCH7833,,,5677.69,MERCHANT_OR_DELIVERY_ISSUE,OPEN,2026-02-14 10:24:28,,False,MEDIUM,BRANCH
CBK0001562,TXN00018017,USR24710,MCH6971,,,1017.08,GENERAL_DISPUTE,OPEN,,,False,MEDIUM,CHATBOT
CBK0001563,TXN00004035,USR38725,MCH4473,,,4064.18,DUPLICATE_PROCESSING,CLOSED,,,False,MEDIUM,IVR
CBK0001564,TXN00001739,USR36402,MCH6953,,,482.37,DUPLICATE_PROCESSING,IN_PROGRESS,,,False,LOW,EMAIL
CBK0001565,TXN00019006,USR76917,MCH2053,,2026-03-17 00:00:00,,MERCHANT_OR_DELIVERY_ISSUE,REJECTED,,,False,MEDIUM,IVR
CBK0001566,TXN00004832,USR79325,MCH4041,,,1582.6,FRAUD_OR_ATO,IN_PROGRESS,,,False,MEDIUM,EMAIL
CBK0001567,TXN00010292,USR40745,MCH3673,,,982.39,GENERAL_DISPUTE,IN_PROGRESS,,,False,MEDIUM,EMAIL
CBK0001568,TXN00010744,USR28325,MCH2822,2026-02-03 04:06:53,2026-02-04 12:06:53,748.64,FRAUD_OR_ATO,RESOLVED,,,False,MEDIUM,BRANCH
CBK0001569,TXN00014298,USR48625,MCH4181,,,665.91,FRAUD_OR_ATO,IN_PROGRESS,,,False,MEDIUM,CHATBOT
CBK0001570,TXN00015345,USR50434,MCH4720,2026-03-14 05:36:46,,891.13,FRAUD_OR_ATO,RESOLVED,,,False,LOW,BRANCH
CBK0001571,TXN00006558,USR78593,MCH4215,,,673.61,GENERAL_DISPUTE,RESOLVED,2026-05-07 03:33:21,,False,MEDIUM,CHATBOT
CBK0001572,TXN00014973,USR69706,MCH9344,,,0.74,GENERAL_DISPUTE,CLOSED,,,False,LOW,CHATBOT
CBK0001573,TXN00015673,USR29406,MCH4270,,,,FRAUD_OR_ATO,CLOSED,,,False,MEDIUM,IVR
CBK0001574,TXN00019043,USR90528,MCH6885,,,0.22,FRAUD_OR_ATO,IN_PROGRESS,,,False,HIGH,BRANCH
CBK0001575,TXN00003257,USR24459,MCH6850,,,198.46,MERCHANT_OR_DELIVERY_ISSUE,RESOLVED,,,False,LOW,IVR
CBK0001576,TXN00012979,USR85329,MCH1945,,,21185.86,FRAUD_OR_ATO,CLOSED,,,False,LOW,CHATBOT
CBK0001577,TXN00017992,USR54208,MCH5397,,,0.17,MERCHANT_OR_DELIVERY_ISSUE,REJECTED,,,False,LOW,APP
CBK0001578,TXN00008775,USR61019,MCH8496,,,8304.41,FRAUD_OR_ATO,RESOLVED,,,False,LOW,EMAIL
CBK0001579,TXN00013935,USR67399,MCH5294,,,1513.85,AMOUNT_MISMATCH,IN_PROGRESS,,,False,LOW,APP
CBK0001580,TXN00004779,USR38912,MCH6908,,,1565.13,FRAUD_OR_ATO,OPEN,,,False,MEDIUM,EMAIL
CBK0001581,TXN96928,USR33856,MCH8779,,,2456.94,GENERAL_DISPUTE,IN_PROGRESS,,,False,LOW,CALL CENTER
CBK0001582,TXN00016057,USR78482,MCH9821,,2026-01-19 00:00:00,3429.16,GENERAL_DISPUTE,CLOSED,,,False,HIGH,CHATBOT
CBK0001583,TXN00015176,USR41858,MCH3750,,,519.74,FRAUD_OR_ATO,IN_PROGRESS,,,False,CRITICAL,EMAIL
CBK0001584,TXN00016151,USR53727,MCH3815,,2026-02-04 08:28:07,1236.73,FRAUD_OR_ATO,IN_PROGRESS,,,False,LOW,CALL CENTER
CBK0001585,TXN82330,USR14591,MCH3928,,,2452.3,MERCHANT_OR_DELIVERY_ISSUE,IN_PROGRESS,,,False,CRITICAL,IVR
CBK0001586,TXN00001182,USR80241,MCH7734,,,261.51,MERCHANT_OR_DELIVERY_ISSUE,IN_PROGRESS,,,False,MEDIUM,BRANCH
CBK0001587,TXN00016352,USR29556,MCH9289,,2026-01-18 00:00:00,6616.61,MERCHANT_OR_DELIVERY_ISSUE,OPEN,,,False,MEDIUM,CHATBOT
CBK0001588,TXN00006200,USR71373,MCH4370,,,5233.09,MERCHANT_OR_DELIVERY_ISSUE,IN_PROGRESS,,,False,HIGH,EMAIL
CBK0001589,TXN88540,USR96555,MCH2757,,,221.01,FRAUD_OR_ATO,REJECTED,2026-02-24 20:47:43,,False,HIGH,IVR
CBK0001590,TXN00014261,USR66321,MCH8391,2026-01-02 02:08:36,,750.7,MERCHANT_OR_DELIVERY_ISSUE,IN_PROGRESS,,,False,MEDIUM,IVR
CBK0001591,TXN00001778,USR22644,MCH3896,,,0.2,FRAUD_OR_ATO,REJECTED,,,False,LOW,IVR
CBK0001592,TXN00015183,USR24536,MCH2785,2026-02-07 00:00:00,,4195.81,MERCHANT_OR_DELIVERY_ISSUE,RESOLVED,,,False,MEDIUM,EMAIL
CBK0001593,TXN00015434,USR18724,MCH7728,,,8317.58,GENERAL_DISPUTE,IN_PROGRESS,,,False,MEDIUM,EMAIL
CBK0001594,TXN00004839,USR23350,MCH9444,,,955.91,MERCHANT_OR_DELIVERY_ISSUE,CLOSED,2026-04-24 21:10:57,,False,HIGH,CHATBOT
CBK0001595,TXN00019657,USR11057,MCH7114,2026-03-10 01:00:24,,0.19,GENERAL_DISPUTE,CLOSED,,,False,MEDIUM,APP
CBK0001596,TXN00002674,USR97070,MCH2065,,2026-01-17 00:00:00,0.17,FRAUD_OR_ATO,CLOSED,,,False,MEDIUM,CALL CENTER
CBK0001597,TXN00014374,USR80134,MCH4854,,,1445.01,FRAUD_OR_ATO,RESOLVED,,,False,LOW,BRANCH
CBK0001598,TXN00005489,USR33874,MCH6555,2026-03-16 00:00:00,,3170.75,FRAUD_OR_ATO,CLOSED,2026-03-23 11:42:34,,False,MEDIUM,CALL CENTER
CBK0001599,TXN00018048,USR45408,MCH4590,,,2467.08,MERCHANT_OR_DELIVERY_ISSUE,IN_PROGRESS,,,False,HIGH,CHATBOT
CBK0001600,TXN00014926,USR22359,MCH4542,,,2332.94,FRAUD_OR_ATO,CLOSED,,,False,LOW,CHATBOT
CBK0001601,TXN00014556,USR51157,MCH7360,2026-02-14 20:36:49,,13308.54,FRAUD_OR_ATO,IN_PROGRESS,,,False,MEDIUM,CHATBOT
CBK0001602,TXN00000594,USR37916,MCH4233,,2026-03-31 16:51:28,2315.48,MERCHANT_OR_DELIVERY_ISSUE,IN_PROGRESS,,,False,MEDIUM,APP
CBK0001603,TXN00007165,USR26534,MCH2266,,,0.68,DUPLICATE_PROCESSING,CLOSED,,,False,LOW,APP
CBK0001604,TXN00019626,USR38245,MCH7973,,,0.78,FRAUD_OR_ATO,REJECTED,,,False,MEDIUM,EMAIL
CBK0001605,TXN00013039,USR38436,MCH5655,,,7884.27,FRAUD_OR_ATO,REJECTED,,,False,MEDIUM,CALL CENTER
CBK0001606,TXN00006400,USR91446,MCH8696,2026-01-29 00:00:00,2026-02-01 00:00:00,3582.55,FRAUD_OR_ATO,IN_PROGRESS,,,False,HIGH,EMAIL
CBK0001607,TXN00015175,USR13767,MCH2284,,,381.32,DUPLICATE_PROCESSING,IN_PROGRESS,,,False,CRITICAL,EMAIL
CBK0001608,TXN00019683,USR20968,MCH4899,2026-02-14 00:00:00,,363.03,GENERAL_DISPUTE,IN_PROGRESS,,,False,MEDIUM,EMAIL
CBK0001609,TXN00011210,USR50352,MCH2706,2026-02-20 08:31:54,,1853.91,FRAUD_OR_ATO,OPEN,,,False,MEDIUM,IVR
CBK0001610,TXN00008090,USR29627,MCH9644,,,3349.24,AMOUNT_MISMATCH,IN_PROGRESS,,,False,MEDIUM,CALL CENTER
CBK0001611,TXN00009947,USR19432,MCH1827,,,917.78,AMOUNT_MISMATCH,IN_PROGRESS,,,False,CRITICAL,IVR
CBK0001612,TXN00014722,USR65193,MCH2065,2026-01-19 00:00:00,2026-01-22 11:17:44,336.91,FRAUD_OR_ATO,IN_PROGRESS,2026-02-04 11:17:44,13.0,False,MEDIUM,CHATBOT
CBK0001613,TXN00012902,USR20076,MCH8345,2026-02-18 00:00:00,2026-02-20 00:00:00,586.88,MERCHANT_OR_DELIVERY_ISSUE,IN_PROGRESS,2026-03-21 05:15:27,29.0,True,LOW,EMAIL
CBK0001614,TXN00017424,USR36509,MCH1316,2026-02-18 00:00:00,,9374.52,MERCHANT_OR_DELIVERY_ISSUE,IN_PROGRESS,,,False,MEDIUM,CHATBOT
CBK0001615,TXN00001397,USR23350,MCH9727,,,0.3,GENERAL_DISPUTE,IN_PROGRESS,,,False,HIGH,EMAIL
CBK0001616,TXN00009207,USR49823,MCH8953,,,0.49,AMOUNT_MISMATCH,OPEN,,,False,HIGH,CHATBOT
CBK0001617,TXN00001553,USR68522,MCH7372,2026-01-08 00:00:00,,5796.41,MERCHANT_OR_DELIVERY_ISSUE,IN_PROGRESS,,,False,CRITICAL,CALL CENTER
CBK0001618,TXN00015125,USR77086,MCH1644,2026-03-28 00:00:00,,0.97,FRAUD_OR_ATO,IN_PROGRESS,,,False,MEDIUM,BRANCH
CBK0001619,TXN00007989,USR21845,MCH1998,,,1245.09,AMOUNT_MISMATCH,CLOSED,,,False,MEDIUM,CHATBOT
CBK0001620,TXN00013592,USR47384,MCH9347,,,1528.43,MERCHANT_OR_DELIVERY_ISSUE,CLOSED,,,False,LOW,APP
CBK0001621,TXN00006638,USR85507,MCH6644,2026-01-03 00:00:00,,2742.66,AMOUNT_MISMATCH,OPEN,,,False,CRITICAL,CHATBOT
CBK0001622,TXN00003616,USR88037,MCH2915,,,5374.95,FRAUD_OR_ATO,RESOLVED,,,False,LOW,CALL CENTER
CBK0001623,TXN00004018,USR77422,MCH8838,,,11729.72,MERCHANT_OR_DELIVERY_ISSUE,IN_PROGRESS,2026-03-01 01:02:03,,False,MEDIUM,CHATBOT
CBK0001624,TXN00012795,USR83035,MCH3452,,,4081.84,MERCHANT_OR_DELIVERY_ISSUE,CLOSED,2026-02-10 16:03:46,,False,MEDIUM,IVR
CBK0001625,TXN00006214,USR39132,MCH3495,,,4111.68,GENERAL_DISPUTE,CLOSED,2026-04-12 23:46:08,,False,MEDIUM,EMAIL
CBK0001626,TXN49458,USR11987,MCH8783,,,12414.63,GENERAL_DISPUTE,OPEN,,,False,CRITICAL,BRANCH
CBK0001627,TXN00003467,USR98075,MCH7306,,,1472.83,DUPLICATE_PROCESSING,REJECTED,2026-03-27 03:10:55,,False,MEDIUM,EMAIL
CBK0001628,TXN00008857,USR61151,MCH4796,,,5937.26,DUPLICATE_PROCESSING,REJECTED,2026-04-04 09:53:18,,False,LOW,CALL CENTER
CBK0001629,TXN00012665,USR52097,MCH2757,2026-03-16 00:00:00,2026-03-19 00:00:00,3223.69,MERCHANT_OR_DELIVERY_ISSUE,IN_PROGRESS,,,False,CRITICAL,EMAIL
CBK0001630,TXN00011150,USR97781,MCH4684,,,0.33,DUPLICATE_PROCESSING,RESOLVED,,,False,MEDIUM,CALL CENTER
CBK0001631,TXN00014809,USR76917,MCH2822,,2026-02-25 00:00:00,1458.95,MERCHANT_OR_DELIVERY_ISSUE,RESOLVED,,,False,HIGH,APP
CBK0001632,TXN00015576,USR12683,MCH9869,2026-03-19 05:30:23,,448.44,FRAUD_OR_ATO,IN_PROGRESS,,,False,MEDIUM,APP
CBK0001633,UNKNOWN_TXN,USR69513,MCH6502,,,0.26,FRAUD_OR_ATO,IN_PROGRESS,,,False,HIGH,APP
CBK0001634,TXN00016754,USR77208,MCH6810,,,2563.38,FRAUD_OR_ATO,CLOSED,,,False,LOW,CHATBOT
CBK0001635,TXN00008467,USR70836,MCH6914,,,1016.94,FRAUD_OR_ATO,CLOSED,,,False,MEDIUM,CALL CENTER
CBK0001636,TXN00012003,USR66224,MCH3992,,,1641.33,DUPLICATE_PROCESSING,IN_PROGRESS,,,False,MEDIUM,APP
CBK0001637,TXN00014399,USR56117,MCH2434,,,748.53,FRAUD_OR_ATO,IN_PROGRESS,2026-03-05 00:45:18,,False,HIGH,IVR
CBK0001638,TXN00016806,USR90476,MCH2266,,,754.9,MERCHANT_OR_DELIVERY_ISSUE,CLOSED,,,False,MEDIUM,CALL CENTER
CBK0001639,TXN00005636,USR63938,MCH1320,2026-02-02 00:00:00,,0.11,DUPLICATE_PROCESSING,CLOSED,2026-02-12 11:56:31,,False,MEDIUM,EMAIL
CBK0001640,TXN00009672,USR72121,MCH4035,2026-01-31 00:00:00,,478.93,MERCHANT_OR_DELIVERY_ISSUE,CLOSED,,,False,LOW,BRANCH
CBK0001641,TXN00012030,USR59679,MCH5954,,,,MERCHANT_OR_DELIVERY_ISSUE,REJECTED,,,False,LOW,CALL CENTER
CBK0001642,TXN00010479,USR22574,MCH9738,,2026-01-18 02:57:54,3691.3,FRAUD_OR_ATO,CLOSED,2026-02-17 02:57:54,30.0,True,MEDIUM,EMAIL
CBK0001643,TXN00000106,USR58071,MCH5954,,,7755.19,FRAUD_OR_ATO,IN_PROGRESS,,,False,CRITICAL,CHATBOT
CBK0001644,TXN00015953,USR99110,MCH2723,,,,MERCHANT_OR_DELIVERY_ISSUE,REJECTED,2026-03-31 12:00:12,,False,LOW,CHATBOT
CBK0001645,TXN00004849,USR87914,MCH2065,,,0.12,MERCHANT_OR_DELIVERY_ISSUE,IN_PROGRESS,2026-04-04 09:04:41,,False,MEDIUM,BRANCH
CBK0001646,TXN00008404,USR50087,MCH8857,,,6003.55,FRAUD_OR_ATO,IN_PROGRESS,,,False,LOW,IVR
CBK0001647,TXN94322,USR55487,MCH7879,2026-03-26 07:27:17,,2530.5,MERCHANT_OR_DELIVERY_ISSUE,REJECTED,,,False,MEDIUM,EMAIL
CBK0001648,TXN00003335,USR96396,MCH5954,,,1426.02,FRAUD_OR_ATO,IN_PROGRESS,,,False,HIGH,IVR
CBK0001649,TXN00018989,USR90653,MCH2436,,,0.27,DUPLICATE_PROCESSING,IN_PROGRESS,,,False,HIGH,CHATBOT
CBK0001650,TXN00007842,USR43371,MCH9291,,2026-03-27 00:00:00,0.54,AMOUNT_MISMATCH,IN_PROGRESS,,,False,LOW,IVR
CBK0001651,TXN00010749,USR62848,MCH3729,,2026-02-22 23:37:50,,FRAUD_OR_ATO,IN_PROGRESS,,,False,LOW,BRANCH
CBK0001652,TXN00018423,USR89267,MCH7879,,,0.11,MERCHANT_OR_DELIVERY_ISSUE,IN_PROGRESS,,,False,HIGH,IVR
CBK0001653,TXN00008030,USR83418,MCH6033,,,1200.17,MERCHANT_OR_DELIVERY_ISSUE,RESOLVED,2026-03-28 11:43:48,,False,MEDIUM,IVR
CBK0001654,TXN00012039,USR76792,MCH6492,,,0.97,DUPLICATE_PROCESSING,IN_PROGRESS,,,False,HIGH,CALL CENTER
CBK0001655,TXN00016496,USR31906,MCH4225,,,5996.21,GENERAL_DISPUTE,RESOLVED,,,False,CRITICAL,IVR
CBK0001656,TXN00014355,USR49179,MCH9241,2026-03-31 00:00:00,,842.31,DUPLICATE_PROCESSING,OPEN,,,False,LOW,BRANCH
CBK0001657,TXN00002770,USR79332,MCH7033,,,1004.64,FRAUD_OR_ATO,OPEN,,,False,MEDIUM,EMAIL
CBK0001658,TXN00004488,USR55710,MCH6850,,,0.25,AMOUNT_MISMATCH,REJECTED,,,False,CRITICAL,APP
CBK0001659,TXN00013503,USR75281,MCH8953,2026-03-29 00:00:00,,2276.34,MERCHANT_OR_DELIVERY_ISSUE,REJECTED,,,False,MEDIUM,CALL CENTER
CBK0001660,TXN00002347,USR11036,MCH2383,,,1200.09,MERCHANT_OR_DELIVERY_ISSUE,REJECTED,,,False,MEDIUM,IVR
CBK0001661,TXN00009867,USR15733,MCH8681,,,9736.35,MERCHANT_OR_DELIVERY_ISSUE,REJECTED,2026-04-16 19:28:49,,False,HIGH,BRANCH
CBK0001662,TXN00008240,USR43842,MCH7885,,,962.34,MERCHANT_OR_DELIVERY_ISSUE,RESOLVED,,,False,HIGH,BRANCH
CBK0001663,TXN00008414,USR40891,MCH1873,,,1523.73,MERCHANT_OR_DELIVERY_ISSUE,IN_PROGRESS,,,False,HIGH,CHATBOT
CBK0001664,TXN00018525,USR61151,MCH2048,,,263.29,FRAUD_OR_ATO,IN_PROGRESS,2026-02-10 20:54:30,,False,LOW,CHATBOT
CBK0001665,TXN00007306,USR21049,MCH7578,,,0.13,MERCHANT_OR_DELIVERY_ISSUE,IN_PROGRESS,,,False,LOW,CHATBOT
CBK0001666,TXN00018160,USR11659,MCH6810,,,0.48,MERCHANT_OR_DELIVERY_ISSUE,IN_PROGRESS,,,False,MEDIUM,CHATBOT
CBK0001667,TXN00003837,USR73010,MCH2586,,,723.24,MERCHANT_OR_DELIVERY_ISSUE,OPEN,,,False,HIGH,CALL CENTER
CBK0001668,TXN00013060,USR11531,MCH8697,,,255.73,AMOUNT_MISMATCH,IN_PROGRESS,2026-02-04 07:49:01,,False,MEDIUM,EMAIL
CBK0001669,TXN00017590,USR41522,MCH4473,,,740.63,DUPLICATE_PROCESSING,IN_PROGRESS,,,False,MEDIUM,CALL CENTER
CBK0001670,TXN00018666,USR83277,MCH7513,,,0.17,FRAUD_OR_ATO,OPEN,,,False,MEDIUM,BRANCH
CBK0001671,TXN00001758,USR86472,MCH7728,,,0.14,MERCHANT_OR_DELIVERY_ISSUE,OPEN,,,False,LOW,CHATBOT
CBK0001672,TXN00010193,USR30239,MCH9948,,,1194.2,GENERAL_DISPUTE,CLOSED,,,False,MEDIUM,EMAIL
CBK0001673,TXN00017039,USR32436,MCH9055,,,0.13,MERCHANT_OR_DELIVERY_ISSUE,RESOLVED,2026-01-21 15:04:59,,False,LOW,CHATBOT
CBK0001674,TXN00013171,USR44076,MCH8679,,,1091.17,FRAUD_OR_ATO,IN_PROGRESS,,,False,HIGH,BRANCH
CBK0001675,TXN00007698,USR30500,MCH1290,2026-03-25 00:00:00,,1746.55,DUPLICATE_PROCESSING,RESOLVED,2026-04-10 05:50:27,,False,MEDIUM,BRANCH
CBK0001676,TXN00013539,USR90288,MCH8203,,,1619.34,MERCHANT_OR_DELIVERY_ISSUE,REJECTED,,,False,MEDIUM,APP
CBK0001677,TXN00005417,USR53957,MCH2848,,,2380.3,MERCHANT_OR_DELIVERY_ISSUE,CLOSED,,,False,MEDIUM,APP
CBK0001678,TXN00013912,USR44975,MCH7114,2026-01-18 00:00:00,2026-01-19 00:00:00,1478.88,MERCHANT_OR_DELIVERY_ISSUE,OPEN,,,False,HIGH,IVR
CBK0001679,TXN00007437,USR11987,MCH2576,,,1171.85,FRAUD_OR_ATO,REJECTED,,,False,MEDIUM,IVR
CBK0001680,TXN00009645,USR11085,MCH7073,,,3937.19,MERCHANT_OR_DELIVERY_ISSUE,OPEN,,,False,MEDIUM,CHATBOT
CBK0001681,TXN00013474,USR44690,MCH1928,,2026-04-07 00:00:00,3303.95,MERCHANT_OR_DELIVERY_ISSUE,OPEN,,,False,LOW,IVR
CBK0001682,TXN00010834,USR67399,MCH8675,,,1750.36,DUPLICATE_PROCESSING,IN_PROGRESS,,,False,MEDIUM,CHATBOT
CBK0001683,TXN00009432,USR85334,MCH3739,,,5973.59,GENERAL_DISPUTE,IN_PROGRESS,2026-04-05 12:06:35,,False,HIGH,EMAIL
CBK0001684,TXN00010572,USR52501,MCH5980,2026-01-05 00:00:00,,0.2,FRAUD_OR_ATO,REJECTED,,,False,HIGH,CHATBOT
CBK0001685,TXN00009635,USR26009,MCH8203,,,1538.91,DUPLICATE_PROCESSING,IN_PROGRESS,,,False,LOW,CHATBOT
CBK0001686,TXN00003833,USR21384,MCH4729,,2026-03-22 00:00:00,1688.18,GENERAL_DISPUTE,OPEN,,,False,MEDIUM,IVR
CBK0001687,TXN00003168,USR79935,MCH8154,,,2132.64,FRAUD_OR_ATO,IN_PROGRESS,,,False,MEDIUM,CHATBOT
CBK0001688,TXN00015571,USR42338,MCH6498,,,722.56,FRAUD_OR_ATO,CLOSED,,,False,MEDIUM,CALL CENTER
CBK0001689,TXN00012952,USR63160,MCH8078,,,277.65,DUPLICATE_PROCESSING,IN_PROGRESS,,,False,LOW,CHATBOT
CBK0001690,TXN00011230,USR60327,MCH9976,,,2395.8,GENERAL_DISPUTE,IN_PROGRESS,,,False,LOW,CHATBOT
CBK0001691,TXN00010383,USR15365,MCH4695,,,4163.19,MERCHANT_OR_DELIVERY_ISSUE,REJECTED,,,False,LOW,IVR
CBK0001692,TXN54083,USR37452,MCH4658,,,664.5,FRAUD_OR_ATO,REJECTED,2026-02-12 08:27:52,,False,MEDIUM,CALL CENTER
CBK0001693,TXN00009578,USR55777,MCH8533,2026-02-01 00:00:00,2026-02-04 17:25:23,5287.35,AMOUNT_MISMATCH,CLOSED,,,False,MEDIUM,APP
CBK0001694,TXN51122,USR46938,MCH9841,2026-03-02 00:00:00,,348.47,AMOUNT_MISMATCH,REJECTED,,,False,LOW,EMAIL
CBK0001695,TXN00007159,USR91996,MCH6645,,2026-03-03 14:25:14,0.1,FRAUD_OR_ATO,IN_PROGRESS,,,False,LOW,APP
CBK0001696,TXN00019601,USR19556,MCH5844,,,9956.85,FRAUD_OR_ATO,CLOSED,,,False,HIGH,CHATBOT
CBK0001697,TXN00015694,USR50776,MCH2822,,,2581.01,MERCHANT_OR_DELIVERY_ISSUE,OPEN,,,False,LOW,IVR
CBK0001698,TXN00015223,USR23621,MCH7119,,2026-02-09 00:00:00,1336.12,MERCHANT_OR_DELIVERY_ISSUE,RESOLVED,,,False,MEDIUM,EMAIL
CBK0001699,TXN00018943,USR65069,MCH1007,,,2326.89,MERCHANT_OR_DELIVERY_ISSUE,CLOSED,,,False,LOW,APP
CBK0001700,TXN00016401,USR72166,MCH6133,,,5981.0,DUPLICATE_PROCESSING,CLOSED,,,False,HIGH,IVR
CBK0001701,TXN00006191,USR79175,MCH8752,,2026-02-26 19:14:05,426.17,GENERAL_DISPUTE,IN_PROGRESS,,,False,LOW,CALL CENTER
CBK0001702,TXN00003610,USR66677,MCH8953,2026-01-30 00:00:00,2026-02-03 00:00:00,6753.79,DUPLICATE_PROCESSING,CLOSED,,,False,LOW,IVR
CBK0001703,TXN00014396,USR62221,MCH7833,,2026-04-14 00:00:00,1107.61,FRAUD_OR_ATO,CLOSED,,,False,HIGH,APP
CBK0001704,TXN00005100,USR11419,MCH1320,,,3671.61,FRAUD_OR_ATO,IN_PROGRESS,2026-03-22 18:04:40,,False,LOW,CHATBOT
CBK0001705,TXN00019762,USR21831,MCH4473,,,978.26,FRAUD_OR_ATO,RESOLVED,,,False,HIGH,EMAIL
CBK0001706,TXN00012764,USR22644,MCH1401,,,9737.34,MERCHANT_OR_DELIVERY_ISSUE,CLOSED,,,False,MEDIUM,CHATBOT
CBK0001707,TXN00006976,USR91675,MCH3676,2026-01-15 00:00:00,,1752.57,FRAUD_OR_ATO,IN_PROGRESS,2026-02-13 02:55:52,,False,LOW,EMAIL
CBK0001708,TXN00009350,USR60818,MCH2906,,,478.75,AMOUNT_MISMATCH,RESOLVED,,,False,MEDIUM,CALL CENTER
CBK0001709,TXN00014343,USR26622,MCH8668,,,0.29,MERCHANT_OR_DELIVERY_ISSUE,OPEN,,,False,MEDIUM,BRANCH
CBK0001710,TXN00002546,USR96958,MCH4226,,,6642.41,FRAUD_OR_ATO,REJECTED,,,False,LOW,CALL CENTER
CBK0001711,TXN00011255,USR65114,MCH6292,2026-01-03 00:00:00,,,FRAUD_OR_ATO,RESOLVED,2026-01-07 01:32:03,,False,HIGH,BRANCH
CBK0001712,TXN00007450,USR20950,MCH4523,,,1985.25,MERCHANT_OR_DELIVERY_ISSUE,IN_PROGRESS,,,False,HIGH,CHATBOT
CBK0001713,TXN00019900,USR24117,MCH3622,2026-01-19 00:00:00,2026-01-27 00:00:00,4072.76,MERCHANT_OR_DELIVERY_ISSUE,IN_PROGRESS,,,False,MEDIUM,BRANCH
CBK0001714,TXN00019200,USR10307,MCH3670,,2026-01-24 13:45:28,0.12,GENERAL_DISPUTE,OPEN,,,False,MEDIUM,CHATBOT
CBK0001715,TXN00010566,USR83077,MCH9707,,2026-02-24 00:00:00,3265.07,FRAUD_OR_ATO,REJECTED,,,False,MEDIUM,IVR
CBK0001716,TXN00008167,USR60833,MCH6947,,,2598.82,DUPLICATE_PROCESSING,IN_PROGRESS,,,False,MEDIUM,BRANCH
CBK0001717,TXN00005246,USR87318,MCH2104,,,99.96,DUPLICATE_PROCESSING,REJECTED,,,False,LOW,IVR
CBK0001718,TXN33788,USR58639,MCH2757,2026-01-06 14:14:30,,664.74,AMOUNT_MISMATCH,OPEN,2026-01-26 16:14:30,,False,LOW,BRANCH
CBK0001719,TXN00009609,USR13864,MCH7474,2026-01-27 05:30:35,,2225.74,FRAUD_OR_ATO,CLOSED,,,False,HIGH,IVR
CBK0001720,TXN00009955,USR71375,MCH7982,,,2132.38,MERCHANT_OR_DELIVERY_ISSUE,IN_PROGRESS,,,False,MEDIUM,CHATBOT
CBK0001721,TXN00013741,USR65211,MCH5954,2026-02-08 00:00:00,,1756.23,MERCHANT_OR_DELIVERY_ISSUE,CLOSED,,,False,HIGH,BRANCH
CBK0001722,TXN00001041,USR72483,MCH9013,,,1977.08,DUPLICATE_PROCESSING,IN_PROGRESS,,,False,LOW,BRANCH
CBK0001723,TXN00000941,USR58335,MCH7616,,2026-01-07 07:32:40,6049.12,FRAUD_OR_ATO,CLOSED,,,False,LOW,BRANCH
CBK0001724,TXN00001257,USR18577,MCH5237,,,2576.33,FRAUD_OR_ATO,CLOSED,,,False,LOW,IVR
CBK0001725,TXN00007324,USR35882,MCH8337,2026-02-03 09:39:26,,175.45,GENERAL_DISPUTE,CLOSED,,,False,HIGH,APP
CBK0001726,TXN00001821,USR85403,MCH4473,,,12679.09,GENERAL_DISPUTE,RESOLVED,2026-04-07 15:22:15,,False,MEDIUM,CHATBOT
CBK0001727,TXN00016545,USR45053,MCH5655,2026-03-04 18:43:59,,268.66,FRAUD_OR_ATO,IN_PROGRESS,,,False,MEDIUM,APP
CBK0001728,TXN00005001,USR63634,MCH6359,,2026-03-08 16:09:12,4713.3,GENERAL_DISPUTE,RESOLVED,,,False,MEDIUM,IVR
CBK0001729,TXN00002228,USR56148,MCH6141,,,378.3,AMOUNT_MISMATCH,IN_PROGRESS,,,False,HIGH,CHATBOT
CBK0001730,TXN00006467,USR66854,MCH4352,,2026-02-20 10:08:55,7505.86,AMOUNT_MISMATCH,REJECTED,,,False,HIGH,CHATBOT
CBK0001731,TXN00004984,USR87558,MCH9299,2026-03-31 00:00:00,2026-04-05 00:00:00,1369.23,FRAUD_OR_ATO,RESOLVED,,,False,HIGH,CHATBOT
CBK0001732,TXN00007456,USR17657,MCH3806,2026-03-17 00:00:00,2026-03-17 00:00:00,0.27,FRAUD_OR_ATO,CLOSED,,,False,CRITICAL,BRANCH
CBK0001733,TXN00011566,USR90212,MCH4811,2026-02-22 00:00:00,2026-02-25 00:00:00,248.1,GENERAL_DISPUTE,IN_PROGRESS,,,False,CRITICAL,CHATBOT
CBK0001734,TXN00004267,USR92771,MCH5698,2026-02-01 00:00:00,,3750.2,MERCHANT_OR_DELIVERY_ISSUE,IN_PROGRESS,,,False,LOW,IVR
CBK0001735,TXN00017962,USR81878,MCH2822,,,2741.61,DUPLICATE_PROCESSING,IN_PROGRESS,2026-03-16 23:38:14,,False,LOW,APP
CBK0001736,TXN00006569,USR82594,MCH5200,,2026-03-09 00:00:00,3352.04,MERCHANT_OR_DELIVERY_ISSUE,RESOLVED,,,False,HIGH,APP
CBK0001737,TXN35157,USR51742,MCH3992,,,4673.28,FRAUD_OR_ATO,CLOSED,,,False,CRITICAL,APP
CBK0001738,TXN00010457,USR59679,MCH9291,2026-03-05 00:00:00,2026-03-06 00:00:00,2161.39,FRAUD_OR_ATO,OPEN,2026-03-17 18:20:16,11.0,False,CRITICAL,CALL CENTER
CBK0001739,TXN00013116,USR38088,MCH8068,,,1464.53,MERCHANT_OR_DELIVERY_ISSUE,CLOSED,2026-02-22 20:32:19,,False,MEDIUM,APP
CBK0001740,TXN00009712,USR32707,MCH4181,,2026-01-29 00:00:00,803.59,GENERAL_DISPUTE,CLOSED,,,False,MEDIUM,APP
CBK0001741,TXN00003351,USR12829,MCH8665,,,1160.82,DUPLICATE_PROCESSING,IN_PROGRESS,,,False,HIGH,BRANCH
CBK0001742,TXN00000794,USR25428,MCH4105,2026-02-19 00:00:00,2026-02-22 00:00:00,6042.03,MERCHANT_OR_DELIVERY_ISSUE,OPEN,,,False,HIGH,IVR
CBK0001743,TXN00005081,USR55177,MCH3198,,,782.28,FRAUD_OR_ATO,RESOLVED,,,False,LOW,CHATBOT
CBK0001744,TXN00009167,USR70912,MCH1602,,,286.26,MERCHANT_OR_DELIVERY_ISSUE,CLOSED,,,False,MEDIUM,CHATBOT
CBK0001745,TXN00007273,USR17798,MCH6810,,,673.49,DUPLICATE_PROCESSING,OPEN,,,False,MEDIUM,CALL CENTER
CBK0001746,TXN00015688,USR40061,MCH5969,,,0.33,FRAUD_OR_ATO,IN_PROGRESS,,,False,MEDIUM,CHATBOT
CBK0001747,TXN00019644,USR88037,MCH1186,2026-02-04 00:00:00,,1335.62,MERCHANT_OR_DELIVERY_ISSUE,OPEN,,,False,LOW,CALL CENTER
CBK0001748,TXN36584,USR93861,MCH2037,,,3309.31,FRAUD_OR_ATO,IN_PROGRESS,,,False,HIGH,IVR
CBK0001749,TXN00000318,USR51808,MCH7982,,,,GENERAL_DISPUTE,OPEN,,,False,LOW,APP
CBK0001750,TXN00009063,USR58335,MCH4473,,2026-01-15 00:00:00,91.6,FRAUD_OR_ATO,IN_PROGRESS,,,False,LOW,CHATBOT
CBK0001751,TXN00008083,USR63649,MCH3815,,,2354.56,GENERAL_DISPUTE,OPEN,,,False,HIGH,APP
CBK0001752,TXN00006114,USR22925,MCH5954,,,0.49,FRAUD_OR_ATO,REJECTED,,,False,HIGH,CALL CENTER
CBK0001753,TXN00002207,USR56780,MCH9581,,,326.69,FRAUD_OR_ATO,IN_PROGRESS,,,False,HIGH,CHATBOT
CBK0001754,TXN00006873,USR95486,MCH1520,,,,MERCHANT_OR_DELIVERY_ISSUE,REJECTED,,,False,CRITICAL,BRANCH
CBK0001755,TXN00008682,USR56480,MCH7833,2026-01-19 03:35:28,,5944.75,FRAUD_OR_ATO,CLOSED,,,False,LOW,CHATBOT
CBK0001756,TXN00005028,USR40684,MCH7978,,,1800.13,FRAUD_OR_ATO,IN_PROGRESS,,,False,HIGH,CHATBOT
CBK0001757,TXN00018643,USR46650,MCH2383,,,,MERCHANT_OR_DELIVERY_ISSUE,OPEN,,,False,LOW,CHATBOT
CBK0001758,TXN00014222,USR16922,MCH6546,,,0.22,DUPLICATE_PROCESSING,REJECTED,,,False,LOW,CHATBOT
CBK0001759,TXN00006922,USR60939,MCH1721,,,1390.01,FRAUD_OR_ATO,IN_PROGRESS,,,False,MEDIUM,IVR
CBK0001760,TXN00017025,USR79110,MCH1320,,2026-03-24 23:17:18,,FRAUD_OR_ATO,RESOLVED,,,False,LOW,IVR
CBK0001761,TXN00014440,USR24857,MCH1433,,,12244.08,FRAUD_OR_ATO,OPEN,,,False,HIGH,BRANCH
CBK0001762,TXN00011289,USR14871,MCH4080,2026-02-19 00:00:00,,1035.0,MERCHANT_OR_DELIVERY_ISSUE,IN_PROGRESS,2026-03-22 04:25:49,,False,HIGH,BRANCH
CBK0001763,TXN00006338,USR58810,MCH7667,,,1656.18,MERCHANT_OR_DELIVERY_ISSUE,OPEN,,,False,LOW,CHATBOT
CBK0001764,TXN00007180,USR97480,MCH8142,2026-01-31 00:00:00,,671.37,MERCHANT_OR_DELIVERY_ISSUE,IN_PROGRESS,,,False,HIGH,EMAIL
CBK0001765,TXN00013993,USR29854,MCH6810,,,2111.63,FRAUD_OR_ATO,IN_PROGRESS,,,False,LOW,IVR
CBK0001766,UNKNOWN_TXN,USR12686,MCH7267,,,1546.27,FRAUD_OR_ATO,RESOLVED,2026-03-20 10:31:04,,False,HIGH,CHATBOT
CBK0001767,TXN00003813,USR78593,MCH3210,,,5758.61,FRAUD_OR_ATO,RESOLVED,,,False,LOW,EMAIL
CBK0001768,UNKNOWN_TXN,USR27328,MCH9291,,,7478.21,AMOUNT_MISMATCH,RESOLVED,,,False,MEDIUM,IVR
CBK0001769,TXN00001679,USR43379,MCH9176,,,0.4,GENERAL_DISPUTE,RESOLVED,,,False,MEDIUM,CHATBOT
CBK0001770,TXN00001025,USR97417,MCH7480,,,5150.06,MERCHANT_OR_DELIVERY_ISSUE,CLOSED,,,False,MEDIUM,IVR
CBK0001771,TXN00011619,USR17315,MCH2722,,,893.52,MERCHANT_OR_DELIVERY_ISSUE,IN_PROGRESS,,,False,LOW,EMAIL
CBK0001772,TXN00010231,USR49951,MCH4775,,,,FRAUD_OR_ATO,REJECTED,,,False,MEDIUM,APP
CBK0001773,TXN00016920,USR32081,MCH6850,2026-01-20 00:00:00,,0.28,MERCHANT_OR_DELIVERY_ISSUE,CLOSED,,,False,MEDIUM,CHATBOT
CBK0001774,TXN00001371,USR61715,MCH1759,,,1844.6,FRAUD_OR_ATO,REJECTED,,,False,LOW,APP
CBK0001775,TXN00001597,USR33934,MCH8773,,,13348.89,MERCHANT_OR_DELIVERY_ISSUE,IN_PROGRESS,,,False,CRITICAL,CHATBOT
CBK0001776,TXN00003915,USR57281,MCH6934,2026-02-25 00:00:00,,264.64,DUPLICATE_PROCESSING,REJECTED,,,False,MEDIUM,APP
CBK0001777,TXN00006951,USR81327,MCH9661,,,3359.61,FRAUD_OR_ATO,REJECTED,,,False,MEDIUM,IVR
CBK0001778,TXN00019856,USR11814,MCH9334,,2026-02-03 21:18:46,,FRAUD_OR_ATO,IN_PROGRESS,,,False,HIGH,CHATBOT
CBK0001779,TXN00006263,USR61731,MCH3837,,,843.91,GENERAL_DISPUTE,CLOSED,,,False,LOW,APP
CBK0001780,TXN00012392,USR78095,MCH8798,,2026-03-22 00:00:00,687.06,FRAUD_OR_ATO,IN_PROGRESS,,,False,MEDIUM,EMAIL
CBK0001781,TXN00007749,USR87914,MCH9316,2026-03-31 00:00:00,,1287.86,DUPLICATE_PROCESSING,IN_PROGRESS,,,False,HIGH,EMAIL
CBK0001782,TXN00014790,USR75856,MCH6661,,2026-01-27 06:56:34,350.19,FRAUD_OR_ATO,REJECTED,,,False,MEDIUM,CALL CENTER
CBK0001783,TXN00003103,USR31416,MCH8794,,2026-01-26 00:00:00,0.78,MERCHANT_OR_DELIVERY_ISSUE,RESOLVED,,,False,LOW,IVR
CBK0001784,TXN00013078,USR21865,MCH5686,,,0.27,GENERAL_DISPUTE,IN_PROGRESS,,,False,HIGH,CALL CENTER
CBK0001785,TXN00018150,USR30819,MCH3100,2026-01-12 00:00:00,,1285.26,FRAUD_OR_ATO,IN_PROGRESS,,,False,MEDIUM,BRANCH
CBK0001786,TXN91289,USR77896,MCH8389,,,954.04,MERCHANT_OR_DELIVERY_ISSUE,RESOLVED,,,False,CRITICAL,BRANCH
CBK0001787,TXN00013934,USR50975,MCH4366,2026-03-12 13:58:26,2026-04-11 00:00:00,487.43,FRAUD_OR_ATO,IN_PROGRESS,,,False,HIGH,EMAIL
CBK0001788,TXN00016160,USR74134,MCH4181,2026-01-25 00:00:00,,604.17,DUPLICATE_PROCESSING,CLOSED,,,False,MEDIUM,IVR
CBK0001789,TXN00007455,USR44134,MCH3520,2026-01-02 00:00:00,,1002.8,MERCHANT_OR_DELIVERY_ISSUE,OPEN,,,False,HIGH,IVR
CBK0001790,TXN00000533,USR46536,MCH5535,2026-01-18 17:59:52,,6055.78,FRAUD_OR_ATO,OPEN,,,False,MEDIUM,EMAIL
CBK0001791,TXN00002382,USR91799,MCH9069,,,44046.77,AMOUNT_MISMATCH,CLOSED,,,False,LOW,APP
CBK0001792,TXN00002522,USR78192,MCH5237,2026-01-23 04:37:11,,877.59,MERCHANT_OR_DELIVERY_ISSUE,CLOSED,,,False,MEDIUM,IVR
CBK0001793,TXN00004370,USR75457,MCH8779,,,733.59,FRAUD_OR_ATO,IN_PROGRESS,,,False,MEDIUM,IVR
CBK0001794,TXN00009546,USR84804,MCH3045,,,562.28,GENERAL_DISPUTE,OPEN,,,False,MEDIUM,APP
CBK0001795,TXN00017402,USR78513,MCH4226,,2026-01-31 00:47:03,2837.81,FRAUD_OR_ATO,REJECTED,2026-02-11 00:47:03,11.0,False,LOW,IVR
CBK0001796,TXN00014147,USR19352,MCH5990,,2026-02-22 00:00:00,0.26,FRAUD_OR_ATO,IN_PROGRESS,,,False,LOW,BRANCH
CBK0001797,TXN00007084,USR14626,MCH7878,2026-02-07 00:00:00,2026-02-10 00:00:00,2000.05,GENERAL_DISPUTE,RESOLVED,,,False,LOW,IVR
CBK0001798,TXN00017706,USR24802,MCH9650,2026-01-22 20:39:26,2026-01-24 00:00:00,1159.44,FRAUD_OR_ATO,CLOSED,,,False,LOW,BRANCH
CBK0001799,TXN00012539,USR17980,MCH3700,2026-02-04 00:00:00,2026-02-05 00:00:00,0.7,GENERAL_DISPUTE,OPEN,,,False,LOW,IVR
CBK0001800,UNKNOWN_TXN,USR60863,MCH2534,2026-02-26 00:00:00,2026-02-28 00:00:00,3882.6,FRAUD_OR_ATO,OPEN,,,False,MEDIUM,IVR
CBK0001801,TXN00010702,USR66200,MCH2822,,,3717.71,MERCHANT_OR_DELIVERY_ISSUE,CLOSED,,,False,LOW,EMAIL
CBK0001802,TXN00015492,USR31275,MCH4473,2026-01-22 00:00:00,,2618.19,AMOUNT_MISMATCH,IN_PROGRESS,2026-02-04 02:09:52,,False,HIGH,CHATBOT
CBK0001803,TXN00007718,USR33934,MCH1524,,,1496.09,FRAUD_OR_ATO,IN_PROGRESS,,,False,HIGH,EMAIL
CBK0001804,TXN00008462,USR37261,MCH2030,,,884.33,FRAUD_OR_ATO,REJECTED,2026-03-11 01:34:51,,False,LOW,EMAIL
CBK0001805,TXN00007244,USR76141,MCH3777,,2026-03-27 22:50:39,3040.89,FRAUD_OR_ATO,IN_PROGRESS,,,False,HIGH,CHATBOT
CBK0001806,TXN00003889,USR73653,MCH4226,,,0.28,FRAUD_OR_ATO,REJECTED,,,False,HIGH,IVR
CBK0001807,TXN00002417,USR50995,MCH1244,2026-03-20 13:07:59,,3188.13,MERCHANT_OR_DELIVERY_ISSUE,REJECTED,,,False,MEDIUM,APP
CBK0001808,TXN00004140,USR30844,MCH8779,,,0.38,GENERAL_DISPUTE,IN_PROGRESS,,,False,CRITICAL,BRANCH
CBK0001809,TXN00010916,USR20534,MCH8241,,,2538.37,GENERAL_DISPUTE,REJECTED,,,False,LOW,CHATBOT
CBK0001810,TXN00004960,USR99526,MCH3990,,,1327.87,MERCHANT_OR_DELIVERY_ISSUE,CLOSED,,,False,LOW,APP
CBK0001811,TXN00007437,USR22170,MCH2381,,,751.0,FRAUD_OR_ATO,IN_PROGRESS,,,False,MEDIUM,CHATBOT
CBK0001812,TXN00006460,USR29769,MCH9537,,,3745.94,DUPLICATE_PROCESSING,IN_PROGRESS,2026-03-01 15:46:53,,False,MEDIUM,IVR
CBK0001813,TXN00002689,USR68461,MCH8451,,,2158.72,MERCHANT_OR_DELIVERY_ISSUE,OPEN,,,False,HIGH,CALL CENTER
CBK0001814,TXN00002883,USR42970,MCH2296,,,19036.69,DUPLICATE_PROCESSING,OPEN,,,False,CRITICAL,CALL CENTER
CBK0001815,TXN00017040,USR53591,MCH4590,2026-03-11 16:43:08,,2935.06,MERCHANT_OR_DELIVERY_ISSUE,IN_PROGRESS,,,False,MEDIUM,IVR
CBK0001816,TXN00015001,USR18056,MCH5439,,,,MERCHANT_OR_DELIVERY_ISSUE,IN_PROGRESS,,,False,CRITICAL,BRANCH
CBK0001817,TXN00010816,USR54649,MCH5999,2026-01-20 00:00:00,,1622.49,GENERAL_DISPUTE,IN_PROGRESS,,,False,CRITICAL,CHATBOT
CBK0001818,TXN00005674,USR54580,MCH5397,,,0.56,FRAUD_OR_ATO,IN_PROGRESS,,,False,HIGH,CHATBOT
CBK0001819,TXN00014412,USR27393,MCH9291,,,,DUPLICATE_PROCESSING,REJECTED,,,False,MEDIUM,IVR
CBK0001820,TXN00007866,USR51854,MCH1450,,,2477.45,AMOUNT_MISMATCH,REJECTED,,,False,LOW,EMAIL
CBK0001821,TXN00015418,USR40538,MCH3027,,,2520.29,DUPLICATE_PROCESSING,IN_PROGRESS,,,False,MEDIUM,IVR
CBK0001822,TXN00010858,USR89549,MCH5264,,,0.62,FRAUD_OR_ATO,IN_PROGRESS,,,False,MEDIUM,CALL CENTER
CBK0001823,UNKNOWN_TXN,USR32406,MCH8595,,,3940.26,DUPLICATE_PROCESSING,IN_PROGRESS,,,False,LOW,EMAIL
CBK0001824,TXN00016562,USR59778,MCH2822,2026-01-10 00:00:00,2026-01-15 13:06:53,709.53,FRAUD_OR_ATO,CLOSED,,,False,LOW,CALL CENTER
CBK0001825,TXN00000995,USR60939,MCH9788,,,,FRAUD_OR_ATO,IN_PROGRESS,,,False,MEDIUM,APP
CBK0001826,TXN00012615,USR61997,MCH4353,,,2049.68,FRAUD_OR_ATO,IN_PROGRESS,2026-03-03 14:10:36,,False,MEDIUM,APP
CBK0001827,TXN00003656,USR60742,MCH3472,2026-03-26 00:00:00,2026-04-11 00:00:00,1011.36,GENERAL_DISPUTE,REJECTED,,,False,LOW,BRANCH
CBK0001828,TXN00016623,USR59679,MCH8755,2026-01-05 00:00:00,,818.66,FRAUD_OR_ATO,IN_PROGRESS,2026-02-03 08:21:37,,False,HIGH,BRANCH
CBK0001829,TXN00005136,USR58407,MCH5584,,,1719.63,AMOUNT_MISMATCH,REJECTED,,,False,MEDIUM,BRANCH
CBK0001830,TXN00015594,USR19921,MCH6395,,,4964.2,DUPLICATE_PROCESSING,CLOSED,,,False,CRITICAL,CHATBOT
CBK0001831,TXN00010938,USR88037,MCH5655,,2026-03-18 00:00:00,4425.22,AMOUNT_MISMATCH,OPEN,,,False,LOW,APP
CBK0001832,TXN95203,USR76886,MCH4590,,2026-02-13 00:00:00,3668.05,DUPLICATE_PROCESSING,OPEN,2026-03-02 06:18:49,17.0,True,HIGH,IVR
CBK0001833,TXN00009923,USR24660,MCH3434,,,0.29,GENERAL_DISPUTE,OPEN,,,False,MEDIUM,CALL CENTER
CBK0001834,TXN00009538,USR93486,MCH1097,,,0.11,FRAUD_OR_ATO,CLOSED,,,False,MEDIUM,EMAIL
CBK0001835,TXN66186,USR21162,MCH2549,2026-02-25 20:33:49,,5546.22,FRAUD_OR_ATO,CLOSED,2026-03-17 20:33:49,,False,HIGH,CHATBOT
CBK0001836,TXN00002935,USR58979,MCH4535,,2026-01-19 14:28:40,318.65,MERCHANT_OR_DELIVERY_ISSUE,RESOLVED,,,False,LOW,IVR
CBK0001837,TXN00011621,USR98433,MCH5655,,,,MERCHANT_OR_DELIVERY_ISSUE,REJECTED,,,False,MEDIUM,BRANCH
CBK0001838,TXN00014426,USR30157,MCH4526,,,4193.52,MERCHANT_OR_DELIVERY_ISSUE,OPEN,,,False,MEDIUM,CHATBOT
CBK0001839,TXN00004638,USR67862,MCH8953,,,1651.94,DUPLICATE_PROCESSING,IN_PROGRESS,,,False,HIGH,EMAIL
CBK0001840,TXN00009647,USR97772,MCH5655,,,878.05,DUPLICATE_PROCESSING,REJECTED,,,False,HIGH,BRANCH
CBK0001841,TXN00005953,USR96307,MCH1423,,,0.17,MERCHANT_OR_DELIVERY_ISSUE,REJECTED,,,False,LOW,IVR
CBK0001842,TXN00012727,USR63387,MCH2945,2026-03-26 05:18:01,,847.6,DUPLICATE_PROCESSING,CLOSED,,,False,CRITICAL,IVR
CBK0001843,TXN00015367,USR17315,MCH1269,,2026-01-28 00:00:00,3023.77,FRAUD_OR_ATO,IN_PROGRESS,,,False,CRITICAL,CHATBOT
CBK0001844,TXN00005723,USR27285,MCH8154,,,0.47,AMOUNT_MISMATCH,RESOLVED,,,False,LOW,EMAIL
CBK0001845,TXN00012951,USR39002,MCH4473,,,0.28,GENERAL_DISPUTE,RESOLVED,,,False,LOW,EMAIL
CBK0001846,TXN00008496,USR13261,MCH8062,,2026-03-14 00:00:00,2662.81,MERCHANT_OR_DELIVERY_ISSUE,CLOSED,,,False,LOW,CHATBOT
CBK0001847,TXN00012093,USR36399,MCH7286,,,3867.32,FRAUD_OR_ATO,RESOLVED,,,False,CRITICAL,IVR
CBK0001848,TXN00016662,USR91934,MCH8779,,,4341.13,FRAUD_OR_ATO,IN_PROGRESS,,,False,LOW,CALL CENTER
CBK0001849,TXN51763,USR23350,MCH2303,2026-01-23 00:00:00,,830.25,DUPLICATE_PROCESSING,OPEN,,,False,LOW,EMAIL
CBK0001850,TXN00000410,USR29306,MCH9778,,,0.39,FRAUD_OR_ATO,IN_PROGRESS,2026-02-02 05:21:02,,False,HIGH,APP
CBK0001851,TXN00006293,USR95875,MCH2065,,,2387.22,MERCHANT_OR_DELIVERY_ISSUE,IN_PROGRESS,,,False,MEDIUM,IVR
CBK0001852,TXN00017893,USR27328,MCH3100,,2026-01-04 08:34:57,4556.84,DUPLICATE_PROCESSING,IN_PROGRESS,,,False,LOW,IVR
CBK0001853,TXN00008375,USR11036,MCH7833,,,372.08,DUPLICATE_PROCESSING,RESOLVED,2026-02-10 19:20:42,,False,LOW,BRANCH
CBK0001854,TXN00017037,USR75046,MCH2266,,2026-02-23 01:40:31,0.19,FRAUD_OR_ATO,RESOLVED,,,False,HIGH,CHATBOT
CBK0001855,TXN00003379,USR73010,MCH6457,,,5587.77,DUPLICATE_PROCESSING,IN_PROGRESS,2026-04-20 11:09:24,,False,CRITICAL,APP
CBK0001856,TXN50572,USR56512,MCH3100,,,,DUPLICATE_PROCESSING,IN_PROGRESS,,,False,CRITICAL,APP
CBK0001857,TXN00008788,USR99849,MCH3643,2026-03-13 05:35:47,,8276.16,FRAUD_OR_ATO,IN_PROGRESS,2026-04-02 15:35:47,,False,MEDIUM,CHATBOT
CBK0001858,TXN00019309,USR57601,MCH7194,,,6862.58,GENERAL_DISPUTE,IN_PROGRESS,,,False,HIGH,APP
CBK0001859,TXN00011491,USR73845,MCH2215,,,1506.11,FRAUD_OR_ATO,IN_PROGRESS,2026-02-16 05:51:47,,False,LOW,BRANCH
CBK0001860,TXN00000877,USR24833,MCH8648,,,1251.7,AMOUNT_MISMATCH,RESOLVED,,,False,LOW,IVR
CBK0001861,TXN00008377,USR29849,MCH5427,,,1274.95,FRAUD_OR_ATO,IN_PROGRESS,,,False,MEDIUM,IVR
CBK0001862,TXN00015119,USR29393,MCH2677,2026-01-29 00:00:00,,0.21,MERCHANT_OR_DELIVERY_ISSUE,REJECTED,,,False,LOW,CHATBOT
CBK0001863,TXN00004455,USR92111,MCH2672,,2026-02-01 00:00:00,559.19,FRAUD_OR_ATO,RESOLVED,,,False,MEDIUM,EMAIL
CBK0001864,UNKNOWN_TXN,USR51310,MCH8220,,,464.81,FRAUD_OR_ATO,CLOSED,,,False,LOW,CHATBOT
CBK0001865,TXN00006954,USR17902,MCH6053,2026-03-21 00:00:00,,186.51,MERCHANT_OR_DELIVERY_ISSUE,CLOSED,2026-04-20 07:07:09,,False,MEDIUM,IVR
CBK0001866,TXN00008011,USR63376,MCH6063,2026-01-16 00:00:00,,1770.2,FRAUD_OR_ATO,RESOLVED,,,False,MEDIUM,CALL CENTER
CBK0001867,TXN00017191,USR13167,MCH3106,,,13889.45,MERCHANT_OR_DELIVERY_ISSUE,RESOLVED,,,False,MEDIUM,EMAIL
CBK0001868,TXN00015884,USR34835,MCH3992,,2026-03-06 00:00:00,247.02,GENERAL_DISPUTE,IN_PROGRESS,,,False,HIGH,BRANCH
CBK0001869,TXN00000074,USR49567,MCH3266,,,1503.93,AMOUNT_MISMATCH,RESOLVED,,,False,MEDIUM,IVR
CBK0001870,TXN00015944,USR24660,MCH1686,,2026-01-14 21:01:41,1459.42,MERCHANT_OR_DELIVERY_ISSUE,IN_PROGRESS,,,False,LOW,APP
CBK0001871,TXN00009076,USR67496,MCH3100,,2026-03-31 11:44:40,1552.98,FRAUD_OR_ATO,OPEN,,,False,HIGH,BRANCH
CBK0001872,TXN00008853,USR43455,MCH8391,2026-02-15 00:00:00,,6353.75,MERCHANT_OR_DELIVERY_ISSUE,RESOLVED,,,False,MEDIUM,CALL CENTER
CBK0001873,TXN00015156,USR14556,MCH4153,2026-03-30 00:00:00,,743.67,MERCHANT_OR_DELIVERY_ISSUE,OPEN,,,False,LOW,CHATBOT
CBK0001874,TXN00004675,USR30340,MCH7982,2026-03-21 00:00:00,,258.2,MERCHANT_OR_DELIVERY_ISSUE,IN_PROGRESS,,,False,HIGH,CHATBOT
CBK0001875,TXN00017156,USR39926,MCH4882,,,1059.67,FRAUD_OR_ATO,REJECTED,,,False,MEDIUM,APP
CBK0001876,UNKNOWN_TXN,USR39217,MCH8156,,,0.93,DUPLICATE_PROCESSING,RESOLVED,,,False,LOW,CHATBOT
CBK0001877,TXN98339,USR15575,MCH5651,,2026-01-28 00:00:00,194.24,FRAUD_OR_ATO,IN_PROGRESS,,,False,LOW,CHATBOT
CBK0001878,TXN00014566,USR75314,MCH2363,,,2311.12,DUPLICATE_PROCESSING,IN_PROGRESS,2026-04-09 07:04:16,,False,HIGH,APP
CBK0001879,TXN00007654,USR60131,MCH8887,,,552.24,DUPLICATE_PROCESSING,RESOLVED,,,False,LOW,IVR
CBK0001880,TXN00013813,USR85610,MCH6626,,,,FRAUD_OR_ATO,REJECTED,,,False,MEDIUM,CHATBOT
CBK0001881,TXN00008840,USR73167,MCH4857,,,1257.85,DUPLICATE_PROCESSING,IN_PROGRESS,,,False,HIGH,BRANCH
CBK0001882,TXN00001309,USR58639,MCH2755,,,,FRAUD_OR_ATO,IN_PROGRESS,,,False,HIGH,EMAIL
CBK0001883,TXN00014046,USR51538,MCH5600,,2026-03-20 13:07:18,4405.58,MERCHANT_OR_DELIVERY_ISSUE,IN_PROGRESS,,,False,LOW,APP
CBK0001884,TXN00019164,USR22644,MCH9648,,2026-02-12 07:08:18,1364.5,GENERAL_DISPUTE,IN_PROGRESS,,,False,LOW,CHATBOT
CBK0001885,UNKNOWN_TXN,USR59329,MCH5331,,,1908.88,FRAUD_OR_ATO,REJECTED,,,False,HIGH,IVR
CBK0001886,TXN00004693,USR44959,MCH7728,,,3249.99,AMOUNT_MISMATCH,OPEN,,,False,LOW,APP
CBK0001887,TXN00011174,USR84917,MCH4909,,2026-03-01 00:00:00,2412.7,GENERAL_DISPUTE,IN_PROGRESS,,,False,MEDIUM,IVR
CBK0001888,TXN00004061,USR77659,MCH4909,2026-02-10 00:00:00,,0.21,GENERAL_DISPUTE,CLOSED,,,False,LOW,IVR
CBK0001889,TXN00013593,USR10480,MCH7251,2026-01-29 11:28:25,2026-02-01 00:00:00,792.99,FRAUD_OR_ATO,OPEN,,,False,MEDIUM,IVR
CBK0001890,UNKNOWN_TXN,USR70787,MCH9165,,,594.52,FRAUD_OR_ATO,CLOSED,,,False,MEDIUM,IVR
CBK0001891,TXN00001071,USR11526,MCH9122,2026-03-13 00:00:00,2026-03-17 00:00:00,2117.2,MERCHANT_OR_DELIVERY_ISSUE,CLOSED,,,False,MEDIUM,BRANCH
CBK0001892,TXN00019135,USR46902,MCH3656,,,690.96,FRAUD_OR_ATO,OPEN,,,False,MEDIUM,CHATBOT
CBK0001893,TXN00018872,USR67363,MCH2594,2026-01-31 00:00:00,,4001.57,FRAUD_OR_ATO,REJECTED,,,False,MEDIUM,IVR
CBK0001894,TXN00013090,USR24730,MCH4226,,,1588.36,FRAUD_OR_ATO,IN_PROGRESS,,,False,MEDIUM,APP
CBK0001895,TXN00015855,USR98971,MCH6850,2026-01-20 00:00:00,2026-02-19 00:00:00,3458.58,GENERAL_DISPUTE,RESOLVED,,,False,MEDIUM,BRANCH
CBK0001896,TXN00005799,USR97580,MCH8791,,,674.67,AMOUNT_MISMATCH,CLOSED,2026-01-14 01:14:34,,False,CRITICAL,CHATBOT
CBK0001897,TXN00008189,USR22202,MCH4473,,,577.55,DUPLICATE_PROCESSING,IN_PROGRESS,,,False,MEDIUM,APP
CBK0001898,TXN00012370,USR72048,MCH5535,2026-03-29 00:00:00,2026-04-02 00:00:00,9690.23,DUPLICATE_PROCESSING,OPEN,,,False,MEDIUM,CALL CENTER
CBK0001899,TXN00000835,USR11194,MCH1631,,2026-03-29 00:00:00,,GENERAL_DISPUTE,REJECTED,,,False,LOW,IVR
CBK0001900,TXN00012829,USR86138,MCH3815,,,4506.23,DUPLICATE_PROCESSING,RESOLVED,2026-05-05 07:15:11,,False,HIGH,CHATBOT
CBK0001901,TXN00014122,USR98061,MCH7055,,2026-03-15 16:03:17,440.57,GENERAL_DISPUTE,RESOLVED,2026-04-11 16:03:17,27.0,True,MEDIUM,CALL CENTER
CBK0001902,TXN00008905,USR53056,MCH5119,,,1362.36,DUPLICATE_PROCESSING,IN_PROGRESS,,,False,CRITICAL,IVR
CBK0001903,TXN00010389,USR31084,MCH8801,,,6649.93,AMOUNT_MISMATCH,REJECTED,2026-02-06 20:36:40,,False,LOW,BRANCH
CBK0001904,TXN00006057,USR27947,MCH5098,,,378.18,AMOUNT_MISMATCH,IN_PROGRESS,2026-02-15 09:43:00,,False,HIGH,CALL CENTER
CBK0001905,TXN00011981,USR80617,MCH7286,,,17594.04,MERCHANT_OR_DELIVERY_ISSUE,IN_PROGRESS,2026-01-23 03:28:28,,False,LOW,EMAIL
CBK0001906,TXN00005849,USR68355,MCH6716,,2026-04-02 04:29:55,2213.96,DUPLICATE_PROCESSING,RESOLVED,,,False,MEDIUM,CALL CENTER
CBK0001907,TXN00014905,USR24536,MCH2714,,,797.17,GENERAL_DISPUTE,OPEN,,,False,MEDIUM,APP
CBK0001908,TXN00018114,USR46902,MCH6850,,,2570.74,MERCHANT_OR_DELIVERY_ISSUE,IN_PROGRESS,,,False,MEDIUM,APP
CBK0001909,TXN00015341,USR51939,MCH4348,,,5481.51,DUPLICATE_PROCESSING,IN_PROGRESS,,,False,MEDIUM,CHATBOT
CBK0001910,TXN00015728,USR83310,MCH3536,,2026-01-28 00:00:00,791.9,FRAUD_OR_ATO,REJECTED,2026-02-06 18:00:46,9.0,False,LOW,EMAIL
CBK0001911,TXN00009220,USR30497,MCH8391,2026-02-23 14:29:24,2026-02-27 00:00:00,0.91,MERCHANT_OR_DELIVERY_ISSUE,OPEN,,,False,MEDIUM,APP
CBK0001912,TXN00004776,USR25848,MCH1193,,,2319.55,MERCHANT_OR_DELIVERY_ISSUE,REJECTED,2026-01-30 21:51:51,,False,HIGH,CHATBOT
CBK0001913,TXN00010478,USR46902,MCH9912,2026-03-16 00:00:00,,2872.74,FRAUD_OR_ATO,IN_PROGRESS,,,False,MEDIUM,EMAIL
CBK0001914,TXN00009715,USR93782,MCH5614,,2026-02-13 03:25:21,0.15,FRAUD_OR_ATO,OPEN,,,False,CRITICAL,APP
CBK0001915,TXN00018105,USR32861,MCH3151,2026-03-24 21:23:09,,2703.6,MERCHANT_OR_DELIVERY_ISSUE,RESOLVED,,,False,LOW,IVR
CBK0001916,TXN00005518,USR18198,MCH5954,,,4245.22,FRAUD_OR_ATO,REJECTED,2026-04-04 16:01:06,,False,LOW,BRANCH
CBK0001917,TXN00019782,USR15741,MCH5222,,2026-01-28 00:00:00,2150.18,MERCHANT_OR_DELIVERY_ISSUE,REJECTED,2026-02-19 00:43:29,22.0,True,HIGH,IVR
CBK0001918,TXN00006549,USR90740,MCH2943,,,905.53,GENERAL_DISPUTE,REJECTED,,,False,LOW,IVR
CBK0001919,TXN00005826,USR72795,MCH2259,,,1770.58,FRAUD_OR_ATO,REJECTED,,,False,CRITICAL,IVR
CBK0001920,TXN00011275,USR18736,MCH4473,,2026-02-17 00:00:00,10469.69,FRAUD_OR_ATO,IN_PROGRESS,,,False,HIGH,APP
CBK0001921,TXN00018097,USR29054,MCH8796,,,2522.66,MERCHANT_OR_DELIVERY_ISSUE,CLOSED,,,False,HIGH,IVR
CBK0001922,TXN00008651,USR68820,MCH5076,,,,DUPLICATE_PROCESSING,IN_PROGRESS,,,False,MEDIUM,APP
CBK0001923,TXN00016966,USR62899,MCH8181,,,1081.02,DUPLICATE_PROCESSING,RESOLVED,,,False,LOW,EMAIL
CBK0001924,TXN00005199,USR42019,MCH3162,2026-01-09 08:32:40,,2351.11,FRAUD_OR_ATO,RESOLVED,,,False,LOW,IVR
CBK0001925,TXN00006637,USR74775,MCH7644,,,0.4,MERCHANT_OR_DELIVERY_ISSUE,IN_PROGRESS,2026-04-03 10:29:43,,False,LOW,CALL CENTER
CBK0001926,TXN00019983,USR24168,MCH3909,2026-03-16 23:25:39,,8084.93,DUPLICATE_PROCESSING,REJECTED,,,False,HIGH,BRANCH
CBK0001927,TXN00011359,USR71316,MCH5954,,,6170.83,FRAUD_OR_ATO,CLOSED,2026-04-09 14:50:33,,False,MEDIUM,CHATBOT
CBK0001928,TXN00018064,USR85507,MCH2857,,,0.59,GENERAL_DISPUTE,RESOLVED,,,False,MEDIUM,EMAIL
CBK0001929,TXN00003276,USR83918,MCH9291,,2026-03-22 00:00:00,5720.73,AMOUNT_MISMATCH,RESOLVED,,,False,LOW,IVR
CBK0001930,TXN00000462,USR44849,MCH6811,,2026-01-10 00:21:21,9759.54,GENERAL_DISPUTE,IN_PROGRESS,,,False,LOW,IVR
CBK0001931,TXN00002531,USR10307,MCH4473,,,1017.5,DUPLICATE_PROCESSING,OPEN,,,False,MEDIUM,IVR
CBK0001932,TXN00012671,USR93969,MCH5980,,,739.17,FRAUD_OR_ATO,CLOSED,2026-01-19 06:39:33,,False,MEDIUM,BRANCH
CBK0001933,TXN00005666,USR33656,MCH5076,2026-02-14 07:15:35,,1764.4,DUPLICATE_PROCESSING,IN_PROGRESS,,,False,LOW,BRANCH
CBK0001934,TXN00000863,USR78884,MCH9125,,2026-03-19 13:53:26,0.22,MERCHANT_OR_DELIVERY_ISSUE,OPEN,,,False,HIGH,CHATBOT
CBK0001935,TXN00012027,USR97416,MCH5463,,2026-01-15 00:00:00,1274.02,FRAUD_OR_ATO,RESOLVED,,,False,LOW,BRANCH
CBK0001936,TXN00016714,USR63167,MCH9457,,,,GENERAL_DISPUTE,IN_PROGRESS,,,False,MEDIUM,IVR
CBK0001937,TXN00010035,USR47034,MCH8281,2026-03-13 00:00:00,2026-03-16 00:00:00,7882.54,DUPLICATE_PROCESSING,IN_PROGRESS,,,False,MEDIUM,CALL CENTER
CBK0001938,TXN00010250,USR52258,MCH7697,,,,FRAUD_OR_ATO,OPEN,,,False,LOW,APP
CBK0001939,TXN00006912,USR22979,MCH8217,,,1089.06,MERCHANT_OR_DELIVERY_ISSUE,RESOLVED,,,False,LOW,CHATBOT
CBK0001940,TXN00006894,USR19400,MCH3815,,,2016.51,MERCHANT_OR_DELIVERY_ISSUE,REJECTED,,,False,HIGH,IVR
CBK0001941,TXN00003720,USR54113,MCH3835,,2026-03-05 06:24:15,414.69,FRAUD_OR_ATO,IN_PROGRESS,,,False,HIGH,CALL CENTER
CBK0001942,TXN00017185,USR88284,MCH9344,,,384.18,AMOUNT_MISMATCH,OPEN,,,False,MEDIUM,BRANCH
CBK0001943,TXN00000649,USR47711,MCH1196,,2026-04-13 00:00:00,1174.17,MERCHANT_OR_DELIVERY_ISSUE,IN_PROGRESS,2026-05-11 02:50:07,28.0,True,MEDIUM,IVR
CBK0001944,TXN00005059,USR14388,MCH5076,,2026-04-25 00:00:00,4128.34,AMOUNT_MISMATCH,OPEN,2026-04-26 05:25:51,1.0,False,CRITICAL,IVR
CBK0001945,TXN00015576,USR59679,MCH5013,2026-02-28 04:17:48,2026-03-03 00:00:00,2182.01,DUPLICATE_PROCESSING,OPEN,,,False,HIGH,IVR
CBK0001946,TXN00002545,USR63194,MCH8735,,,230.58,DUPLICATE_PROCESSING,OPEN,,,False,MEDIUM,APP
CBK0001947,TXN00018820,USR36913,MCH9291,,,7255.27,AMOUNT_MISMATCH,RESOLVED,,,False,LOW,IVR
CBK0001948,TXN00014225,USR73728,MCH8953,,2026-02-18 00:00:00,,FRAUD_OR_ATO,OPEN,,,False,MEDIUM,CALL CENTER
CBK0001949,TXN00000319,USR60096,MCH4998,2026-02-19 00:00:00,,0.22,GENERAL_DISPUTE,IN_PROGRESS,,,False,MEDIUM,EMAIL
CBK0001950,TXN00002053,USR33960,MCH5223,,,2130.67,DUPLICATE_PROCESSING,IN_PROGRESS,,,False,MEDIUM,EMAIL
CBK0001951,TXN00007053,USR17824,MCH8057,,,3545.44,AMOUNT_MISMATCH,CLOSED,,,False,HIGH,BRANCH
CBK0001952,TXN00013367,USR59329,MCH3526,,2026-01-11 00:00:00,18514.67,FRAUD_OR_ATO,IN_PROGRESS,2026-01-20 01:50:10,9.0,False,LOW,EMAIL
CBK0001953,TXN00002867,USR48061,MCH8600,,2026-01-16 10:12:56,4361.29,GENERAL_DISPUTE,IN_PROGRESS,,,False,LOW,EMAIL
CBK0001954,TXN00012046,USR82369,MCH6344,,,2431.27,DUPLICATE_PROCESSING,IN_PROGRESS,,,False,MEDIUM,IVR
CBK0001955,TXN00018686,USR46407,MCH5510,,,530.01,FRAUD_OR_ATO,IN_PROGRESS,,,False,MEDIUM,CHATBOT
CBK0001956,TXN00004350,USR48482,MCH1641,,,2131.37,FRAUD_OR_ATO,IN_PROGRESS,,,False,LOW,CHATBOT
CBK0001957,TXN00009699,USR64159,MCH2134,2026-02-03 10:47:22,,3917.9,DUPLICATE_PROCESSING,IN_PROGRESS,,,False,HIGH,CHATBOT
CBK0001958,TXN00018222,USR46902,MCH5561,,,0.16,MERCHANT_OR_DELIVERY_ISSUE,CLOSED,,,False,LOW,BRANCH
CBK0001959,TXN00011213,USR97266,MCH6311,,,1071.93,FRAUD_OR_ATO,RESOLVED,,,False,LOW,EMAIL
CBK0001960,TXN00008459,USR48339,MCH3765,,,3145.24,FRAUD_OR_ATO,IN_PROGRESS,,,False,MEDIUM,CALL CENTER
CBK0001961,TXN00004780,USR62254,MCH9817,,,673.13,FRAUD_OR_ATO,IN_PROGRESS,,,False,HIGH,IVR
CBK0001962,TXN00008141,USR88930,MCH5655,,,4306.86,FRAUD_OR_ATO,IN_PROGRESS,2026-02-06 06:00:00,,False,MEDIUM,APP
CBK0001963,TXN00002490,USR56287,MCH9228,,,0.12,FRAUD_OR_ATO,CLOSED,,,False,LOW,BRANCH
CBK0001964,TXN00002766,USR97332,MCH6356,2026-02-08 00:00:00,2026-02-11 20:51:02,216.49,GENERAL_DISPUTE,OPEN,,,False,MEDIUM,IVR
CBK0001965,TXN00008205,USR62398,MCH6714,2026-02-12 00:00:00,2026-02-12 00:00:00,1147.39,FRAUD_OR_ATO,RESOLVED,2026-03-01 22:26:43,17.0,True,HIGH,CHATBOT
CBK0001966,TXN00005813,USR30602,MCH6570,,,0.17,GENERAL_DISPUTE,CLOSED,,,False,HIGH,CALL CENTER
CBK0001967,TXN00004164,USR14349,MCH4226,,,0.31,FRAUD_OR_ATO,OPEN,,,False,MEDIUM,CALL CENTER
CBK0001968,UNKNOWN_TXN,USR46599,MCH1320,,,2799.09,GENERAL_DISPUTE,IN_PROGRESS,,,False,MEDIUM,EMAIL
CBK0001969,TXN00002091,USR88037,MCH7819,2026-03-21 00:00:00,,497.48,FRAUD_OR_ATO,REJECTED,,,False,HIGH,IVR
CBK0001970,TXN00018732,USR27533,MCH1428,,,2042.84,MERCHANT_OR_DELIVERY_ISSUE,OPEN,2026-02-23 04:55:14,,False,HIGH,BRANCH
CBK0001971,TXN00001893,USR40538,MCH4473,,2026-03-26 00:00:00,1059.97,DUPLICATE_PROCESSING,RESOLVED,,,False,LOW,CALL CENTER
CBK0001972,TXN00001376,USR12133,MCH6555,2026-02-01 02:24:08,,1261.15,MERCHANT_OR_DELIVERY_ISSUE,CLOSED,,,False,MEDIUM,CHATBOT
CBK0001973,TXN00013275,USR71371,MCH9810,,,666.32,MERCHANT_OR_DELIVERY_ISSUE,IN_PROGRESS,,,False,MEDIUM,CHATBOT
CBK0001974,TXN00002369,USR83393,MCH3463,,,0.17,GENERAL_DISPUTE,IN_PROGRESS,,,False,LOW,BRANCH
CBK0001975,TXN00019834,USR32424,MCH5954,,,41457.94,FRAUD_OR_ATO,RESOLVED,,,False,LOW,BRANCH
CBK0001976,TXN00004835,USR37357,MCH5772,2026-02-23 04:26:51,,0.12,FRAUD_OR_ATO,IN_PROGRESS,,,False,MEDIUM,IVR
CBK0001977,TXN00000225,USR94159,MCH5655,2026-03-07 00:00:00,,666.0,GENERAL_DISPUTE,RESOLVED,,,False,HIGH,BRANCH
CBK0001978,TXN00012089,USR83284,MCH4334,,,1931.29,FRAUD_OR_ATO,OPEN,,,False,LOW,IVR
CBK0001979,TXN00007772,USR77274,MCH7833,,,1320.83,AMOUNT_MISMATCH,IN_PROGRESS,2026-04-17 10:47:26,,False,CRITICAL,IVR
CBK0001980,TXN00000841,USR85655,MCH5128,,,2083.96,MERCHANT_OR_DELIVERY_ISSUE,CLOSED,,,False,LOW,APP
CBK0001981,TXN00014392,USR72048,MCH4590,2026-03-17 00:00:00,,4520.19,DUPLICATE_PROCESSING,REJECTED,,,False,LOW,APP
CBK0001982,TXN00003383,USR14096,MCH7078,,2026-03-07 00:00:00,0.16,FRAUD_OR_ATO,RESOLVED,2026-03-08 10:23:47,1.0,False,LOW,APP
CBK0001983,TXN00012545,USR12475,MCH1320,,,886.93,DUPLICATE_PROCESSING,REJECTED,,,False,HIGH,CALL CENTER
CBK0001984,TXN00006529,USR67661,MCH7003,,,5747.29,FRAUD_OR_ATO,IN_PROGRESS,,,False,LOW,CHATBOT
CBK0001985,TXN00005222,USR98253,MCH3611,,,0.53,FRAUD_OR_ATO,RESOLVED,,,False,MEDIUM,EMAIL
CBK0001986,TXN00005203,USR88037,MCH4181,,,2184.85,MERCHANT_OR_DELIVERY_ISSUE,IN_PROGRESS,,,False,LOW,CHATBOT
CBK0001987,TXN00003622,USR56397,MCH9762,,,409.07,AMOUNT_MISMATCH,OPEN,,,False,MEDIUM,CHATBOT
CBK0001988,TXN00011416,USR93299,MCH5968,,,648.02,MERCHANT_OR_DELIVERY_ISSUE,REJECTED,2026-03-20 02:07:56,,False,HIGH,APP
CBK0001989,TXN00003059,USR39665,MCH4473,,,3807.73,MERCHANT_OR_DELIVERY_ISSUE,RESOLVED,,,False,HIGH,IVR
CBK0001990,TXN00013175,USR40088,MCH2076,,,0.92,FRAUD_OR_ATO,IN_PROGRESS,,,False,HIGH,EMAIL
CBK0001991,TXN00002169,USR33650,MCH7326,2026-01-21 18:37:36,,,MERCHANT_OR_DELIVERY_ISSUE,IN_PROGRESS,,,False,LOW,EMAIL
CBK0001992,TXN00012094,USR97149,MCH2503,,2026-02-12 00:00:00,0.88,FRAUD_OR_ATO,REJECTED,,,False,LOW,IVR
CBK0001993,TXN00017510,USR45520,MCH5954,,,788.58,GENERAL_DISPUTE,CLOSED,2026-04-16 08:04:37,,False,HIGH,IVR
CBK0001994,TXN00000296,USR71624,MCH4650,,,0.51,FRAUD_OR_ATO,RESOLVED,,,False,HIGH,APP
CBK0001995,TXN00000490,USR75856,MCH9865,2026-01-11 00:00:00,2026-01-16 17:52:00,3134.07,AMOUNT_MISMATCH,RESOLVED,,,False,LOW,CALL CENTER
CBK0001996,TXN00019262,USR61461,MCH1598,,,0.38,FRAUD_OR_ATO,OPEN,,,False,LOW,CHATBOT
CBK0001997,TXN00019193,USR39555,MCH8953,,,1004.32,DUPLICATE_PROCESSING,CLOSED,,,False,HIGH,CHATBOT
CBK0001998,TXN00000406,USR93650,MCH2266,,2026-02-01 00:00:00,2066.08,FRAUD_OR_ATO,IN_PROGRESS,,,False,HIGH,CHATBOT
CBK0001999,TXN00013752,USR25196,MCH3129,,,1283.33,MERCHANT_OR_DELIVERY_ISSUE,IN_PROGRESS,,,False,HIGH,IVR
CBK0002000,TXN00006334,USR56042,MCH4130,,,1206.9,DUPLICATE_PROCESSING,IN_PROGRESS,,,False,MEDIUM,APP
CBK0002001,TXN00008475,USR51720,MCH2020,,,877.69,GENERAL_DISPUTE,CLOSED,,,False,MEDIUM,CALL CENTER
CBK0002002,TXN00010298,USR97772,MCH5269,2026-01-03 00:00:00,2026-01-08 00:00:00,534.44,MERCHANT_OR_DELIVERY_ISSUE,IN_PROGRESS,2026-02-03 23:32:04,26.0,True,CRITICAL,CHATBOT
CBK0002003,TXN00015085,USR71636,MCH4256,,,956.46,MERCHANT_OR_DELIVERY_ISSUE,IN_PROGRESS,,,False,MEDIUM,APP
CBK0002004,TXN00016498,USR71282,MCH5954,,,3489.66,FRAUD_OR_ATO,REJECTED,,,False,HIGH,CHATBOT
CBK0002005,UNKNOWN_TXN,USR66391,MCH8391,,,1171.4,MERCHANT_OR_DELIVERY_ISSUE,RESOLVED,,,False,LOW,CHATBOT
CBK0002006,TXN00008821,USR51720,MCH8701,,2026-03-24 00:00:00,2136.49,FRAUD_OR_ATO,IN_PROGRESS,,,False,LOW,BRANCH
CBK0002007,TXN00018681,USR53356,MCH5076,,,5525.44,AMOUNT_MISMATCH,IN_PROGRESS,,,False,MEDIUM,CHATBOT
CBK0002008,TXN00014274,USR40602,MCH5954,,,3293.82,MERCHANT_OR_DELIVERY_ISSUE,CLOSED,2026-03-08 10:09:37,,False,MEDIUM,IVR
CBK0002009,TXN00007679,USR85277,MCH4226,,,504.58,MERCHANT_OR_DELIVERY_ISSUE,OPEN,,,False,HIGH,BRANCH
CBK0002010,TXN00008590,USR58106,MCH9878,,,0.28,AMOUNT_MISMATCH,OPEN,,,False,MEDIUM,EMAIL
CBK0002011,TXN00005230,USR24993,MCH5993,,2026-01-18 00:00:00,5154.73,MERCHANT_OR_DELIVERY_ISSUE,REJECTED,,,False,MEDIUM,APP
CBK0002012,TXN00012346,USR40998,MCH3992,,2026-01-10 15:42:32,1010.1,FRAUD_OR_ATO,IN_PROGRESS,,,False,HIGH,CALL CENTER
CBK0002013,TXN00007063,USR45520,MCH1320,,,370.32,FRAUD_OR_ATO,IN_PROGRESS,,,False,LOW,CHATBOT
CBK0002014,TXN00016742,USR94725,MCH8212,,,1163.64,FRAUD_OR_ATO,OPEN,,,False,LOW,EMAIL
CBK0002015,TXN00003845,USR71348,MCH6074,,,0.22,FRAUD_OR_ATO,RESOLVED,2026-02-18 00:40:34,,False,HIGH,CHATBOT
CBK0002016,TXN00007362,USR90209,MCH9344,,,3269.55,MERCHANT_OR_DELIVERY_ISSUE,IN_PROGRESS,,,False,LOW,CHATBOT
CBK0002017,TXN00009156,USR53547,MCH6913,,,1074.12,DUPLICATE_PROCESSING,IN_PROGRESS,,,False,LOW,BRANCH
CBK0002018,TXN00005542,USR80304,MCH8953,,2026-02-01 10:25:53,236.16,DUPLICATE_PROCESSING,IN_PROGRESS,,,False,MEDIUM,APP
CBK0002019,TXN00005409,USR58335,MCH1825,2026-03-27 23:06:21,,504.51,DUPLICATE_PROCESSING,RESOLVED,,,False,CRITICAL,APP
CBK0002020,TXN00019784,USR89588,MCH8760,2026-03-08 00:00:00,,2591.32,FRAUD_OR_ATO,RESOLVED,,,False,LOW,IVR
CBK0002021,TXN00012401,USR36322,MCH8425,,,13235.72,MERCHANT_OR_DELIVERY_ISSUE,CLOSED,,,False,LOW,CHATBOT
CBK0002022,TXN00011522,USR85266,MCH4641,,,1768.79,MERCHANT_OR_DELIVERY_ISSUE,IN_PROGRESS,,,False,HIGH,APP
CBK0002023,TXN00016636,USR62254,MCH2450,,,6720.23,MERCHANT_OR_DELIVERY_ISSUE,REJECTED,,,False,MEDIUM,EMAIL
CBK0002024,TXN00016207,USR91246,MCH7726,,,628.32,MERCHANT_OR_DELIVERY_ISSUE,CLOSED,,,False,MEDIUM,EMAIL
CBK0002025,TXN00011048,USR73065,MCH3751,,,946.11,GENERAL_DISPUTE,CLOSED,,,False,LOW,APP
CBK0002026,TXN00019737,USR27262,MCH4852,,,174.11,DUPLICATE_PROCESSING,RESOLVED,2026-02-11 19:25:13,,False,MEDIUM,IVR
CBK0002027,TXN00002894,USR72952,MCH7286,,2026-01-10 21:26:42,,GENERAL_DISPUTE,IN_PROGRESS,,,False,MEDIUM,CHATBOT
CBK0002028,TXN00013363,USR79366,MCH1123,,,0.74,GENERAL_DISPUTE,REJECTED,,,False,LOW,CHATBOT
CBK0002029,TXN00005443,USR24926,MCH5528,,,3291.51,FRAUD_OR_ATO,IN_PROGRESS,,,False,MEDIUM,EMAIL
CBK0002030,TXN00019111,USR11036,MCH5122,2026-01-15 00:00:00,,0.11,FRAUD_OR_ATO,REJECTED,,,False,HIGH,EMAIL
CBK0002031,TXN00001568,USR46045,MCH7468,,,13654.34,DUPLICATE_PROCESSING,RESOLVED,,,False,MEDIUM,CHATBOT
CBK0002032,TXN00017675,USR27832,MCH2457,,,,FRAUD_OR_ATO,IN_PROGRESS,,,False,MEDIUM,CHATBOT
CBK0002033,TXN00018868,USR88284,MCH2152,2026-03-09 12:13:27,,180.66,FRAUD_OR_ATO,CLOSED,,,False,HIGH,CHATBOT
CBK0002034,TXN00014295,USR46599,MCH7669,2026-02-22 00:00:00,2026-04-09 00:23:56,3265.64,DUPLICATE_PROCESSING,RESOLVED,2026-05-05 00:23:56,26.0,True,LOW,CALL CENTER
CBK0002035,UNKNOWN_TXN,USR74657,MCH1497,,,,GENERAL_DISPUTE,IN_PROGRESS,,,False,LOW,CHATBOT
CBK0002036,TXN00014884,USR50473,MCH6069,,,,DUPLICATE_PROCESSING,IN_PROGRESS,,,False,MEDIUM,IVR
CBK0002037,TXN00000736,USR80842,MCH3769,2026-03-15 00:00:00,,,FRAUD_OR_ATO,IN_PROGRESS,,,False,LOW,CHATBOT
CBK0002038,TXN00005021,USR23918,MCH2822,,2026-02-17 05:06:57,7640.62,MERCHANT_OR_DELIVERY_ISSUE,RESOLVED,,,False,LOW,EMAIL
CBK0002039,TXN00005346,USR68277,MCH2065,,,5067.95,FRAUD_OR_ATO,IN_PROGRESS,,,False,MEDIUM,CHATBOT
CBK0002040,TXN00019376,USR95000,MCH8391,,,439.77,AMOUNT_MISMATCH,IN_PROGRESS,,,False,HIGH,BRANCH
CBK0002041,TXN00015934,USR69637,MCH2240,,,1508.23,GENERAL_DISPUTE,CLOSED,,,False,HIGH,CHATBOT
CBK0002042,TXN00004367,USR27533,MCH4473,,,2126.85,MERCHANT_OR_DELIVERY_ISSUE,RESOLVED,,,False,HIGH,APP
CBK0002043,TXN00009451,USR14683,MCH5344,,,3711.97,GENERAL_DISPUTE,IN_PROGRESS,,,False,MEDIUM,CHATBOT
CBK0002044,TXN00012234,USR38814,MCH2495,2026-02-25 00:00:00,,1786.57,FRAUD_OR_ATO,IN_PROGRESS,,,False,CRITICAL,IVR
CBK0002045,TXN00002711,USR57231,MCH4181,2026-01-23 00:00:00,,0.4,MERCHANT_OR_DELIVERY_ISSUE,CLOSED,,,False,LOW,CHATBOT
CBK0002046,TXN00013381,USR72135,MCH5076,,,1684.52,MERCHANT_OR_DELIVERY_ISSUE,REJECTED,2026-02-17 21:33:18,,False,LOW,BRANCH
CBK0002047,TXN00007439,USR65461,MCH3896,,2026-03-12 00:00:00,3333.48,FRAUD_OR_ATO,REJECTED,,,False,LOW,CHATBOT
CBK0002048,TXN00015397,USR65030,MCH4270,,,460.42,FRAUD_OR_ATO,REJECTED,,,False,CRITICAL,BRANCH
CBK0002049,TXN47225,USR73797,MCH2065,,,,AMOUNT_MISMATCH,IN_PROGRESS,,,False,LOW,CHATBOT
CBK0002050,TXN00003990,USR78005,MCH8100,,,5710.85,DUPLICATE_PROCESSING,CLOSED,,,False,MEDIUM,CHATBOT
CBK0002051,TXN00008348,USR53527,MCH2721,,,7413.72,DUPLICATE_PROCESSING,REJECTED,,,False,CRITICAL,EMAIL
CBK0002052,TXN00019589,USR55253,MCH4612,,,0.22,GENERAL_DISPUTE,RESOLVED,,,False,HIGH,EMAIL
CBK0002053,TXN00001807,USR20076,MCH6717,2026-03-03 11:20:09,,,FRAUD_OR_ATO,IN_PROGRESS,,,False,LOW,CHATBOT
CBK0002054,TXN00014488,USR98293,MCH4980,,,7101.31,MERCHANT_OR_DELIVERY_ISSUE,CLOSED,,,False,MEDIUM,EMAIL
CBK0002055,TXN00004686,USR87013,MCH3011,,,1634.47,GENERAL_DISPUTE,CLOSED,,,False,MEDIUM,CALL CENTER
CBK0002056,TXN00003732,USR18442,MCH1606,,,5678.98,FRAUD_OR_ATO,RESOLVED,,,False,CRITICAL,IVR
CBK0002057,TXN00004888,USR31743,MCH9344,,,1625.15,MERCHANT_OR_DELIVERY_ISSUE,IN_PROGRESS,,,False,CRITICAL,CALL CENTER
CBK0002058,TXN00010832,USR29952,MCH6418,,,0.19,FRAUD_OR_ATO,IN_PROGRESS,,,False,LOW,CHATBOT
CBK0002059,UNKNOWN_TXN,USR69096,MCH6070,,,599.01,FRAUD_OR_ATO,RESOLVED,,,False,LOW,BRANCH
CBK0002060,TXN00010691,USR71335,MCH8391,,,518.38,AMOUNT_MISMATCH,REJECTED,,,False,MEDIUM,APP
CBK0002061,TXN00000123,USR25645,MCH1279,2026-01-26 00:00:00,2026-01-30 00:00:00,4808.45,FRAUD_OR_ATO,OPEN,,,False,HIGH,EMAIL
CBK0002062,TXN00005459,USR97255,MCH5730,,,10125.57,GENERAL_DISPUTE,IN_PROGRESS,,,False,MEDIUM,IVR
CBK0002063,UNKNOWN_TXN,USR49752,MCH9689,,,2009.64,AMOUNT_MISMATCH,IN_PROGRESS,,,False,MEDIUM,CHATBOT
CBK0002064,UNKNOWN_TXN,USR68861,MCH3516,,2026-04-14 00:00:00,1531.2,GENERAL_DISPUTE,IN_PROGRESS,,,False,LOW,CHATBOT
CBK0002065,TXN00010646,USR10669,MCH3100,2026-01-27 00:00:00,,5027.32,AMOUNT_MISMATCH,IN_PROGRESS,,,False,CRITICAL,IVR
CBK0002066,TXN00014413,USR86472,MCH3992,,,,AMOUNT_MISMATCH,IN_PROGRESS,,,False,LOW,IVR
CBK0002067,TXN00011970,USR59147,MCH5954,2026-02-17 00:00:00,,164.3,MERCHANT_OR_DELIVERY_ISSUE,RESOLVED,,,False,MEDIUM,EMAIL
CBK0002068,TXN00009416,USR13134,MCH9782,,,4883.77,FRAUD_OR_ATO,IN_PROGRESS,,,False,LOW,IVR
CBK0002069,TXN00019571,USR23992,MCH5315,,,0.48,FRAUD_OR_ATO,OPEN,2026-04-04 21:12:20,,False,MEDIUM,BRANCH
CBK0002070,TXN00002337,USR40538,MCH4812,,,,FRAUD_OR_ATO,CLOSED,2026-03-11 06:38:28,,False,CRITICAL,BRANCH
CBK0002071,TXN00006958,USR61891,MCH7286,,,1162.72,MERCHANT_OR_DELIVERY_ISSUE,OPEN,,,False,HIGH,IVR
CBK0002072,TXN00004967,USR42423,MCH8097,,,952.74,DUPLICATE_PROCESSING,RESOLVED,,,False,LOW,CALL CENTER
CBK0002073,TXN00007227,USR23350,MCH8136,,,1894.93,DUPLICATE_PROCESSING,OPEN,,,False,MEDIUM,BRANCH
CBK0002074,TXN00000823,USR21224,MCH2266,,2026-03-17 04:37:11,4418.82,GENERAL_DISPUTE,OPEN,,,False,MEDIUM,APP
CBK0002075,TXN00015779,USR39080,MCH3355,,2026-02-23 00:00:00,0.19,GENERAL_DISPUTE,IN_PROGRESS,,,False,HIGH,IVR
CBK0002076,TXN00006073,USR96064,MCH3450,,,7404.88,DUPLICATE_PROCESSING,IN_PROGRESS,,,False,LOW,BRANCH
CBK0002077,TXN00005419,USR55970,MCH9128,,2026-01-30 00:00:00,0.84,FRAUD_OR_ATO,REJECTED,,,False,LOW,CALL CENTER
CBK0002078,TXN00013096,USR13449,MCH5614,2026-03-25 00:00:00,,8307.14,MERCHANT_OR_DELIVERY_ISSUE,REJECTED,2026-04-25 21:45:47,,False,CRITICAL,CHATBOT
CBK0002079,TXN00014711,USR67922,MCH2492,2026-01-22 00:35:57,2026-01-25 00:00:00,1709.84,GENERAL_DISPUTE,IN_PROGRESS,,,False,LOW,CHATBOT
CBK0002080,TXN00006502,USR17290,MCH6230,,,1120.78,AMOUNT_MISMATCH,OPEN,,,False,CRITICAL,CHATBOT
CBK0002081,TXN00007014,USR43464,MCH9155,,2026-01-14 11:53:14,1748.13,GENERAL_DISPUTE,IN_PROGRESS,,,False,LOW,IVR
CBK0002082,TXN00004325,USR97580,MCH1127,2026-01-28 00:00:00,2026-02-01 00:00:00,,MERCHANT_OR_DELIVERY_ISSUE,CLOSED,2026-02-10 03:19:10,9.0,False,CRITICAL,IVR
CBK0002083,TXN00014640,USR17657,MCH2822,,,0.52,MERCHANT_OR_DELIVERY_ISSUE,CLOSED,2026-04-03 14:05:27,,False,LOW,EMAIL
CBK0002084,TXN83297,USR66974,MCH7833,,,,FRAUD_OR_ATO,IN_PROGRESS,,,False,CRITICAL,IVR
CBK0002085,TXN99329,USR70175,MCH8953,2026-03-07 00:00:00,,2454.92,FRAUD_OR_ATO,IN_PROGRESS,,,False,LOW,CHATBOT
CBK0002086,TXN00004716,USR14045,MCH9271,,,169.35,DUPLICATE_PROCESSING,REJECTED,,,False,MEDIUM,CALL CENTER
CBK0002087,TXN00011160,USR29051,MCH4590,,2026-03-18 00:00:00,1773.89,MERCHANT_OR_DELIVERY_ISSUE,REJECTED,,,False,LOW,BRANCH
CBK0002088,TXN00008054,USR62622,MCH9449,,,1065.28,FRAUD_OR_ATO,OPEN,,,False,HIGH,CHATBOT
CBK0002089,TXN00010784,USR61539,MCH5778,,2026-01-16 12:49:43,782.96,GENERAL_DISPUTE,OPEN,,,False,HIGH,BRANCH
CBK0002090,TXN00008261,USR15888,MCH7075,,2026-03-03 15:25:42,4227.03,MERCHANT_OR_DELIVERY_ISSUE,RESOLVED,,,False,HIGH,BRANCH
CBK0002091,TXN00006681,USR26140,MCH5655,,,946.45,FRAUD_OR_ATO,REJECTED,,,False,MEDIUM,IVR
CBK0002092,TXN00011140,USR70317,MCH3807,,,1790.94,MERCHANT_OR_DELIVERY_ISSUE,IN_PROGRESS,,,False,MEDIUM,APP
CBK0002093,TXN00017223,USR95193,MCH2383,,,711.68,FRAUD_OR_ATO,CLOSED,,,False,LOW,CALL CENTER
CBK0002094,TXN00005575,USR62840,MCH8723,,,1946.37,FRAUD_OR_ATO,IN_PROGRESS,,,False,MEDIUM,IVR
CBK0002095,TXN00004933,USR43455,MCH2566,,,4720.79,MERCHANT_OR_DELIVERY_ISSUE,CLOSED,,,False,LOW,CHATBOT
CBK0002096,TXN00008557,USR89656,MCH4345,,,0.75,FRAUD_OR_ATO,REJECTED,,,False,HIGH,CHATBOT
CBK0002097,TXN65627,USR14083,MCH5177,,,3428.7,GENERAL_DISPUTE,REJECTED,,,False,HIGH,CHATBOT
CBK0002098,TXN00012193,USR22644,MCH5980,,,1913.11,FRAUD_OR_ATO,CLOSED,,,False,HIGH,CALL CENTER
CBK0002099,TXN00016911,USR94430,MCH5701,,2026-01-12 00:00:00,1895.66,FRAUD_OR_ATO,REJECTED,,,False,MEDIUM,EMAIL
CBK0002100,TXN00012645,USR65267,MCH1601,,,1273.59,GENERAL_DISPUTE,CLOSED,,,False,LOW,IVR
CBK0002101,TXN00010055,USR53903,MCH2065,2026-01-22 00:00:00,2026-01-28 00:51:01,3918.28,DUPLICATE_PROCESSING,REJECTED,,,False,MEDIUM,IVR
CBK0002102,TXN00013496,USR24429,MCH1159,2026-02-21 00:00:00,,3536.59,MERCHANT_OR_DELIVERY_ISSUE,CLOSED,,,False,LOW,IVR
CBK0002103,TXN00005039,USR38720,MCH9523,,2026-01-24 18:26:47,1582.19,MERCHANT_OR_DELIVERY_ISSUE,RESOLVED,,,False,HIGH,IVR
CBK0002104,TXN00006293,USR48479,MCH8779,,,2214.27,DUPLICATE_PROCESSING,REJECTED,,,False,LOW,BRANCH
CBK0002105,TXN00012640,USR96038,MCH7326,,,3800.84,DUPLICATE_PROCESSING,IN_PROGRESS,,,False,HIGH,CHATBOT
CBK0002106,TXN00000751,USR78076,MCH4328,,,3107.33,FRAUD_OR_ATO,IN_PROGRESS,,,False,MEDIUM,APP
CBK0002107,TXN00013202,USR27107,MCH9715,,,0.13,FRAUD_OR_ATO,IN_PROGRESS,,,False,CRITICAL,IVR
CBK0002108,TXN00013246,USR62233,MCH8714,2026-02-12 00:00:00,,5800.55,DUPLICATE_PROCESSING,REJECTED,,,False,LOW,APP
CBK0002109,TXN00005274,USR70317,MCH7833,,,4290.41,AMOUNT_MISMATCH,RESOLVED,,,False,HIGH,CHATBOT
CBK0002110,TXN00019908,USR76321,MCH5838,2026-02-03 00:00:00,,0.15,FRAUD_OR_ATO,OPEN,,,False,LOW,CHATBOT
CBK0002111,TXN00019791,USR48202,MCH2383,,,0.38,AMOUNT_MISMATCH,CLOSED,,,False,LOW,CHATBOT
CBK0002112,TXN00002782,USR94403,MCH2757,2026-02-14 18:10:29,,3648.19,FRAUD_OR_ATO,IN_PROGRESS,2026-03-19 12:10:29,,False,HIGH,CALL CENTER
CBK0002113,TXN00002480,USR12658,MCH3815,,,5722.09,FRAUD_OR_ATO,REJECTED,2026-04-13 15:09:41,,False,HIGH,CHATBOT
CBK0002114,TXN00004014,USR25900,MCH4717,,,4940.23,MERCHANT_OR_DELIVERY_ISSUE,RESOLVED,2026-04-17 22:25:36,,False,HIGH,CHATBOT
CBK0002115,TXN00015780,USR98420,MCH7025,,2026-02-06 03:02:02,1404.29,GENERAL_DISPUTE,OPEN,,,False,MEDIUM,IVR
CBK0002116,TXN00018024,USR18423,MCH9655,,,,MERCHANT_OR_DELIVERY_ISSUE,CLOSED,2026-03-21 21:31:01,,False,MEDIUM,CHATBOT
CBK0002117,TXN00006808,USR74813,MCH2757,2026-02-25 00:00:00,2026-02-26 00:00:00,8430.86,MERCHANT_OR_DELIVERY_ISSUE,IN_PROGRESS,,,False,HIGH,CALL CENTER
CBK0002118,TXN00008403,USR17197,MCH4473,,2026-01-17 11:54:07,0.11,FRAUD_OR_ATO,IN_PROGRESS,2026-01-29 11:54:07,12.0,False,MEDIUM,EMAIL
CBK0002119,TXN00005222,USR53942,MCH6399,2026-01-21 09:16:49,,1345.55,FRAUD_OR_ATO,REJECTED,,,False,LOW,IVR
CBK0002120,TXN00008067,USR62703,MCH7593,,2026-01-27 01:08:22,14279.05,MERCHANT_OR_DELIVERY_ISSUE,IN_PROGRESS,,,False,CRITICAL,CHATBOT
CBK0002121,TXN00013687,USR26337,MCH2065,,,506.18,MERCHANT_OR_DELIVERY_ISSUE,OPEN,,,False,HIGH,IVR
CBK0002122,TXN00015416,USR51198,MCH5655,2026-02-07 00:00:00,,4100.6,AMOUNT_MISMATCH,REJECTED,,,False,LOW,EMAIL
CBK0002123,TXN00015926,USR65059,MCH5703,,2026-03-12 14:21:21,0.85,MERCHANT_OR_DELIVERY_ISSUE,IN_PROGRESS,,,False,MEDIUM,CHATBOT
CBK0002124,TXN00002782,USR13215,MCH4702,,,0.83,MERCHANT_OR_DELIVERY_ISSUE,REJECTED,,,False,HIGH,APP
CBK0002125,TXN00011157,USR38625,MCH3327,,,2138.06,GENERAL_DISPUTE,IN_PROGRESS,,,False,MEDIUM,IVR
CBK0002126,TXN00010837,USR17697,MCH6219,,,3555.94,AMOUNT_MISMATCH,RESOLVED,,,False,LOW,CHATBOT
CBK0002127,TXN00007220,USR63182,MCH9060,,2026-01-08 00:00:00,4676.01,FRAUD_OR_ATO,OPEN,,,False,MEDIUM,BRANCH
CBK0002128,TXN00007497,USR22535,MCH7048,,,5331.95,FRAUD_OR_ATO,IN_PROGRESS,,,False,HIGH,APP
CBK0002129,TXN00005777,USR99787,MCH8779,2026-03-05 00:00:00,,891.95,FRAUD_OR_ATO,OPEN,,,False,HIGH,CALL CENTER
CBK0002130,TXN00010659,USR82224,MCH4086,,2026-03-20 00:00:00,,DUPLICATE_PROCESSING,CLOSED,,,False,LOW,IVR
CBK0002131,TXN00005025,USR12936,MCH9937,,,1283.51,DUPLICATE_PROCESSING,RESOLVED,,,False,LOW,IVR
CBK0002132,TXN00011912,USR73010,MCH4590,,,2559.27,FRAUD_OR_ATO,CLOSED,,,False,LOW,CALL CENTER
CBK0002133,TXN00010760,USR68349,MCH2383,,2026-01-17 03:43:00,1471.98,GENERAL_DISPUTE,IN_PROGRESS,,,False,MEDIUM,BRANCH
CBK0002134,TXN00009374,USR27878,MCH5264,,,0.5,GENERAL_DISPUTE,IN_PROGRESS,,,False,MEDIUM,IVR
CBK0002135,TXN00017607,USR62613,MCH1320,,,0.29,FRAUD_OR_ATO,OPEN,2026-03-21 09:52:20,,False,LOW,EMAIL
CBK0002136,TXN00005344,USR86525,MCH5753,,,0.14,FRAUD_OR_ATO,CLOSED,2026-04-04 09:48:11,,False,HIGH,CHATBOT
CBK0002137,TXN00008657,USR34250,MCH6955,,2026-03-03 03:32:50,4252.24,FRAUD_OR_ATO,OPEN,,,False,LOW,IVR
CBK0002138,TXN00000295,USR86497,MCH2786,,,731.69,FRAUD_OR_ATO,IN_PROGRESS,,,False,LOW,CHATBOT
CBK0002139,TXN00012172,USR85655,MCH2375,,2026-01-02 15:32:47,,FRAUD_OR_ATO,REJECTED,,,False,LOW,APP
CBK0002140,TXN00013237,USR59679,MCH1712,,,405.0,FRAUD_OR_ATO,OPEN,,,False,MEDIUM,CALL CENTER
CBK0002141,TXN00009768,USR20378,MCH9291,,2026-03-30 17:28:30,0.23,FRAUD_OR_ATO,OPEN,,,False,MEDIUM,APP
CBK0002142,TXN00001780,USR87262,MCH1774,,,2351.6,FRAUD_OR_ATO,OPEN,,,False,HIGH,CHATBOT
CBK0002143,TXN78938,USR24536,MCH9291,,,2889.21,AMOUNT_MISMATCH,CLOSED,,,False,MEDIUM,CALL CENTER
CBK0002144,TXN00008909,USR70631,MCH6347,,,0.66,FRAUD_OR_ATO,RESOLVED,,,False,LOW,CALL CENTER
CBK0002145,TXN00013507,USR12300,MCH1320,,,384.66,DUPLICATE_PROCESSING,IN_PROGRESS,,,False,MEDIUM,IVR
CBK0002146,TXN00004284,USR94012,MCH8613,,,3737.05,DUPLICATE_PROCESSING,REJECTED,,,False,MEDIUM,BRANCH
CBK0002147,TXN00010700,USR22862,MCH3741,,,393.01,MERCHANT_OR_DELIVERY_ISSUE,IN_PROGRESS,,,False,MEDIUM,CHATBOT
CBK0002148,TXN00006250,USR11419,MCH4680,,,836.39,GENERAL_DISPUTE,IN_PROGRESS,,,False,LOW,CHATBOT
CBK0002149,TXN00011510,USR30541,MCH6295,2026-01-13 00:00:00,2026-01-21 11:12:17,7271.24,GENERAL_DISPUTE,OPEN,,,False,LOW,IVR
CBK0002150,TXN00013524,USR74666,MCH8154,,,2142.84,FRAUD_OR_ATO,OPEN,,,False,LOW,IVR
CBK0002151,TXN00009818,USR97580,MCH2800,2026-01-16 07:14:35,,2614.31,FRAUD_OR_ATO,IN_PROGRESS,,,False,MEDIUM,CHATBOT
CBK0002152,TXN00005346,USR43944,MCH6429,,,3376.98,MERCHANT_OR_DELIVERY_ISSUE,OPEN,,,False,LOW,EMAIL
CBK0002153,TXN34179,USR47114,MCH8849,,,3258.82,DUPLICATE_PROCESSING,IN_PROGRESS,,,False,CRITICAL,CALL CENTER
CBK0002154,TXN00019558,USR60770,MCH4307,,,1769.97,DUPLICATE_PROCESSING,RESOLVED,,,False,LOW,BRANCH
CBK0002155,TXN00016461,USR71348,MCH4824,2026-02-22 18:14:02,,734.05,MERCHANT_OR_DELIVERY_ISSUE,IN_PROGRESS,,,False,HIGH,IVR
CBK0002156,TXN00013206,USR11987,MCH6665,,,26477.69,GENERAL_DISPUTE,IN_PROGRESS,,,False,HIGH,EMAIL
CBK0002157,TXN00010666,USR74780,MCH6850,2026-02-07 00:00:00,,1349.33,DUPLICATE_PROCESSING,CLOSED,,,False,LOW,BRANCH
CBK0002158,TXN00015104,USR76750,MCH6228,,,2517.56,GENERAL_DISPUTE,REJECTED,,,False,LOW,BRANCH
CBK0002159,TXN00008446,USR75943,MCH5482,2026-03-08 00:00:00,,2807.75,FRAUD_OR_ATO,REJECTED,,,False,CRITICAL,EMAIL
CBK0002160,TXN00003789,USR91387,MCH3992,2026-03-09 00:00:00,,1061.09,GENERAL_DISPUTE,IN_PROGRESS,,,False,MEDIUM,CALL CENTER
CBK0002161,TXN00005572,USR72135,MCH4577,,,1181.23,FRAUD_OR_ATO,REJECTED,,,False,LOW,EMAIL
CBK0002162,TXN00001120,USR94046,MCH9160,,,8008.29,FRAUD_OR_ATO,REJECTED,,,False,LOW,CALL CENTER
CBK0002163,TXN00012741,USR47358,MCH2822,,,863.52,FRAUD_OR_ATO,IN_PROGRESS,,,False,MEDIUM,CHATBOT
CBK0002164,TXN00001135,USR53527,MCH5076,,2026-02-22 00:00:00,2731.02,FRAUD_OR_ATO,CLOSED,,,False,HIGH,CHATBOT
CBK0002165,TXN00011788,USR69706,MCH3368,,2026-01-07 00:00:00,4428.67,DUPLICATE_PROCESSING,REJECTED,,,False,LOW,IVR
CBK0002166,TXN00005750,USR64580,MCH5980,,,1459.51,MERCHANT_OR_DELIVERY_ISSUE,IN_PROGRESS,,,False,MEDIUM,IVR
CBK0002167,TXN00008964,USR58972,MCH9155,,2026-01-22 00:00:00,1646.02,FRAUD_OR_ATO,IN_PROGRESS,,,False,HIGH,EMAIL
CBK0002168,TXN00002821,USR83150,MCH5655,,,4707.47,FRAUD_OR_ATO,RESOLVED,,,False,LOW,IVR
CBK0002169,TXN00011212,USR87637,MCH5655,,,,AMOUNT_MISMATCH,REJECTED,,,False,MEDIUM,BRANCH
CBK0002170,TXN00017055,USR56789,MCH5954,,,226.51,DUPLICATE_PROCESSING,REJECTED,,,False,HIGH,CHATBOT
CBK0002171,TXN00015034,USR73039,MCH1572,,,8134.61,DUPLICATE_PROCESSING,RESOLVED,,,False,HIGH,CALL CENTER
CBK0002172,TXN00011390,USR27533,MCH3479,,,681.66,FRAUD_OR_ATO,RESOLVED,,,False,HIGH,APP
CBK0002173,TXN00013107,USR82940,MCH2266,,,2242.79,FRAUD_OR_ATO,IN_PROGRESS,,,False,LOW,EMAIL
CBK0002174,UNKNOWN_TXN,USR75213,MCH2779,,,484.07,FRAUD_OR_ATO,CLOSED,,,False,MEDIUM,BRANCH
CBK0002175,TXN00003542,USR95702,MCH6520,2026-03-18 00:00:00,,0.11,FRAUD_OR_ATO,CLOSED,2026-03-22 20:30:52,,False,LOW,CHATBOT
CBK0002176,UNKNOWN_TXN,USR69196,MCH8627,,,1168.54,MERCHANT_OR_DELIVERY_ISSUE,CLOSED,,,False,HIGH,EMAIL
CBK0002177,TXN00018087,USR50619,MCH1160,,,2152.04,MERCHANT_OR_DELIVERY_ISSUE,REJECTED,,,False,LOW,CALL CENTER
CBK0002178,TXN00010512,USR39098,MCH1080,2026-01-19 00:00:00,2026-01-22 04:57:56,752.1,DUPLICATE_PROCESSING,OPEN,,,False,LOW,IVR
CBK0002179,TXN00002142,USR44124,MCH9291,,2026-01-18 00:00:00,13132.36,MERCHANT_OR_DELIVERY_ISSUE,CLOSED,,,False,HIGH,CHATBOT
CBK0002180,TXN00006743,USR42798,MCH5884,,,,MERCHANT_OR_DELIVERY_ISSUE,OPEN,,,False,MEDIUM,CHATBOT
CBK0002181,TXN00014627,USR41247,MCH7342,,,4363.55,GENERAL_DISPUTE,IN_PROGRESS,,,False,MEDIUM,CHATBOT
CBK0002182,TXN00015499,USR22939,MCH5631,2026-03-11 06:34:26,,1792.1,MERCHANT_OR_DELIVERY_ISSUE,IN_PROGRESS,,,False,LOW,IVR
CBK0002183,TXN00014087,USR46806,MCH4485,,,4901.36,DUPLICATE_PROCESSING,REJECTED,,,False,LOW,CALL CENTER
CBK0002184,TXN00015679,USR87165,MCH1864,,,0.22,DUPLICATE_PROCESSING,REJECTED,,,False,LOW,IVR
CBK0002185,TXN00001072,USR78593,MCH4473,,,893.6,FRAUD_OR_ATO,OPEN,,,False,MEDIUM,CHATBOT
CBK0002186,TXN00003156,USR24528,MCH4024,,,1072.99,FRAUD_OR_ATO,RESOLVED,,,False,MEDIUM,EMAIL
CBK0002187,TXN00007012,USR73010,MCH4473,2026-01-01 00:00:00,,0.11,GENERAL_DISPUTE,CLOSED,,,False,HIGH,APP
CBK0002188,TXN00011115,USR83988,MCH3113,,,3037.16,GENERAL_DISPUTE,IN_PROGRESS,2026-01-14 02:37:33,,False,LOW,CHATBOT
CBK0002189,TXN00001962,USR79577,MCH4590,,,,MERCHANT_OR_DELIVERY_ISSUE,RESOLVED,,,False,MEDIUM,CALL CENTER
CBK0002190,TXN74121,USR68897,MCH4316,,,1678.99,FRAUD_OR_ATO,IN_PROGRESS,,,False,MEDIUM,CHATBOT
CBK0002191,TXN00005500,USR99576,MCH4473,,,1721.07,FRAUD_OR_ATO,CLOSED,,,False,HIGH,CALL CENTER
CBK0002192,TXN00002316,USR77746,MCH1674,2026-01-12 04:00:55,2026-01-14 00:00:00,20754.36,FRAUD_OR_ATO,IN_PROGRESS,,,False,HIGH,IVR
CBK0002193,TXN00017969,USR83235,MCH2137,,,0.25,GENERAL_DISPUTE,OPEN,,,False,MEDIUM,APP
CBK0002194,UNKNOWN_TXN,USR21052,MCH3797,,,,FRAUD_OR_ATO,OPEN,,,False,CRITICAL,APP
CBK0002195,TXN00004411,USR48054,MCH9844,,,0.39,AMOUNT_MISMATCH,OPEN,,,False,LOW,CHATBOT
CBK0002196,TXN00010149,USR88130,MCH8556,2026-02-28 00:00:00,2026-03-30 00:00:00,,FRAUD_OR_ATO,IN_PROGRESS,,,False,CRITICAL,EMAIL
CBK0002197,TXN00006372,USR66647,MCH5779,,,5763.76,FRAUD_OR_ATO,IN_PROGRESS,,,False,MEDIUM,CHATBOT
CBK0002198,TXN00018071,USR65483,MCH6689,,,3289.2,MERCHANT_OR_DELIVERY_ISSUE,REJECTED,,,False,MEDIUM,IVR
CBK0002199,TXN83913,USR69345,MCH1289,,2026-03-20 07:54:58,0.73,DUPLICATE_PROCESSING,IN_PROGRESS,,,False,HIGH,BRANCH
CBK0002200,TXN00017653,USR80376,MCH5600,,,4402.84,FRAUD_OR_ATO,IN_PROGRESS,,,False,MEDIUM,APP
CBK0002201,TXN00011553,USR33934,MCH1101,2026-02-07 13:14:25,,1996.81,FRAUD_OR_ATO,OPEN,2026-02-26 06:14:25,,False,LOW,APP
CBK0002202,TXN00001215,USR26403,MCH5655,,,5146.97,MERCHANT_OR_DELIVERY_ISSUE,CLOSED,,,False,MEDIUM,CHATBOT
CBK0002203,TXN00005966,USR98685,MCH9257,,2026-02-27 10:29:49,8500.66,FRAUD_OR_ATO,RESOLVED,,,False,MEDIUM,EMAIL
CBK0002204,TXN00009040,USR97137,MCH3202,,2026-01-16 00:00:00,1600.6,MERCHANT_OR_DELIVERY_ISSUE,IN_PROGRESS,,,False,HIGH,CALL CENTER
CBK0002205,TXN00013472,USR21566,MCH5972,,,0.43,DUPLICATE_PROCESSING,OPEN,2026-04-09 20:47:43,,False,LOW,IVR
CBK0002206,TXN00009768,USR52915,MCH7051,,,5082.98,FRAUD_OR_ATO,CLOSED,,,False,CRITICAL,EMAIL
CBK0002207,TXN00015126,USR62875,MCH2383,,2026-01-06 00:00:00,2119.11,DUPLICATE_PROCESSING,IN_PROGRESS,,,False,LOW,CHATBOT
CBK0002208,TXN00006710,USR27567,MCH1708,,,12811.39,DUPLICATE_PROCESSING,REJECTED,,,False,HIGH,IVR
CBK0002209,TXN00007219,USR48423,MCH2383,,,5143.78,MERCHANT_OR_DELIVERY_ISSUE,RESOLVED,,,False,LOW,CHATBOT
CBK0002210,TXN00005430,USR83180,MCH5840,,,1006.88,FRAUD_OR_ATO,IN_PROGRESS,,,False,MEDIUM,IVR
CBK0002211,TXN00013107,USR37685,MCH8309,,,2345.09,DUPLICATE_PROCESSING,IN_PROGRESS,,,False,HIGH,IVR
CBK0002212,TXN00010395,USR73737,MCH1395,,,4273.42,MERCHANT_OR_DELIVERY_ISSUE,IN_PROGRESS,2026-04-13 06:55:35,,False,HIGH,CHATBOT
CBK0002213,TXN00009870,USR79046,MCH8457,,2026-02-17 00:00:00,0.12,MERCHANT_OR_DELIVERY_ISSUE,IN_PROGRESS,,,False,MEDIUM,IVR
CBK0002214,UNKNOWN_TXN,USR72691,MCH3098,2026-02-03 00:00:00,,0.34,MERCHANT_OR_DELIVERY_ISSUE,CLOSED,,,False,MEDIUM,IVR
CBK0002215,TXN00007143,USR62254,MCH6359,,,2415.01,GENERAL_DISPUTE,IN_PROGRESS,,,False,MEDIUM,APP
CBK0002216,TXN00007764,USR83977,MCH3026,2026-03-19 00:00:00,,6398.47,GENERAL_DISPUTE,OPEN,,,False,MEDIUM,CHATBOT
CBK0002217,TXN00017718,USR99570,MCH5980,,,1451.78,GENERAL_DISPUTE,REJECTED,,,False,LOW,BRANCH
CBK0002218,TXN00018418,USR35410,MCH7622,,2026-03-16 00:00:00,671.84,GENERAL_DISPUTE,IN_PROGRESS,,,False,HIGH,BRANCH
CBK0002219,TXN00005580,USR84190,MCH8763,2026-01-14 11:35:35,,3654.65,DUPLICATE_PROCESSING,RESOLVED,,,False,HIGH,BRANCH
CBK0002220,TXN00018020,USR89284,MCH2757,,2026-03-18 00:00:00,1238.72,MERCHANT_OR_DELIVERY_ISSUE,CLOSED,2026-04-10 01:36:14,23.0,True,LOW,CALL CENTER
CBK0002221,TXN00016939,USR56378,MCH2383,,,27330.78,GENERAL_DISPUTE,REJECTED,,,False,CRITICAL,IVR
CBK0002222,TXN00017740,USR92520,MCH5264,,,0.23,MERCHANT_OR_DELIVERY_ISSUE,IN_PROGRESS,2026-02-20 04:42:36,,False,MEDIUM,CHATBOT
CBK0002223,TXN00017647,USR58113,MCH3117,,,3677.06,MERCHANT_OR_DELIVERY_ISSUE,IN_PROGRESS,,,False,MEDIUM,CHATBOT
CBK0002224,TXN00008421,USR39089,MCH2822,,,964.56,FRAUD_OR_ATO,CLOSED,,,False,LOW,CALL CENTER
CBK0002225,TXN00011962,USR12961,MCH8953,2026-03-02 02:36:15,,6403.5,FRAUD_OR_ATO,CLOSED,,,False,LOW,IVR
CBK0002226,TXN00005923,USR15487,MCH2547,2026-01-26 00:00:00,,1759.97,FRAUD_OR_ATO,RESOLVED,,,False,MEDIUM,EMAIL
CBK0002227,TXN97124,USR21632,MCH9291,,,1596.33,DUPLICATE_PROCESSING,RESOLVED,,,False,HIGH,APP
CBK0002228,TXN00018314,USR71704,MCH3815,,,1635.13,MERCHANT_OR_DELIVERY_ISSUE,IN_PROGRESS,,,False,MEDIUM,BRANCH
CBK0002229,TXN00017286,USR53259,MCH9564,,,497.0,FRAUD_OR_ATO,REJECTED,,,False,MEDIUM,EMAIL
CBK0002230,TXN00009287,USR50434,MCH1683,,,0.14,FRAUD_OR_ATO,IN_PROGRESS,,,False,MEDIUM,CHATBOT
CBK0002231,TXN00010167,USR37981,MCH7715,2026-03-08 00:00:00,,3121.8,GENERAL_DISPUTE,IN_PROGRESS,,,False,MEDIUM,CHATBOT
CBK0002232,TXN00009269,USR99886,MCH1941,2026-01-26 19:24:45,2026-01-29 17:24:45,385.53,MERCHANT_OR_DELIVERY_ISSUE,CLOSED,,,False,MEDIUM,CHATBOT
CBK0002233,TXN00010897,USR48881,MCH3815,,,5022.43,MERCHANT_OR_DELIVERY_ISSUE,IN_PROGRESS,2026-03-03 17:07:26,,False,HIGH,BRANCH
CBK0002234,TXN00016207,USR61715,MCH6850,,,0.14,FRAUD_OR_ATO,IN_PROGRESS,2026-01-29 15:38:41,,False,HIGH,BRANCH
CBK0002235,TXN00009348,USR81487,MCH6056,,,2309.36,DUPLICATE_PROCESSING,IN_PROGRESS,,,False,LOW,CHATBOT
CBK0002236,TXN00017102,USR93581,MCH7162,,2026-03-17 12:49:37,193.64,FRAUD_OR_ATO,RESOLVED,,,False,MEDIUM,IVR
CBK0002237,TXN00001882,USR15350,MCH7351,,,2264.22,DUPLICATE_PROCESSING,CLOSED,2026-05-01 20:04:39,,False,MEDIUM,IVR
CBK0002238,TXN00002006,USR76792,MCH3459,,,637.05,MERCHANT_OR_DELIVERY_ISSUE,OPEN,,,False,MEDIUM,EMAIL
CBK0002239,TXN00004673,USR82373,MCH4473,,,1272.25,GENERAL_DISPUTE,RESOLVED,2026-02-26 04:50:18,,False,LOW,CHATBOT
CBK0002240,TXN00000019,USR40246,MCH4062,,,377.11,GENERAL_DISPUTE,IN_PROGRESS,2026-03-08 01:49:15,,False,HIGH,CHATBOT
CBK0002241,TXN00009947,USR75572,MCH3262,,2026-01-03 00:00:00,,FRAUD_OR_ATO,OPEN,,,False,HIGH,BRANCH
CBK0002242,TXN84424,USR30262,MCH6806,2026-03-18 00:38:07,,1535.24,MERCHANT_OR_DELIVERY_ISSUE,IN_PROGRESS,,,False,LOW,CALL CENTER
CBK0002243,TXN00019786,USR27947,MCH1674,2026-03-15 00:00:00,,1377.81,FRAUD_OR_ATO,IN_PROGRESS,,,False,CRITICAL,EMAIL
CBK0002244,UNKNOWN_TXN,USR64363,MCH2948,2026-01-03 00:00:00,2026-01-04 00:00:00,4378.8,DUPLICATE_PROCESSING,REJECTED,,,False,MEDIUM,CALL CENTER
CBK0002245,UNKNOWN_TXN,USR77262,MCH9007,,,0.28,DUPLICATE_PROCESSING,IN_PROGRESS,,,False,MEDIUM,CHATBOT
CBK0002246,TXN00009997,USR96095,MCH6849,,,,MERCHANT_OR_DELIVERY_ISSUE,REJECTED,2026-04-14 12:51:03,,False,MEDIUM,CHATBOT
CBK0002247,TXN00013006,USR65627,MCH4411,2026-02-19 23:35:31,,1637.49,FRAUD_OR_ATO,RESOLVED,,,False,MEDIUM,APP
CBK0002248,TXN00018611,USR80560,MCH1043,,,1143.89,DUPLICATE_PROCESSING,OPEN,,,False,MEDIUM,BRANCH
CBK0002249,TXN00005146,USR93984,MCH8154,,,725.45,FRAUD_OR_ATO,IN_PROGRESS,,,False,MEDIUM,IVR
CBK0002250,TXN00008645,USR60783,MCH8613,,,5443.5,FRAUD_OR_ATO,CLOSED,,,False,HIGH,CALL CENTER
CBK0002251,TXN00017472,USR79175,MCH4488,,2026-03-10 13:37:56,14012.62,GENERAL_DISPUTE,RESOLVED,,,False,CRITICAL,IVR
CBK0002252,TXN00018705,USR30837,MCH4857,,,325.69,GENERAL_DISPUTE,IN_PROGRESS,,,False,LOW,EMAIL
CBK0002253,TXN00003501,USR85258,MCH4018,,,717.53,GENERAL_DISPUTE,RESOLVED,2026-02-13 15:42:37,,False,MEDIUM,CALL CENTER
CBK0002254,TXN00016982,USR48692,MCH4326,,2026-01-10 00:00:00,662.25,GENERAL_DISPUTE,OPEN,2026-01-27 22:58:49,17.0,True,MEDIUM,APP
CBK0002255,TXN00008016,USR72981,MCH7286,,,1364.41,FRAUD_OR_ATO,IN_PROGRESS,,,False,LOW,CHATBOT
CBK0002256,TXN00009782,USR19885,MCH8154,,2026-03-22 00:00:00,6347.69,FRAUD_OR_ATO,IN_PROGRESS,,,False,HIGH,IVR
CBK0002257,TXN41888,USR36095,MCH2102,,,3064.59,MERCHANT_OR_DELIVERY_ISSUE,REJECTED,,,False,HIGH,BRANCH
CBK0002258,TXN00014019,USR41320,MCH3992,,,0.16,FRAUD_OR_ATO,RESOLVED,,,False,LOW,EMAIL
CBK0002259,TXN00013350,USR98061,MCH8037,,,1837.87,MERCHANT_OR_DELIVERY_ISSUE,IN_PROGRESS,2026-02-19 01:39:01,,False,MEDIUM,CHATBOT
CBK0002260,TXN00019490,USR34757,MCH1806,2026-01-04 16:21:04,,1314.21,FRAUD_OR_ATO,REJECTED,,,False,CRITICAL,IVR
CBK0002261,TXN00000527,USR82246,MCH6318,,,3784.42,DUPLICATE_PROCESSING,IN_PROGRESS,2026-01-29 03:15:21,,False,LOW,BRANCH
CBK0002262,TXN88490,USR30627,MCH2594,,,4274.13,MERCHANT_OR_DELIVERY_ISSUE,IN_PROGRESS,,,False,HIGH,CHATBOT
CBK0002263,TXN00017565,USR25091,MCH2757,2026-03-25 00:00:00,,3265.92,MERCHANT_OR_DELIVERY_ISSUE,OPEN,,,False,MEDIUM,APP
CBK0002264,TXN00001289,USR79175,MCH4181,,,201.03,MERCHANT_OR_DELIVERY_ISSUE,IN_PROGRESS,,,False,CRITICAL,BRANCH
CBK0002265,TXN00008431,USR11987,MCH5922,,,1831.96,AMOUNT_MISMATCH,REJECTED,,,False,MEDIUM,CHATBOT
CBK0002266,TXN00009068,USR70505,MCH8037,,,0.15,FRAUD_OR_ATO,RESOLVED,,,False,HIGH,IVR
CBK0002267,TXN00006416,USR70102,MCH2266,,,0.49,MERCHANT_OR_DELIVERY_ISSUE,REJECTED,2026-03-13 05:44:47,,False,MEDIUM,CHATBOT
CBK0002268,TXN00008063,USR89588,MCH1457,,,2296.42,GENERAL_DISPUTE,OPEN,,,False,HIGH,BRANCH
CBK0002269,TXN00002609,USR70968,MCH6810,,,0.32,DUPLICATE_PROCESSING,IN_PROGRESS,,,False,MEDIUM,EMAIL
CBK0002270,TXN00000045,USR73010,MCH6294,,,1101.8,FRAUD_OR_ATO,CLOSED,2026-01-11 22:00:03,,False,MEDIUM,CALL CENTER
CBK0002271,TXN00012860,USR27755,MCH6850,,,0.46,FRAUD_OR_ATO,IN_PROGRESS,2026-02-10 23:27:37,,False,LOW,APP
CBK0002272,TXN00008542,USR97580,MCH5904,,,,MERCHANT_OR_DELIVERY_ISSUE,IN_PROGRESS,,,False,MEDIUM,CHATBOT
CBK0002273,TXN00013117,USR27533,MCH4185,2026-02-28 00:00:00,2026-03-06 00:00:00,355.32,FRAUD_OR_ATO,OPEN,,,False,CRITICAL,APP
CBK0002274,TXN00008466,USR84517,MCH6508,,2026-01-23 00:00:00,494.63,GENERAL_DISPUTE,IN_PROGRESS,,,False,MEDIUM,IVR
CBK0002275,TXN00002106,USR75120,MCH3728,2026-01-24 13:15:51,,3875.59,FRAUD_OR_ATO,IN_PROGRESS,,,False,MEDIUM,APP
CBK0002276,TXN00012334,USR12381,MCH9291,,,1521.74,MERCHANT_OR_DELIVERY_ISSUE,IN_PROGRESS,2026-03-25 18:05:30,,False,HIGH,CALL CENTER
CBK0002277,TXN00018308,USR67602,MCH2667,,2026-03-11 15:45:04,0.51,MERCHANT_OR_DELIVERY_ISSUE,IN_PROGRESS,2026-03-17 15:45:04,6.0,False,HIGH,BRANCH
CBK0002278,TXN00014410,USR51041,MCH5836,,,2302.66,MERCHANT_OR_DELIVERY_ISSUE,IN_PROGRESS,2026-04-13 13:41:38,,False,MEDIUM,BRANCH
CBK0002279,TXN00018603,USR39503,MCH1658,2026-03-23 12:48:07,2026-03-26 00:00:00,3615.07,DUPLICATE_PROCESSING,REJECTED,,,False,CRITICAL,CALL CENTER
CBK0002280,TXN00002173,USR47525,MCH1015,,,856.42,AMOUNT_MISMATCH,IN_PROGRESS,2026-03-15 22:02:04,,False,LOW,BRANCH
CBK0002281,TXN00016639,USR51332,MCH6850,,,2539.68,MERCHANT_OR_DELIVERY_ISSUE,IN_PROGRESS,2026-03-25 21:38:11,,False,HIGH,APP
CBK0002282,TXN00008893,USR74390,MCH7259,2026-01-05 00:00:00,,2546.9,DUPLICATE_PROCESSING,OPEN,2026-01-13 13:43:40,,False,LOW,IVR
CBK0002283,TXN00010523,USR84010,MCH6886,,,907.87,AMOUNT_MISMATCH,IN_PROGRESS,,,False,HIGH,APP
CBK0002284,TXN00019560,USR71503,MCH7874,,,4923.1,MERCHANT_OR_DELIVERY_ISSUE,IN_PROGRESS,,,False,CRITICAL,APP
CBK0002285,TXN00005474,USR53527,MCH4473,,,271.69,GENERAL_DISPUTE,CLOSED,,,False,MEDIUM,IVR
CBK0002286,TXN00007923,USR98994,MCH2676,,,2225.43,MERCHANT_OR_DELIVERY_ISSUE,IN_PROGRESS,,,False,MEDIUM,IVR
CBK0002287,TXN00004573,USR40925,MCH4181,2026-02-09 08:18:39,,495.68,DUPLICATE_PROCESSING,CLOSED,,,False,MEDIUM,IVR
CBK0002288,TXN00001620,USR79613,MCH2822,,2026-03-07 00:00:00,650.47,DUPLICATE_PROCESSING,CLOSED,,,False,HIGH,CHATBOT
CBK0002289,TXN00009795,USR13941,MCH2131,2026-03-20 09:34:19,,0.48,MERCHANT_OR_DELIVERY_ISSUE,IN_PROGRESS,,,False,MEDIUM,IVR
CBK0002290,TXN00008903,USR27947,MCH7284,,,601.89,FRAUD_OR_ATO,IN_PROGRESS,,,False,CRITICAL,APP
CBK0002291,TXN00000916,USR59058,MCH4473,2026-01-01 00:19:40,,0.58,FRAUD_OR_ATO,OPEN,,,False,HIGH,IVR
CBK0002292,TXN00014118,USR56014,MCH1692,,,0.32,DUPLICATE_PROCESSING,REJECTED,,,False,MEDIUM,CHATBOT
CBK0002293,TXN00004932,USR18205,MCH1981,,,595.39,FRAUD_OR_ATO,REJECTED,,,False,LOW,BRANCH
CBK0002294,TXN00004771,USR12753,MCH9267,,,5005.08,GENERAL_DISPUTE,IN_PROGRESS,,,False,CRITICAL,CHATBOT
CBK0002295,TXN00011080,USR86500,MCH1485,,,3444.75,MERCHANT_OR_DELIVERY_ISSUE,RESOLVED,2026-04-25 13:15:25,,False,MEDIUM,CHATBOT
CBK0002296,TXN00004293,USR72591,MCH3992,,2026-01-08 00:00:00,830.77,MERCHANT_OR_DELIVERY_ISSUE,CLOSED,,,False,MEDIUM,BRANCH
CBK0002297,TXN00013147,USR10842,MCH2327,,,4819.26,FRAUD_OR_ATO,IN_PROGRESS,,,False,LOW,CALL CENTER
CBK0002298,TXN00017266,USR66122,MCH2822,,,260.19,FRAUD_OR_ATO,IN_PROGRESS,,,False,HIGH,APP
CBK0002299,TXN00012406,USR13926,MCH9166,,,2900.07,MERCHANT_OR_DELIVERY_ISSUE,IN_PROGRESS,,,False,LOW,IVR
CBK0002300,TXN00009857,USR61606,MCH6632,,,519.97,MERCHANT_OR_DELIVERY_ISSUE,REJECTED,,,False,MEDIUM,BRANCH
CBK0002301,TXN00016200,USR35882,MCH8547,,,1071.38,MERCHANT_OR_DELIVERY_ISSUE,CLOSED,,,False,HIGH,EMAIL
CBK0002302,TXN00004618,USR69543,MCH8140,,,1142.86,DUPLICATE_PROCESSING,REJECTED,,,False,LOW,IVR
CBK0002303,TXN00016593,USR96415,MCH1320,,2026-01-13 00:00:00,6511.97,FRAUD_OR_ATO,RESOLVED,2026-01-22 01:23:48,9.0,False,MEDIUM,IVR
CBK0002304,TXN00005004,USR24536,MCH6507,,,0.11,FRAUD_OR_ATO,RESOLVED,,,False,MEDIUM,BRANCH
CBK0002305,TXN00008366,USR55382,MCH4721,,,1671.34,FRAUD_OR_ATO,CLOSED,,,False,HIGH,APP
CBK0002306,TXN00008650,USR32641,MCH1565,2026-02-18 00:00:00,,1166.57,MERCHANT_OR_DELIVERY_ISSUE,OPEN,,,False,MEDIUM,CHATBOT
CBK0002307,TXN36574,USR15565,MCH4590,,,676.79,FRAUD_OR_ATO,RESOLVED,,,False,MEDIUM,CALL CENTER
CBK0002308,TXN00006966,USR87795,MCH4912,,2026-02-12 20:09:09,645.29,MERCHANT_OR_DELIVERY_ISSUE,IN_PROGRESS,,,False,MEDIUM,EMAIL
CBK0002309,TXN00012387,USR18453,MCH5452,,,2462.0,DUPLICATE_PROCESSING,REJECTED,,,False,MEDIUM,CHATBOT
CBK0002310,TXN00008525,USR62313,MCH8146,,2026-03-05 00:00:00,1760.95,AMOUNT_MISMATCH,CLOSED,,,False,HIGH,BRANCH
CBK0002311,TXN00011525,USR73683,MCH3681,,,3875.84,GENERAL_DISPUTE,IN_PROGRESS,,,False,MEDIUM,CHATBOT
CBK0002312,TXN00010316,USR71728,MCH5783,,,0.14,FRAUD_OR_ATO,IN_PROGRESS,,,False,HIGH,EMAIL
CBK0002313,TXN00009432,USR22939,MCH5264,,,1466.07,GENERAL_DISPUTE,OPEN,,,False,MEDIUM,CALL CENTER
CBK0002314,TXN00014145,USR21162,MCH2383,,2026-03-10 21:03:16,0.39,GENERAL_DISPUTE,CLOSED,,,False,LOW,IVR
CBK0002315,TXN00012331,USR91192,MCH2718,,,1246.25,FRAUD_OR_ATO,IN_PROGRESS,,,False,MEDIUM,BRANCH
CBK0002316,TXN00018781,USR80429,MCH4070,2026-03-14 00:00:00,,428.55,GENERAL_DISPUTE,RESOLVED,,,False,LOW,CHATBOT
CBK0002317,TXN00003637,USR76315,MCH8796,2026-02-18 00:00:00,,4219.82,GENERAL_DISPUTE,IN_PROGRESS,,,False,HIGH,IVR
CBK0002318,TXN00011955,USR35555,MCH3810,2026-03-22 10:52:40,2026-03-26 00:00:00,918.61,GENERAL_DISPUTE,IN_PROGRESS,,,False,LOW,APP
CBK0002319,TXN00011383,USR79596,MCH3966,,,1933.11,DUPLICATE_PROCESSING,CLOSED,2026-04-13 09:22:44,,False,MEDIUM,BRANCH
CBK0002320,TXN00000822,USR51203,MCH5846,,2026-02-10 00:00:00,966.31,GENERAL_DISPUTE,IN_PROGRESS,,,False,LOW,CHATBOT
CBK0002321,TXN00014977,USR11586,MCH2103,,2026-01-19 00:00:00,683.69,FRAUD_OR_ATO,REJECTED,,,False,HIGH,APP
CBK0002322,TXN00009493,USR71348,MCH1425,,,270.77,MERCHANT_OR_DELIVERY_ISSUE,RESOLVED,,,False,MEDIUM,IVR
CBK0002323,UNKNOWN_TXN,USR71935,MCH3538,,2026-03-09 06:02:09,2538.09,FRAUD_OR_ATO,IN_PROGRESS,,,False,LOW,EMAIL
CBK0002324,TXN00016940,USR80407,MCH7916,,,60.71,MERCHANT_OR_DELIVERY_ISSUE,CLOSED,,,False,LOW,APP
CBK0002325,TXN00013806,USR41923,MCH2214,,,0.66,GENERAL_DISPUTE,IN_PROGRESS,,,False,LOW,IVR
CBK0002326,TXN00005168,USR42079,MCH6628,,,5074.67,FRAUD_OR_ATO,RESOLVED,,,False,HIGH,CALL CENTER
CBK0002327,TXN00011877,USR69584,MCH5183,2026-03-06 00:00:00,2026-03-06 21:56:02,728.14,FRAUD_OR_ATO,OPEN,,,False,MEDIUM,IVR
CBK0002328,TXN00016836,USR20310,MCH6341,,,,DUPLICATE_PROCESSING,IN_PROGRESS,,,False,MEDIUM,APP
CBK0002329,TXN00005401,USR58914,MCH9277,,,14197.19,FRAUD_OR_ATO,IN_PROGRESS,2026-03-07 08:50:12,,False,LOW,CHATBOT
CBK0002330,TXN00007824,USR15414,MCH7186,,,1375.65,MERCHANT_OR_DELIVERY_ISSUE,REJECTED,,,False,MEDIUM,CALL CENTER
CBK0002331,TXN00009831,USR80038,MCH3995,,2026-01-09 00:00:00,2727.04,FRAUD_OR_ATO,IN_PROGRESS,,,False,MEDIUM,APP
CBK0002332,TXN00002710,USR70317,MCH5459,2026-02-12 00:00:00,,2072.0,MERCHANT_OR_DELIVERY_ISSUE,RESOLVED,,,False,LOW,CHATBOT
CBK0002333,TXN00002832,USR10042,MCH1611,,,8214.17,FRAUD_OR_ATO,REJECTED,,,False,MEDIUM,IVR
CBK0002334,TXN00013909,USR61147,MCH6628,,2026-01-12 00:00:00,449.15,GENERAL_DISPUTE,REJECTED,,,False,HIGH,IVR
CBK0002335,TXN00000843,USR66411,MCH2439,2026-03-30 00:00:00,,1440.33,GENERAL_DISPUTE,OPEN,,,False,LOW,EMAIL
CBK0002336,TXN00014456,USR56287,MCH4473,,,4534.17,MERCHANT_OR_DELIVERY_ISSUE,IN_PROGRESS,,,False,LOW,EMAIL
CBK0002337,TXN00008947,USR74187,MCH2877,,,0.41,GENERAL_DISPUTE,RESOLVED,,,False,LOW,IVR
CBK0002338,TXN00001443,USR39700,MCH7714,,,1732.28,DUPLICATE_PROCESSING,IN_PROGRESS,,,False,MEDIUM,CHATBOT
CBK0002339,TXN00002981,USR58082,MCH2266,2026-02-11 21:42:41,2026-02-13 19:42:41,7275.81,GENERAL_DISPUTE,REJECTED,,,False,HIGH,CALL CENTER
CBK0002340,TXN00012698,USR17047,MCH3815,,,2283.53,FRAUD_OR_ATO,IN_PROGRESS,2026-03-25 05:16:35,,False,HIGH,EMAIL
CBK0002341,TXN00012704,USR27290,MCH3954,,,2025.76,FRAUD_OR_ATO,CLOSED,,,False,HIGH,BRANCH
CBK0002342,TXN00018954,USR46617,MCH4286,,2026-03-07 18:04:46,3630.2,MERCHANT_OR_DELIVERY_ISSUE,REJECTED,,,False,HIGH,APP
CBK0002343,TXN00015911,USR29306,MCH9294,2026-02-16 00:00:00,,1701.23,DUPLICATE_PROCESSING,REJECTED,,,False,HIGH,APP
CBK0002344,TXN00018840,USR45486,MCH8357,2026-02-20 00:00:00,,1901.24,DUPLICATE_PROCESSING,CLOSED,,,False,HIGH,BRANCH
CBK0002345,TXN00010920,USR70736,MCH8559,,,822.8,GENERAL_DISPUTE,CLOSED,,,False,LOW,CALL CENTER
CBK0002346,TXN00001292,USR25528,MCH6328,,,33975.77,MERCHANT_OR_DELIVERY_ISSUE,OPEN,,,False,LOW,EMAIL
CBK0002347,TXN00010961,USR55439,MCH7581,,,1126.18,AMOUNT_MISMATCH,REJECTED,,,False,LOW,BRANCH
CBK0002348,TXN00012938,USR62273,MCH3100,2026-03-09 00:00:00,,3749.0,FRAUD_OR_ATO,OPEN,,,False,LOW,APP
CBK0002349,TXN00003229,USR86279,MCH1006,2026-02-21 00:00:00,2026-02-26 12:36:19,12194.3,DUPLICATE_PROCESSING,IN_PROGRESS,,,False,MEDIUM,CHATBOT
CBK0002350,TXN64529,USR90246,MCH9480,,,0.47,FRAUD_OR_ATO,REJECTED,,,False,MEDIUM,EMAIL
CBK0002351,TXN00008276,USR78874,MCH4259,,,3331.49,FRAUD_OR_ATO,RESOLVED,,,False,CRITICAL,EMAIL
CBK0002352,TXN00009981,USR92382,MCH2075,,2026-03-12 00:00:00,1850.41,FRAUD_OR_ATO,CLOSED,,,False,HIGH,CALL CENTER
CBK0002353,TXN00017005,USR93920,MCH5156,,,10880.54,MERCHANT_OR_DELIVERY_ISSUE,OPEN,,,False,MEDIUM,CHATBOT
CBK0002354,TXN00009248,USR72500,MCH5264,,,728.36,AMOUNT_MISMATCH,RESOLVED,,,False,CRITICAL,EMAIL
CBK0002355,TXN00010287,USR83793,MCH2036,2026-02-28 07:09:59,,852.14,MERCHANT_OR_DELIVERY_ISSUE,RESOLVED,,,False,CRITICAL,CHATBOT
CBK0002356,TXN00014945,USR84844,MCH5076,,,1720.02,GENERAL_DISPUTE,REJECTED,,,False,MEDIUM,APP
CBK0002357,TXN00009106,USR64172,MCH7722,,,0.11,FRAUD_OR_ATO,REJECTED,2026-04-05 07:38:31,,False,MEDIUM,CHATBOT
CBK0002358,TXN00012958,USR45319,MCH4022,,,1142.21,DUPLICATE_PROCESSING,IN_PROGRESS,2026-03-20 03:54:56,,False,LOW,IVR
CBK0002359,TXN00004169,USR59679,MCH4473,,,13744.99,FRAUD_OR_ATO,CLOSED,2026-01-16 14:56:06,,False,CRITICAL,EMAIL
CBK0002360,TXN00016689,USR22630,MCH6419,,,2052.97,FRAUD_OR_ATO,IN_PROGRESS,,,False,LOW,CALL CENTER
CBK0002361,TXN00010080,USR53138,MCH7137,,2026-03-14 08:24:12,824.94,FRAUD_OR_ATO,CLOSED,,,False,MEDIUM,APP
CBK0002362,TXN00007811,USR20310,MCH8076,,,0.12,MERCHANT_OR_DELIVERY_ISSUE,IN_PROGRESS,2026-03-05 13:01:23,,False,HIGH,IVR
CBK0002363,TXN00002125,USR78593,MCH2757,,,0.27,FRAUD_OR_ATO,CLOSED,,,False,LOW,BRANCH
CBK0002364,TXN00001342,USR61151,MCH5245,,,0.25,AMOUNT_MISMATCH,IN_PROGRESS,2026-03-24 09:42:23,,False,HIGH,IVR
CBK0002365,TXN00000567,USR77716,MCH2387,2026-03-15 16:57:45,,1015.09,FRAUD_OR_ATO,OPEN,,,False,LOW,CHATBOT
CBK0002366,TXN00012165,USR98915,MCH6399,2026-02-20 00:00:00,,,FRAUD_OR_ATO,IN_PROGRESS,,,False,LOW,CALL CENTER
CBK0002367,TXN00000803,USR40928,MCH2574,,,0.17,GENERAL_DISPUTE,IN_PROGRESS,,,False,MEDIUM,CALL CENTER
CBK0002368,TXN00004923,USR50207,MCH8391,,,1673.05,DUPLICATE_PROCESSING,CLOSED,,,False,LOW,IVR
CBK0002369,TXN00000843,USR72135,MCH4517,,,947.54,FRAUD_OR_ATO,REJECTED,,,False,LOW,CALL CENTER
CBK0002370,TXN00001816,USR24664,MCH3992,,2026-03-26 19:41:41,6501.45,DUPLICATE_PROCESSING,IN_PROGRESS,,,False,LOW,CALL CENTER
CBK0002371,TXN00007628,USR28839,MCH5264,,,3211.77,FRAUD_OR_ATO,RESOLVED,,,False,LOW,CHATBOT
CBK0002372,TXN37348,USR79864,MCH6026,,,2069.0,DUPLICATE_PROCESSING,OPEN,,,False,MEDIUM,CHATBOT
CBK0002373,TXN00018837,USR94106,MCH4774,2026-01-19 04:13:46,,1260.53,DUPLICATE_PROCESSING,CLOSED,,,False,HIGH,CHATBOT
CBK0002374,TXN00005973,USR96482,MCH8041,,,10229.48,FRAUD_OR_ATO,IN_PROGRESS,,,False,MEDIUM,APP
CBK0002375,TXN00011957,USR43004,MCH4590,,2026-03-09 00:00:00,569.94,FRAUD_OR_ATO,IN_PROGRESS,,,False,MEDIUM,EMAIL
CBK0002376,TXN00004589,USR76792,MCH5515,,,1100.37,FRAUD_OR_ATO,IN_PROGRESS,,,False,MEDIUM,IVR
CBK0002377,TXN00019402,USR94040,MCH1653,,2026-01-19 13:52:07,,GENERAL_DISPUTE,IN_PROGRESS,,,False,MEDIUM,BRANCH
CBK0002378,TXN00014450,USR74567,MCH5798,,,0.24,MERCHANT_OR_DELIVERY_ISSUE,IN_PROGRESS,2026-03-13 23:03:21,,False,LOW,CHATBOT
CBK0002379,TXN00008645,USR61509,MCH1914,,,3501.28,FRAUD_OR_ATO,REJECTED,,,False,MEDIUM,IVR
CBK0002380,TXN00007622,USR55947,MCH7385,,2026-04-02 00:00:00,475.05,FRAUD_OR_ATO,OPEN,,,False,MEDIUM,APP
CBK0002381,TXN00011829,USR54103,MCH7837,,2026-01-19 00:00:00,,GENERAL_DISPUTE,OPEN,,,False,HIGH,CALL CENTER
CBK0002382,TXN00016574,USR34643,MCH1066,,,2828.9,GENERAL_DISPUTE,RESOLVED,2026-02-07 11:12:20,,False,MEDIUM,EMAIL
CBK0002383,TXN00000491,USR82159,MCH4802,2026-02-01 05:37:43,,929.69,MERCHANT_OR_DELIVERY_ISSUE,IN_PROGRESS,,,False,MEDIUM,BRANCH
CBK0002384,TXN00005874,USR26867,MCH5264,,,,DUPLICATE_PROCESSING,RESOLVED,,,False,MEDIUM,EMAIL
CBK0002385,TXN00016200,USR19881,MCH2065,,,2148.76,MERCHANT_OR_DELIVERY_ISSUE,IN_PROGRESS,,,False,MEDIUM,EMAIL
CBK0002386,TXN00014331,USR72448,MCH7602,,,678.63,FRAUD_OR_ATO,OPEN,,,False,HIGH,CALL CENTER
CBK0002387,TXN00004951,USR76131,MCH1332,2026-03-08 07:51:04,,2386.57,FRAUD_OR_ATO,IN_PROGRESS,,,False,HIGH,CALL CENTER
CBK0002388,TXN00018528,USR77072,MCH5954,,,3336.11,FRAUD_OR_ATO,RESOLVED,,,False,MEDIUM,IVR
CBK0002389,TXN00013105,USR51442,MCH8389,,,,FRAUD_OR_ATO,REJECTED,,,False,LOW,EMAIL
CBK0002390,TXN00008564,USR53527,MCH1450,,2026-03-20 12:52:19,7520.47,MERCHANT_OR_DELIVERY_ISSUE,RESOLVED,,,False,MEDIUM,CHATBOT
CBK0002391,TXN00013005,USR27779,MCH6850,,,3734.7,MERCHANT_OR_DELIVERY_ISSUE,IN_PROGRESS,2026-04-15 18:10:52,,False,LOW,APP
CBK0002392,TXN00006668,USR61084,MCH2875,,,0.17,GENERAL_DISPUTE,RESOLVED,2026-02-17 12:08:01,,False,HIGH,EMAIL
CBK0002393,TXN00003575,USR73909,MCH7833,,,1311.04,FRAUD_OR_ATO,IN_PROGRESS,,,False,LOW,APP
CBK0002394,TXN00001169,USR60198,MCH6518,2026-02-27 00:00:00,2026-03-03 00:00:00,10453.78,DUPLICATE_PROCESSING,IN_PROGRESS,,,False,MEDIUM,CHATBOT
CBK0002395,TXN00010795,USR24347,MCH3677,,,933.13,DUPLICATE_PROCESSING,IN_PROGRESS,,,False,LOW,CHATBOT
CBK0002396,TXN00000711,USR70575,MCH1910,,,,GENERAL_DISPUTE,RESOLVED,,,False,HIGH,IVR
CBK0002397,TXN00012053,USR24199,MCH9610,,2026-01-13 16:15:15,1200.13,FRAUD_OR_ATO,RESOLVED,2026-01-19 16:15:15,6.0,False,CRITICAL,APP
CBK0002398,TXN00004386,USR59393,MCH4310,,2026-02-04 09:35:06,2691.36,MERCHANT_OR_DELIVERY_ISSUE,IN_PROGRESS,,,False,MEDIUM,IVR
CBK0002399,TXN00015080,USR43847,MCH7901,,,17242.91,DUPLICATE_PROCESSING,CLOSED,,,False,MEDIUM,BRANCH
CBK0002400,TXN00015733,USR87357,MCH9878,2026-01-22 00:00:00,2026-01-25 00:00:00,2313.86,FRAUD_OR_ATO,CLOSED,,,False,MEDIUM,IVR
CBK0002401,TXN00013900,USR24536,MCH1762,,2026-01-25 00:00:00,1310.19,DUPLICATE_PROCESSING,IN_PROGRESS,,,False,MEDIUM,CHATBOT
CBK0002402,TXN00015883,USR71704,MCH9745,2026-01-08 00:00:00,2026-01-19 00:00:00,2183.47,MERCHANT_OR_DELIVERY_ISSUE,CLOSED,,,False,MEDIUM,CALL CENTER
CBK0002403,TXN00000926,USR32749,MCH6945,,,0.49,MERCHANT_OR_DELIVERY_ISSUE,IN_PROGRESS,2026-04-17 13:26:01,,False,MEDIUM,CHATBOT
CBK0002404,TXN00001110,USR78155,MCH9798,,2026-03-14 07:44:57,1498.49,MERCHANT_OR_DELIVERY_ISSUE,OPEN,,,False,HIGH,APP
CBK0002405,TXN00017196,USR45251,MCH2538,,,9937.63,FRAUD_OR_ATO,IN_PROGRESS,2026-03-09 02:28:07,,False,MEDIUM,CHATBOT
CBK0002406,TXN00019470,USR71704,MCH3759,2026-03-02 00:00:00,,3505.15,MERCHANT_OR_DELIVERY_ISSUE,CLOSED,,,False,LOW,BRANCH
CBK0002407,TXN00017251,USR56287,MCH8300,2026-02-03 00:00:00,,6191.71,GENERAL_DISPUTE,CLOSED,,,False,MEDIUM,APP
CBK0002408,TXN00013519,USR21313,MCH4396,,,4980.8,MERCHANT_OR_DELIVERY_ISSUE,IN_PROGRESS,,,False,HIGH,CHATBOT
CBK0002409,TXN00004555,USR24591,MCH7745,,,889.98,MERCHANT_OR_DELIVERY_ISSUE,IN_PROGRESS,,,False,HIGH,CHATBOT
CBK0002410,TXN00010646,USR89422,MCH7235,,,12234.17,MERCHANT_OR_DELIVERY_ISSUE,IN_PROGRESS,,,False,LOW,CHATBOT
CBK0002411,TXN00013763,USR34955,MCH8491,,2026-03-23 00:00:00,306.11,MERCHANT_OR_DELIVERY_ISSUE,IN_PROGRESS,,,False,MEDIUM,IVR
CBK0002412,TXN00003020,USR96958,MCH8779,,,2521.22,DUPLICATE_PROCESSING,CLOSED,2026-03-18 20:13:34,,False,LOW,EMAIL
CBK0002413,TXN00012907,USR20360,MCH3281,,,,FRAUD_OR_ATO,REJECTED,,,False,LOW,IVR
CBK0002414,TXN00000503,USR85650,MCH1590,,,325.93,DUPLICATE_PROCESSING,OPEN,,,False,HIGH,CALL CENTER
CBK0002415,TXN00007375,USR25624,MCH3252,,,0.46,GENERAL_DISPUTE,RESOLVED,2026-04-17 22:41:55,,False,HIGH,CALL CENTER
CBK0002416,TXN00007831,USR38240,MCH6533,,,905.66,FRAUD_OR_ATO,OPEN,2026-01-28 08:46:41,,False,LOW,EMAIL
CBK0002417,TXN00005056,USR27928,MCH8953,2026-01-29 00:00:00,,6278.49,MERCHANT_OR_DELIVERY_ISSUE,IN_PROGRESS,,,False,CRITICAL,CALL CENTER
CBK0002418,TXN00011396,USR35122,MCH4181,,2026-03-04 15:55:09,205.54,MERCHANT_OR_DELIVERY_ISSUE,OPEN,,,False,HIGH,CHATBOT
CBK0002419,TXN00008154,USR61213,MCH1320,,2026-04-12 00:00:00,1654.89,MERCHANT_OR_DELIVERY_ISSUE,OPEN,,,False,MEDIUM,APP
CBK0002420,TXN00008321,USR20361,MCH3420,,,535.96,MERCHANT_OR_DELIVERY_ISSUE,OPEN,,,False,LOW,CALL CENTER
CBK0002421,TXN00008235,USR71538,MCH4564,2026-03-24 15:27:52,,0.13,GENERAL_DISPUTE,REJECTED,,,False,MEDIUM,BRANCH
CBK0002422,TXN00019169,USR46308,MCH9028,,,8504.48,FRAUD_OR_ATO,IN_PROGRESS,,,False,HIGH,CALL CENTER
CBK0002423,TXN00014966,USR26696,MCH9223,2026-02-13 20:33:40,,10848.72,MERCHANT_OR_DELIVERY_ISSUE,REJECTED,,,False,HIGH,IVR
CBK0002424,TXN00002184,USR26661,MCH1213,,,3019.75,FRAUD_OR_ATO,CLOSED,,,False,MEDIUM,EMAIL
CBK0002425,TXN00014868,USR39427,MCH2383,2026-01-23 23:41:30,,0.37,MERCHANT_OR_DELIVERY_ISSUE,IN_PROGRESS,,,False,MEDIUM,IVR
CBK0002426,UNKNOWN_TXN,USR83808,MCH8011,,,540.94,MERCHANT_OR_DELIVERY_ISSUE,IN_PROGRESS,,,False,MEDIUM,IVR
CBK0002427,TXN00003973,USR79707,MCH2266,,,2121.87,AMOUNT_MISMATCH,IN_PROGRESS,2026-04-14 01:55:27,,False,LOW,EMAIL
CBK0002428,TXN00009714,USR79175,MCH8542,2026-02-15 22:57:47,2026-03-03 00:00:00,807.62,DUPLICATE_PROCESSING,CLOSED,,,False,LOW,BRANCH
CBK0002429,TXN00015653,USR50125,MCH2266,,,3491.1,DUPLICATE_PROCESSING,CLOSED,,,False,MEDIUM,CHATBOT
CBK0002430,TXN00019681,USR37650,MCH5655,2026-01-29 00:00:00,,9661.7,MERCHANT_OR_DELIVERY_ISSUE,RESOLVED,,,False,HIGH,IVR
CBK0002431,TXN00015350,USR95800,MCH4448,2026-03-26 01:08:15,2026-03-28 03:08:15,676.77,FRAUD_OR_ATO,IN_PROGRESS,,,False,LOW,CALL CENTER
CBK0002432,TXN00013381,USR11036,MCH9344,,,738.73,DUPLICATE_PROCESSING,IN_PROGRESS,,,False,MEDIUM,IVR
CBK0002433,TXN00013653,USR85471,MCH6459,,2026-02-17 22:05:01,555.33,DUPLICATE_PROCESSING,IN_PROGRESS,,,False,MEDIUM,CHATBOT
CBK0002434,TXN00017925,USR13134,MCH5284,,,1402.12,GENERAL_DISPUTE,IN_PROGRESS,,,False,MEDIUM,EMAIL
CBK0002435,TXN00015767,USR33671,MCH2699,,,1904.98,MERCHANT_OR_DELIVERY_ISSUE,REJECTED,,,False,MEDIUM,CHATBOT
CBK0002436,TXN00008330,USR64405,MCH9291,,2026-03-10 00:00:00,1847.49,FRAUD_OR_ATO,IN_PROGRESS,,,False,MEDIUM,BRANCH
CBK0002437,TXN00007105,USR45914,MCH3247,,,,AMOUNT_MISMATCH,IN_PROGRESS,,,False,MEDIUM,CALL CENTER
CBK0002438,TXN00006364,USR79500,MCH2963,2026-02-17 00:00:00,,2678.39,MERCHANT_OR_DELIVERY_ISSUE,CLOSED,,,False,LOW,EMAIL
CBK0002439,TXN00009347,USR87914,MCH6751,,,1704.94,AMOUNT_MISMATCH,IN_PROGRESS,,,False,LOW,IVR
CBK0002440,TXN00014010,USR71922,MCH6703,,,1883.55,FRAUD_OR_ATO,IN_PROGRESS,,,False,HIGH,IVR
CBK0002441,TXN00007492,USR71182,MCH9948,,2026-03-12 00:00:00,1969.45,DUPLICATE_PROCESSING,OPEN,,,False,LOW,CHATBOT
CBK0002442,TXN00003496,USR17908,MCH1236,2026-01-12 17:43:35,,1706.49,MERCHANT_OR_DELIVERY_ISSUE,REJECTED,,,False,HIGH,IVR
CBK0002443,TXN00017471,USR44213,MCH3992,,2026-02-04 00:00:00,918.63,FRAUD_OR_ATO,REJECTED,,,False,HIGH,EMAIL
CBK0002444,TXN00009188,USR76636,MCH1089,,,542.9,DUPLICATE_PROCESSING,RESOLVED,,,False,MEDIUM,CHATBOT
CBK0002445,TXN87166,USR20310,MCH3100,,,2084.49,FRAUD_OR_ATO,RESOLVED,2026-03-11 01:21:40,,False,MEDIUM,CALL CENTER
CBK0002446,TXN00018937,USR49318,MCH5980,,,1097.4,MERCHANT_OR_DELIVERY_ISSUE,CLOSED,,,False,CRITICAL,EMAIL
CBK0002447,TXN00012629,USR35956,MCH8605,2026-02-13 00:00:00,,3056.74,MERCHANT_OR_DELIVERY_ISSUE,OPEN,,,False,MEDIUM,CALL CENTER
CBK0002448,TXN00004698,USR56276,MCH3396,,,1942.99,GENERAL_DISPUTE,CLOSED,,,False,LOW,IVR
CBK0002449,TXN00010509,USR57946,MCH4966,,,1835.21,MERCHANT_OR_DELIVERY_ISSUE,OPEN,,,False,MEDIUM,IVR
CBK0002450,TXN00005485,USR94055,MCH5437,2026-01-06 19:11:31,,4839.05,FRAUD_OR_ATO,IN_PROGRESS,,,False,CRITICAL,BRANCH
CBK0002451,TXN00008228,USR86411,MCH8154,,,443.81,FRAUD_OR_ATO,RESOLVED,,,False,LOW,EMAIL
CBK0002452,TXN00016739,USR87040,MCH8521,,,10606.78,GENERAL_DISPUTE,IN_PROGRESS,,,False,LOW,CALL CENTER
CBK0002453,TXN00013396,USR24527,MCH2822,,,0.2,MERCHANT_OR_DELIVERY_ISSUE,OPEN,,,False,LOW,IVR
CBK0002454,TXN00012462,USR25682,MCH5954,2026-03-23 00:00:00,,0.77,GENERAL_DISPUTE,CLOSED,2026-04-10 17:09:36,,False,LOW,CALL CENTER
CBK0002455,TXN00001275,USR69706,MCH5076,,,2210.2,DUPLICATE_PROCESSING,RESOLVED,,,False,LOW,IVR
CBK0002456,TXN00015278,USR97030,MCH7914,,,1070.58,AMOUNT_MISMATCH,RESOLVED,2026-04-23 19:39:54,,False,MEDIUM,APP
CBK0002457,TXN00014853,USR16306,MCH6850,,,415.04,FRAUD_OR_ATO,IN_PROGRESS,,,False,MEDIUM,CHATBOT
CBK0002458,TXN00016001,USR25348,MCH7859,,,992.78,FRAUD_OR_ATO,RESOLVED,2026-03-06 15:36:38,,False,MEDIUM,CHATBOT
CBK0002459,TXN00000155,USR35867,MCH6729,2026-03-08 00:00:00,,1535.06,FRAUD_OR_ATO,IN_PROGRESS,,,False,MEDIUM,CHATBOT
CBK0002460,TXN00018148,USR68295,MCH2914,,,2197.15,DUPLICATE_PROCESSING,OPEN,2026-01-14 05:46:54,,False,LOW,BRANCH
CBK0002461,TXN00017240,USR28613,MCH1420,,,7674.03,MERCHANT_OR_DELIVERY_ISSUE,IN_PROGRESS,,,False,LOW,APP
CBK0002462,TXN00017340,USR67399,MCH8154,,2026-03-28 00:00:00,1945.77,FRAUD_OR_ATO,IN_PROGRESS,,,False,LOW,IVR
CBK0002463,TXN00014364,USR87498,MCH4089,,2026-01-21 17:18:16,2489.04,GENERAL_DISPUTE,RESOLVED,,,False,LOW,CHATBOT
CBK0002464,TXN00000389,USR51316,MCH2059,2026-02-08 06:31:54,2026-02-06 06:31:54,2566.03,MERCHANT_OR_DELIVERY_ISSUE,RESOLVED,,,False,HIGH,CALL CENTER
CBK0002465,TXN00017802,USR76148,MCH4534,,,1303.05,MERCHANT_OR_DELIVERY_ISSUE,REJECTED,,,False,HIGH,IVR
CBK0002466,TXN00013029,USR16995,MCH7040,,,1491.88,MERCHANT_OR_DELIVERY_ISSUE,REJECTED,2026-01-25 19:39:06,,False,MEDIUM,EMAIL
CBK0002467,TXN00018324,USR12011,MCH6969,2026-03-09 02:28:51,,1624.65,AMOUNT_MISMATCH,IN_PROGRESS,,,False,LOW,CALL CENTER
CBK0002468,TXN00004673,USR45477,MCH4469,2026-03-14 23:12:19,,3382.78,GENERAL_DISPUTE,CLOSED,,,False,LOW,EMAIL
CBK0002469,TXN00002314,USR99748,MCH7621,,,725.65,AMOUNT_MISMATCH,IN_PROGRESS,,,False,HIGH,IVR
CBK0002470,TXN00016541,USR51854,MCH2925,2026-03-05 00:00:00,,1089.44,FRAUD_OR_ATO,IN_PROGRESS,,,False,MEDIUM,IVR
CBK0002471,TXN00004346,USR67181,MCH1914,,,2582.05,FRAUD_OR_ATO,REJECTED,,,False,LOW,CALL CENTER
CBK0002472,TXN00013665,USR72656,MCH2756,2026-03-04 14:52:38,,616.17,AMOUNT_MISMATCH,RESOLVED,2026-04-06 10:52:38,,False,HIGH,CHATBOT
CBK0002473,TXN00000154,USR28902,MCH1260,,,2025.66,FRAUD_OR_ATO,CLOSED,,,False,LOW,IVR
CBK0002474,TXN00014618,USR24726,MCH2638,,,1047.67,FRAUD_OR_ATO,REJECTED,,,False,MEDIUM,BRANCH
CBK0002475,TXN00015216,USR46902,MCH4919,,2026-02-19 00:00:00,0.3,FRAUD_OR_ATO,IN_PROGRESS,,,False,CRITICAL,CALL CENTER
CBK0002476,TXN56546,USR63172,MCH4667,,,,DUPLICATE_PROCESSING,IN_PROGRESS,,,False,MEDIUM,IVR
CBK0002477,TXN00002165,USR81636,MCH5914,,,1048.77,DUPLICATE_PROCESSING,REJECTED,,,False,MEDIUM,IVR
CBK0002478,TXN00016308,USR74358,MCH6401,,,3857.22,FRAUD_OR_ATO,OPEN,2026-01-23 21:14:01,,False,LOW,CHATBOT
CBK0002479,TXN00007945,USR12314,MCH9784,,2026-03-01 09:39:03,2209.68,DUPLICATE_PROCESSING,RESOLVED,,,False,MEDIUM,BRANCH
CBK0002480,TXN00007980,USR87914,MCH7383,,,1231.74,FRAUD_OR_ATO,IN_PROGRESS,,,False,MEDIUM,IVR
CBK0002481,TXN00007235,USR46308,MCH7175,,,1820.07,FRAUD_OR_ATO,CLOSED,,,False,LOW,BRANCH
CBK0002482,TXN00018844,USR39808,MCH5330,,,6620.7,MERCHANT_OR_DELIVERY_ISSUE,IN_PROGRESS,,,False,MEDIUM,CHATBOT
CBK0002483,TXN00019669,USR65795,MCH4328,,,1522.61,FRAUD_OR_ATO,CLOSED,,,False,LOW,BRANCH
CBK0002484,TXN00005205,USR19551,MCH5064,,,6694.94,GENERAL_DISPUTE,RESOLVED,,,False,HIGH,IVR
CBK0002485,TXN00010063,USR21384,MCH6470,2026-03-03 00:00:00,2026-03-05 00:00:00,1603.64,MERCHANT_OR_DELIVERY_ISSUE,IN_PROGRESS,,,False,MEDIUM,BRANCH
CBK0002486,TXN00007604,USR66432,MCH6076,,,440.35,MERCHANT_OR_DELIVERY_ISSUE,OPEN,2026-03-22 18:40:38,,False,MEDIUM,CHATBOT
CBK0002487,TXN00009313,USR32981,MCH1201,,2026-02-10 00:00:00,1561.28,GENERAL_DISPUTE,REJECTED,,,False,LOW,IVR
CBK0002488,TXN00002926,USR83342,MCH8398,2026-02-17 14:21:10,,407.36,FRAUD_OR_ATO,CLOSED,,,False,CRITICAL,BRANCH
CBK0002489,UNKNOWN_TXN,USR88037,MCH4590,,,1315.92,DUPLICATE_PROCESSING,RESOLVED,,,False,MEDIUM,CHATBOT
CBK0002490,UNKNOWN_TXN,USR43455,MCH9521,,,0.13,MERCHANT_OR_DELIVERY_ISSUE,RESOLVED,,,False,HIGH,CHATBOT
CBK0002491,TXN00019091,USR41955,MCH3954,,,0.11,MERCHANT_OR_DELIVERY_ISSUE,IN_PROGRESS,,,False,MEDIUM,EMAIL
CBK0002492,TXN00001518,USR20737,MCH5541,,,9039.58,GENERAL_DISPUTE,IN_PROGRESS,,,False,HIGH,EMAIL
CBK0002493,TXN00014670,USR79511,MCH9179,2026-03-13 00:00:00,2026-03-19 00:00:00,1969.23,FRAUD_OR_ATO,IN_PROGRESS,,,False,MEDIUM,IVR
CBK0002494,TXN00001169,USR83883,MCH9848,,2026-02-03 08:36:50,0.61,GENERAL_DISPUTE,REJECTED,2026-03-05 08:36:50,30.0,True,MEDIUM,CHATBOT
CBK0002495,TXN00002679,USR24536,MCH8280,2026-01-07 16:01:24,,1214.71,FRAUD_OR_ATO,CLOSED,,,False,LOW,BRANCH
CBK0002496,TXN00016961,USR12384,MCH4196,,2026-03-14 12:00:58,433.87,MERCHANT_OR_DELIVERY_ISSUE,OPEN,,,False,MEDIUM,BRANCH
CBK0002497,TXN00019914,USR48451,MCH6538,,,3065.07,MERCHANT_OR_DELIVERY_ISSUE,IN_PROGRESS,,,False,MEDIUM,IVR
CBK0002498,TXN00009704,USR26525,MCH4212,,,2595.11,MERCHANT_OR_DELIVERY_ISSUE,RESOLVED,,,False,LOW,CALL CENTER
CBK0002499,TXN00012098,USR40113,MCH9719,,,0.71,MERCHANT_OR_DELIVERY_ISSUE,REJECTED,,,False,LOW,EMAIL
CBK0002500,TXN00001461,USR25808,MCH6058,,,740.03,DUPLICATE_PROCESSING,IN_PROGRESS,,,False,MEDIUM,CHATBOT
CBK0002501,TXN74548,USR43280,MCH3768,,,4626.55,MERCHANT_OR_DELIVERY_ISSUE,IN_PROGRESS,,,False,HIGH,CALL CENTER
CBK0002502,TXN00001155,USR59679,MCH6426,,2026-03-09 05:37:30,335.78,AMOUNT_MISMATCH,IN_PROGRESS,,,False,MEDIUM,BRANCH
CBK0002503,TXN00013623,USR34012,MCH2141,,,3159.54,FRAUD_OR_ATO,OPEN,,,False,LOW,EMAIL
CBK0002504,TXN00010218,USR72223,MCH9305,,,1320.18,FRAUD_OR_ATO,REJECTED,2026-02-25 20:16:09,,False,MEDIUM,CALL CENTER
CBK0002505,TXN00001789,USR80522,MCH9097,2026-01-29 00:00:00,,3163.91,FRAUD_OR_ATO,CLOSED,,,False,LOW,IVR
CBK0002506,TXN00002955,USR68934,MCH7020,,2026-04-28 00:00:00,4857.63,FRAUD_OR_ATO,RESOLVED,,,False,LOW,IVR
CBK0002507,TXN00016749,USR55737,MCH5655,,,,FRAUD_OR_ATO,CLOSED,,,False,MEDIUM,CALL CENTER
CBK0002508,TXN00015520,USR78921,MCH1369,2026-01-24 00:42:06,,578.15,DUPLICATE_PROCESSING,IN_PROGRESS,,,False,CRITICAL,BRANCH
CBK0002509,TXN00002022,USR85958,MCH7739,,,7834.45,FRAUD_OR_ATO,RESOLVED,,,False,HIGH,CALL CENTER
CBK0002510,TXN49297,USR99880,MCH1439,,,1707.55,GENERAL_DISPUTE,IN_PROGRESS,,,False,MEDIUM,EMAIL
CBK0002511,TXN00014471,USR91311,MCH8100,2026-02-21 00:00:00,,2509.27,FRAUD_OR_ATO,OPEN,,,False,HIGH,IVR
CBK0002512,UNKNOWN_TXN,USR17699,MCH1556,,,,MERCHANT_OR_DELIVERY_ISSUE,RESOLVED,,,False,HIGH,BRANCH
CBK0002513,TXN00003753,USR11110,MCH5076,,,691.4,GENERAL_DISPUTE,IN_PROGRESS,,,False,MEDIUM,CALL CENTER
CBK0002514,TXN00001801,USR99493,MCH3992,2026-03-12 14:53:38,,4455.8,MERCHANT_OR_DELIVERY_ISSUE,IN_PROGRESS,,,False,LOW,BRANCH
CBK0002515,TXN00019171,USR95538,MCH5931,2026-03-30 00:00:00,,3429.44,AMOUNT_MISMATCH,RESOLVED,,,False,LOW,CALL CENTER
CBK0002516,TXN73646,USR57758,MCH1812,,,7863.78,GENERAL_DISPUTE,RESOLVED,,,False,HIGH,EMAIL
CBK0002517,TXN00011567,USR30157,MCH1130,2026-01-26 00:00:00,,7727.83,GENERAL_DISPUTE,CLOSED,2026-01-30 22:31:46,,False,MEDIUM,CALL CENTER
CBK0002518,TXN00001703,USR36969,MCH3491,2026-03-13 00:00:00,,1926.45,MERCHANT_OR_DELIVERY_ISSUE,IN_PROGRESS,,,False,MEDIUM,EMAIL
CBK0002519,TXN00002544,USR91069,MCH4788,,,3839.34,MERCHANT_OR_DELIVERY_ISSUE,RESOLVED,,,False,LOW,IVR
CBK0002520,TXN00006276,USR55226,MCH7826,2026-01-21 00:00:00,,0.19,DUPLICATE_PROCESSING,IN_PROGRESS,2026-01-24 16:37:21,,False,CRITICAL,BRANCH
CBK0002521,TXN00013602,USR98636,MCH1574,,,2090.68,FRAUD_OR_ATO,IN_PROGRESS,,,False,CRITICAL,CHATBOT
CBK0002522,UNKNOWN_TXN,USR72963,MCH4406,,,584.72,FRAUD_OR_ATO,REJECTED,,,False,LOW,APP
CBK0002523,TXN00016424,USR39280,MCH4590,,,1444.48,AMOUNT_MISMATCH,RESOLVED,,,False,HIGH,CALL CENTER
CBK0002524,TXN00010461,USR72734,MCH2390,,,300.44,DUPLICATE_PROCESSING,OPEN,,,False,LOW,IVR
CBK0002525,TXN00009115,USR60789,MCH3104,,2026-02-14 00:08:00,1575.8,FRAUD_OR_ATO,OPEN,,,False,LOW,CHATBOT
CBK0002526,TXN00014583,USR53424,MCH7006,,2026-03-24 00:00:00,6768.55,AMOUNT_MISMATCH,IN_PROGRESS,,,False,LOW,CHATBOT
CBK0002527,TXN00014880,USR22078,MCH5647,2026-01-13 00:00:00,,3936.04,FRAUD_OR_ATO,RESOLVED,,,False,MEDIUM,EMAIL
CBK0002528,TXN00019669,USR43455,MCH2895,,,2022.82,FRAUD_OR_ATO,IN_PROGRESS,,,False,MEDIUM,EMAIL
CBK0002529,TXN00012156,USR45756,MCH6446,2026-02-04 00:00:00,,1477.28,GENERAL_DISPUTE,REJECTED,,,False,MEDIUM,CHATBOT
CBK0002530,TXN00008558,USR71564,MCH4848,,2026-02-01 06:28:44,1053.3,FRAUD_OR_ATO,CLOSED,2026-02-17 06:28:44,16.0,True,HIGH,IVR
CBK0002531,TXN00018059,USR46902,MCH1737,,,,FRAUD_OR_ATO,REJECTED,,,False,MEDIUM,CHATBOT
CBK0002532,TXN00014807,USR72152,MCH4189,,,,FRAUD_OR_ATO,IN_PROGRESS,,,False,CRITICAL,CHATBOT
CBK0002533,TXN00002429,USR82871,MCH8050,,,389.54,FRAUD_OR_ATO,IN_PROGRESS,,,False,MEDIUM,IVR
CBK0002534,TXN00004493,USR76170,MCH3036,,,380.69,MERCHANT_OR_DELIVERY_ISSUE,IN_PROGRESS,,,False,LOW,EMAIL
CBK0002535,TXN00009226,USR99720,MCH1211,2026-01-15 00:00:00,,4466.49,FRAUD_OR_ATO,RESOLVED,,,False,MEDIUM,BRANCH
CBK0002536,TXN00009622,USR33596,MCH3032,,,,FRAUD_OR_ATO,OPEN,2026-03-17 00:16:23,,False,CRITICAL,APP
CBK0002537,TXN66991,USR17742,MCH4337,2026-01-07 09:36:06,,1890.93,GENERAL_DISPUTE,CLOSED,,,False,LOW,IVR
CBK0002538,TXN00018880,USR86824,MCH3870,,,2224.0,FRAUD_OR_ATO,REJECTED,,,False,LOW,BRANCH
CBK0002539,TXN00001614,USR85040,MCH7599,,,0.13,MERCHANT_OR_DELIVERY_ISSUE,IN_PROGRESS,,,False,LOW,IVR
CBK0002540,TXN00010104,USR46321,MCH2065,2026-03-04 00:00:00,,1912.26,DUPLICATE_PROCESSING,OPEN,,,False,HIGH,IVR
CBK0002541,TXN00002822,USR11987,MCH3992,,,,FRAUD_OR_ATO,OPEN,,,False,HIGH,IVR
CBK0002542,TXN00004045,USR54255,MCH7383,,2026-04-08 20:03:18,14158.32,FRAUD_OR_ATO,IN_PROGRESS,2026-04-13 20:03:18,5.0,False,LOW,CALL CENTER
CBK0002543,TXN00001628,USR11727,MCH7286,2026-02-09 00:00:00,,,AMOUNT_MISMATCH,IN_PROGRESS,,,False,MEDIUM,IVR
CBK0002544,TXN00018727,USR27888,MCH5076,,,10161.06,MERCHANT_OR_DELIVERY_ISSUE,OPEN,2026-04-24 20:26:11,,False,HIGH,CHATBOT
CBK0002545,TXN00010063,USR85767,MCH8999,,,219.86,FRAUD_OR_ATO,OPEN,,,False,MEDIUM,CHATBOT
CBK0002546,TXN41980,USR82793,MCH1094,,,565.73,FRAUD_OR_ATO,OPEN,,,False,HIGH,EMAIL
CBK0002547,TXN00009614,USR83314,MCH4007,,,927.07,FRAUD_OR_ATO,IN_PROGRESS,,,False,HIGH,IVR
CBK0002548,TXN00003431,USR51725,MCH1320,,,3242.15,MERCHANT_OR_DELIVERY_ISSUE,OPEN,,,False,MEDIUM,CHATBOT
CBK0002549,TXN00014870,USR48114,MCH3983,,,10657.19,MERCHANT_OR_DELIVERY_ISSUE,OPEN,,,False,LOW,CHATBOT
CBK0002550,TXN00001381,USR44152,MCH1993,,2026-03-09 00:00:00,1001.43,AMOUNT_MISMATCH,IN_PROGRESS,,,False,LOW,IVR
CBK0002551,TXN00011968,USR52233,MCH3341,,2026-03-14 00:00:00,4809.04,FRAUD_OR_ATO,IN_PROGRESS,,,False,MEDIUM,CHATBOT
CBK0002552,TXN00011308,USR27300,MCH9291,,,0.17,FRAUD_OR_ATO,OPEN,,,False,LOW,CALL CENTER
CBK0002553,TXN00012590,USR41260,MCH4089,2026-03-16 00:00:00,,0.86,GENERAL_DISPUTE,CLOSED,,,False,CRITICAL,IVR
CBK0002554,TXN00000914,USR21146,MCH2266,,,1207.28,MERCHANT_OR_DELIVERY_ISSUE,OPEN,,,False,HIGH,BRANCH
CBK0002555,TXN00003972,USR76553,MCH1320,,,4309.44,MERCHANT_OR_DELIVERY_ISSUE,OPEN,,,False,LOW,EMAIL
CBK0002556,TXN00014016,USR85655,MCH2065,2026-03-01 00:00:00,,2538.7,FRAUD_OR_ATO,IN_PROGRESS,2026-03-07 09:29:57,,False,LOW,EMAIL
CBK0002557,TXN39623,USR35327,MCH3415,,,0.94,GENERAL_DISPUTE,RESOLVED,,,False,CRITICAL,CHATBOT
CBK0002558,TXN00011898,USR64312,MCH7218,,2026-01-18 00:00:00,2771.91,DUPLICATE_PROCESSING,REJECTED,,,False,LOW,BRANCH
CBK0002559,TXN00014011,USR19313,MCH4037,,,1125.73,AMOUNT_MISMATCH,IN_PROGRESS,,,False,LOW,BRANCH
CBK0002560,TXN00010384,USR77352,MCH2786,,,2047.46,GENERAL_DISPUTE,IN_PROGRESS,,,False,MEDIUM,BRANCH
CBK0002561,TXN00002204,USR14039,MCH6810,,2026-03-08 00:00:00,455.59,FRAUD_OR_ATO,IN_PROGRESS,,,False,HIGH,IVR
CBK0002562,TXN00001105,USR90598,MCH5860,,,310.15,FRAUD_OR_ATO,OPEN,2026-02-10 22:59:43,,False,LOW,IVR
CBK0002563,TXN00004512,USR79645,MCH1381,,2026-02-13 00:00:00,0.14,DUPLICATE_PROCESSING,OPEN,,,False,LOW,EMAIL
CBK0002564,TXN00013473,USR78994,MCH2383,,,2485.28,GENERAL_DISPUTE,IN_PROGRESS,,,False,MEDIUM,CHATBOT
CBK0002565,TXN00003516,USR18591,MCH5076,,2026-01-18 00:00:00,585.31,AMOUNT_MISMATCH,IN_PROGRESS,,,False,HIGH,APP
CBK0002566,TXN00000405,USR64878,MCH8953,2026-03-13 09:18:13,,3060.38,MERCHANT_OR_DELIVERY_ISSUE,IN_PROGRESS,,,False,LOW,APP
CBK0002567,TXN00016286,USR90993,MCH5462,,,1887.01,MERCHANT_OR_DELIVERY_ISSUE,CLOSED,,,False,MEDIUM,CHATBOT
CBK0002568,TXN00012990,USR24437,MCH1818,2026-03-01 15:45:08,,3464.25,FRAUD_OR_ATO,CLOSED,,,False,HIGH,CHATBOT
CBK0002569,TXN00012026,USR10288,MCH8779,2026-01-12 00:00:00,,0.47,FRAUD_OR_ATO,REJECTED,,,False,LOW,APP
CBK0002570,TXN00001810,USR35882,MCH8953,,2026-02-06 00:00:00,0.69,FRAUD_OR_ATO,REJECTED,,,False,LOW,CALL CENTER
CBK0002571,TXN00011546,USR24926,MCH2822,,,3305.27,DUPLICATE_PROCESSING,REJECTED,,,False,LOW,IVR
CBK0002572,TXN00002760,USR49176,MCH2925,2026-01-15 14:26:16,,1345.79,FRAUD_OR_ATO,RESOLVED,,,False,LOW,IVR
CBK0002573,TXN00007177,USR70317,MCH8645,2026-02-05 17:12:29,,2183.89,FRAUD_OR_ATO,RESOLVED,,,False,LOW,CALL CENTER
CBK0002574,TXN00017235,USR62800,MCH8945,,,18567.74,MERCHANT_OR_DELIVERY_ISSUE,IN_PROGRESS,,,False,MEDIUM,IVR
CBK0002575,TXN00009510,USR82410,MCH1905,,2026-02-10 02:13:08,4843.85,FRAUD_OR_ATO,OPEN,,,False,LOW,EMAIL
CBK0002576,TXN00016892,USR92904,MCH3100,,,1942.12,GENERAL_DISPUTE,IN_PROGRESS,,,False,HIGH,APP
CBK0002577,TXN00004121,USR90720,MCH8154,,,,DUPLICATE_PROCESSING,IN_PROGRESS,,,False,HIGH,CHATBOT
CBK0002578,TXN00001675,USR84061,MCH6798,,,994.02,MERCHANT_OR_DELIVERY_ISSUE,IN_PROGRESS,,,False,MEDIUM,IVR
CBK0002579,TXN00002668,USR57244,MCH3590,,,551.59,FRAUD_OR_ATO,REJECTED,,,False,HIGH,CHATBOT
CBK0002580,TXN00004925,USR73573,MCH6810,,,9977.75,MERCHANT_OR_DELIVERY_ISSUE,REJECTED,,,False,MEDIUM,APP
CBK0002581,TXN00015481,USR62660,MCH4181,,,2917.55,MERCHANT_OR_DELIVERY_ISSUE,RESOLVED,2026-02-01 09:49:51,,False,LOW,IVR
CBK0002582,TXN00016961,USR66391,MCH2476,2026-03-15 00:00:00,,508.34,FRAUD_OR_ATO,IN_PROGRESS,2026-03-30 16:16:00,,False,CRITICAL,APP
CBK0002583,TXN00016902,USR33856,MCH4131,2026-01-15 15:10:59,2026-01-17 22:10:59,1595.05,FRAUD_OR_ATO,IN_PROGRESS,,,False,LOW,BRANCH
CBK0002584,TXN00014405,USR78603,MCH8391,,,6441.32,GENERAL_DISPUTE,CLOSED,2026-02-03 03:04:42,,False,LOW,IVR
CBK0002585,TXN00018187,USR23937,MCH4560,,,,FRAUD_OR_ATO,RESOLVED,2026-04-14 14:38:55,,False,MEDIUM,CHATBOT
CBK0002586,TXN00016107,USR77915,MCH8391,,,800.72,GENERAL_DISPUTE,OPEN,,,False,LOW,BRANCH
CBK0002587,TXN00001705,USR32842,MCH3100,,2026-03-26 00:00:00,2583.16,DUPLICATE_PROCESSING,IN_PROGRESS,2026-04-13 15:32:45,18.0,True,LOW,IVR
CBK0002588,TXN00008732,USR22039,MCH2374,,,3491.72,DUPLICATE_PROCESSING,CLOSED,,,False,HIGH,CHATBOT
CBK0002589,TXN00001501,USR49236,MCH4590,,,1157.85,DUPLICATE_PROCESSING,OPEN,,,False,HIGH,IVR
CBK0002590,TXN00001121,USR43833,MCH4575,,,0.99,MERCHANT_OR_DELIVERY_ISSUE,CLOSED,,,False,MEDIUM,EMAIL
CBK0002591,TXN00004763,USR40127,MCH4473,,,2865.75,DUPLICATE_PROCESSING,IN_PROGRESS,2026-03-19 23:20:31,,False,MEDIUM,CHATBOT
CBK0002592,TXN00003766,USR79094,MCH8315,2026-01-17 13:54:40,,587.08,FRAUD_OR_ATO,IN_PROGRESS,,,False,MEDIUM,EMAIL
CBK0002593,TXN00017923,USR87216,MCH8000,,,1055.53,DUPLICATE_PROCESSING,CLOSED,2026-03-03 10:31:06,,False,MEDIUM,CHATBOT
CBK0002594,TXN00005908,USR24024,MCH1329,,,1603.01,DUPLICATE_PROCESSING,CLOSED,2026-02-04 22:51:08,,False,LOW,IVR
CBK0002595,TXN00006136,USR28582,MCH5118,,,3785.87,MERCHANT_OR_DELIVERY_ISSUE,IN_PROGRESS,,,False,LOW,IVR
CBK0002596,TXN00013632,USR34733,MCH8154,,,1178.89,FRAUD_OR_ATO,IN_PROGRESS,2026-01-18 15:45:36,,False,MEDIUM,CHATBOT
CBK0002597,TXN00008925,USR93425,MCH3339,,,3175.71,MERCHANT_OR_DELIVERY_ISSUE,REJECTED,,,False,LOW,IVR
CBK0002598,TXN00012208,USR54794,MCH2336,2026-01-06 00:00:00,,5802.45,FRAUD_OR_ATO,CLOSED,,,False,MEDIUM,BRANCH
CBK0002599,TXN00015427,USR46465,MCH3243,,,1089.6,FRAUD_OR_ATO,OPEN,,,False,MEDIUM,CHATBOT
CBK0002600,TXN95920,USR42158,MCH8602,,,45384.61,FRAUD_OR_ATO,CLOSED,,,False,HIGH,CHATBOT
CBK0002601,TXN00008048,USR47942,MCH3036,,,0.75,FRAUD_OR_ATO,IN_PROGRESS,,,False,HIGH,IVR
CBK0002602,TXN00012801,USR20795,MCH5787,,,2374.29,MERCHANT_OR_DELIVERY_ISSUE,RESOLVED,2026-03-09 12:23:30,,False,MEDIUM,CALL CENTER
CBK0002603,TXN00009920,USR72778,MCH3738,2026-02-25 00:00:00,,1507.51,FRAUD_OR_ATO,IN_PROGRESS,2026-03-09 18:15:06,,False,LOW,IVR
CBK0002604,TXN00015102,USR10831,MCH8980,,,0.1,FRAUD_OR_ATO,OPEN,,,False,MEDIUM,IVR
CBK0002605,TXN00007342,USR51261,MCH9573,,,9521.14,MERCHANT_OR_DELIVERY_ISSUE,IN_PROGRESS,,,False,MEDIUM,BRANCH
CBK0002606,TXN00018342,USR69706,MCH8779,2026-03-23 00:00:00,2026-03-25 00:00:00,2231.66,FRAUD_OR_ATO,IN_PROGRESS,,,False,CRITICAL,IVR
CBK0002607,TXN00010699,USR18453,MCH9441,,,428.88,FRAUD_OR_ATO,IN_PROGRESS,,,False,CRITICAL,IVR
CBK0002608,TXN00012654,USR13367,MCH8076,,,326.32,FRAUD_OR_ATO,RESOLVED,,,False,LOW,APP
CBK0002609,TXN00005872,USR71348,MCH9291,,,2023.21,FRAUD_OR_ATO,RESOLVED,,,False,LOW,CHATBOT
CBK0002610,TXN00011255,USR62673,MCH3100,,,2068.22,FRAUD_OR_ATO,OPEN,2026-01-25 17:51:37,,False,LOW,CALL CENTER
CBK0002611,TXN00001244,USR27732,MCH4473,,,722.73,GENERAL_DISPUTE,REJECTED,,,False,MEDIUM,IVR
CBK0002612,TXN00010607,USR32830,MCH9346,,,397.65,FRAUD_OR_ATO,RESOLVED,,,False,HIGH,BRANCH
CBK0002613,TXN00008727,USR47519,MCH3071,,2026-03-17 22:35:31,253.89,GENERAL_DISPUTE,IN_PROGRESS,,,False,LOW,IVR
CBK0002614,TXN00006336,USR70866,MCH8906,,,846.13,AMOUNT_MISMATCH,OPEN,,,False,MEDIUM,CHATBOT
CBK0002615,TXN00018536,USR57158,MCH5099,,,1257.97,FRAUD_OR_ATO,OPEN,,,False,HIGH,APP
CBK0002616,TXN00000806,USR30612,MCH2757,2026-02-10 00:00:00,2026-02-11 03:28:31,3611.11,MERCHANT_OR_DELIVERY_ISSUE,RESOLVED,,,False,LOW,CHATBOT
CBK0002617,TXN00016671,USR60544,MCH7838,2026-02-09 00:00:00,,1587.1,GENERAL_DISPUTE,REJECTED,2026-03-17 23:17:16,,False,LOW,CALL CENTER
CBK0002618,TXN00011168,USR44759,MCH5594,,,5239.53,FRAUD_OR_ATO,REJECTED,,,False,MEDIUM,CHATBOT
CBK0002619,TXN00000071,USR86538,MCH2766,,2026-01-27 18:40:21,3311.22,FRAUD_OR_ATO,IN_PROGRESS,,,False,MEDIUM,CALL CENTER
CBK0002620,TXN00011524,USR26051,MCH4344,,2026-02-14 00:00:00,0.3,AMOUNT_MISMATCH,RESOLVED,,,False,LOW,APP
CBK0002621,TXN00013196,USR25302,MCH2285,,,0.48,MERCHANT_OR_DELIVERY_ISSUE,IN_PROGRESS,,,False,MEDIUM,BRANCH
CBK0002622,TXN00018833,USR92174,MCH4861,2026-02-05 00:00:00,2026-02-13 13:09:19,451.83,FRAUD_OR_ATO,RESOLVED,,,False,CRITICAL,CHATBOT
CBK0002623,UNKNOWN_TXN,USR80824,MCH3492,,,1057.6,FRAUD_OR_ATO,REJECTED,,,False,HIGH,APP
CBK0002624,TXN00001580,USR72987,MCH6380,,,19958.58,FRAUD_OR_ATO,IN_PROGRESS,2026-01-25 01:58:32,,False,CRITICAL,APP
CBK0002625,TXN00004157,USR67803,MCH8154,,2026-02-04 00:00:00,0.27,GENERAL_DISPUTE,OPEN,,,False,LOW,CALL CENTER
CBK0002626,TXN00013045,USR87914,MCH6675,,,1342.39,MERCHANT_OR_DELIVERY_ISSUE,REJECTED,,,False,LOW,IVR
CBK0002627,TXN00001026,USR26564,MCH5899,,,2910.7,MERCHANT_OR_DELIVERY_ISSUE,IN_PROGRESS,,,False,MEDIUM,IVR
CBK0002628,TXN00016840,USR73920,MCH4401,,,276.74,GENERAL_DISPUTE,OPEN,,,False,HIGH,BRANCH
CBK0002629,TXN00010196,USR41172,MCH4588,,,0.85,FRAUD_OR_ATO,REJECTED,,,False,HIGH,IVR
CBK0002630,TXN00019209,USR61436,MCH9582,,2026-03-28 00:00:00,13306.35,FRAUD_OR_ATO,OPEN,,,False,LOW,CHATBOT
CBK0002631,TXN00010422,USR63280,MCH9480,,2026-03-16 00:00:00,2144.03,FRAUD_OR_ATO,REJECTED,,,False,MEDIUM,IVR
CBK0002632,TXN00019581,USR34162,MCH8433,,,1017.95,MERCHANT_OR_DELIVERY_ISSUE,RESOLVED,,,False,LOW,CALL CENTER
CBK0002633,TXN00018827,USR76516,MCH2530,,,2231.59,MERCHANT_OR_DELIVERY_ISSUE,REJECTED,,,False,MEDIUM,IVR
CBK0002634,TXN00017469,USR67399,MCH4047,,,1016.01,AMOUNT_MISMATCH,REJECTED,,,False,LOW,IVR
CBK0002635,TXN00012235,USR39811,MCH4990,,,10021.84,DUPLICATE_PROCESSING,OPEN,,,False,MEDIUM,CALL CENTER
CBK0002636,TXN00019539,USR51854,MCH1037,,,671.14,GENERAL_DISPUTE,IN_PROGRESS,,,False,LOW,BRANCH
CBK0002637,TXN00001839,USR69852,MCH4722,,,1071.92,DUPLICATE_PROCESSING,REJECTED,,,False,MEDIUM,IVR
CBK0002638,TXN00016536,USR21162,MCH8425,,,406.58,DUPLICATE_PROCESSING,IN_PROGRESS,,,False,CRITICAL,EMAIL
CBK0002639,TXN00016579,USR53527,MCH8073,,,1345.55,MERCHANT_OR_DELIVERY_ISSUE,CLOSED,,,False,MEDIUM,APP
CBK0002640,TXN00005546,USR34195,MCH2365,,,0.15,DUPLICATE_PROCESSING,OPEN,,,False,LOW,CALL CENTER
CBK0002641,TXN00005655,USR10307,MCH4859,,,5976.8,AMOUNT_MISMATCH,OPEN,,,False,HIGH,CHATBOT
CBK0002642,TXN00007026,USR88352,MCH8311,,,,FRAUD_OR_ATO,CLOSED,,,False,MEDIUM,CHATBOT
CBK0002643,TXN00011560,USR74311,MCH9291,,,2932.55,MERCHANT_OR_DELIVERY_ISSUE,REJECTED,,,False,HIGH,CHATBOT
CBK0002644,TXN00006588,USR72024,MCH7102,2026-03-27 00:00:00,,1971.85,GENERAL_DISPUTE,REJECTED,,,False,CRITICAL,CHATBOT
CBK0002645,TXN00004392,USR43033,MCH3019,,,272.46,MERCHANT_OR_DELIVERY_ISSUE,REJECTED,2026-03-09 12:13:05,,False,LOW,CHATBOT
CBK0002646,TXN00007962,USR17493,MCH3415,,,875.42,DUPLICATE_PROCESSING,CLOSED,,,False,CRITICAL,IVR
CBK0002647,TXN99966,USR24761,MCH4392,,,841.29,AMOUNT_MISMATCH,OPEN,,,False,MEDIUM,BRANCH
CBK0002648,TXN00015715,USR23388,MCH7559,2026-02-10 00:00:00,,9730.68,AMOUNT_MISMATCH,IN_PROGRESS,,,False,LOW,EMAIL
CBK0002649,TXN00007227,USR18102,MCH8436,,,3120.43,MERCHANT_OR_DELIVERY_ISSUE,REJECTED,,,False,MEDIUM,EMAIL
CBK0002650,TXN00017156,USR66478,MCH1329,,,2089.48,GENERAL_DISPUTE,OPEN,,,False,MEDIUM,BRANCH
CBK0002651,TXN00011973,USR27533,MCH7670,2026-02-16 20:01:15,2026-02-19 15:01:15,50.0,MERCHANT_OR_DELIVERY_ISSUE,OPEN,2026-02-26 15:01:15,7.0,False,HIGH,BRANCH
CBK0002652,TXN00008454,USR79705,MCH2757,,,0.27,FRAUD_OR_ATO,IN_PROGRESS,,,False,MEDIUM,CHATBOT
CBK0002653,TXN00000675,USR49080,MCH5147,,,3743.54,MERCHANT_OR_DELIVERY_ISSUE,IN_PROGRESS,,,False,LOW,IVR
CBK0002654,TXN00013866,USR55262,MCH4226,,,3952.26,FRAUD_OR_ATO,REJECTED,2026-04-13 21:53:19,,False,LOW,CHATBOT
CBK0002655,TXN00002868,USR13587,MCH8080,,,860.7,MERCHANT_OR_DELIVERY_ISSUE,IN_PROGRESS,2026-03-13 00:55:24,,False,HIGH,IVR
CBK0002656,TXN00003111,USR97954,MCH1274,2026-01-02 00:00:00,,1858.78,FRAUD_OR_ATO,CLOSED,,,False,LOW,APP
CBK0002657,TXN00017047,USR97927,MCH9426,,,1731.53,FRAUD_OR_ATO,IN_PROGRESS,,,False,LOW,CALL CENTER
CBK0002658,TXN00001412,USR91038,MCH9217,,,0.21,AMOUNT_MISMATCH,IN_PROGRESS,,,False,HIGH,BRANCH
CBK0002659,TXN00003213,USR61306,MCH7286,,,1246.38,AMOUNT_MISMATCH,OPEN,,,False,HIGH,IVR
CBK0002660,TXN00015268,USR84844,MCH9709,,,0.41,MERCHANT_OR_DELIVERY_ISSUE,OPEN,2026-04-20 10:49:25,,False,MEDIUM,EMAIL
CBK0002661,TXN00015325,USR25636,MCH1585,,,5464.95,MERCHANT_OR_DELIVERY_ISSUE,REJECTED,,,False,MEDIUM,CALL CENTER
CBK0002662,TXN00001805,USR29306,MCH5624,,,692.55,GENERAL_DISPUTE,REJECTED,,,False,MEDIUM,CHATBOT
CBK0002663,TXN00009741,USR40631,MCH9584,,2026-02-06 00:00:00,0.55,MERCHANT_OR_DELIVERY_ISSUE,CLOSED,,,False,LOW,BRANCH
CBK0002664,TXN00008946,USR84093,MCH1298,2026-01-06 13:57:53,,815.57,FRAUD_OR_ATO,REJECTED,,,False,MEDIUM,IVR
CBK0002665,TXN00001173,USR21421,MCH3004,,,1898.31,FRAUD_OR_ATO,CLOSED,,,False,MEDIUM,APP
CBK0002666,TXN00005307,USR63160,MCH3992,,,,GENERAL_DISPUTE,CLOSED,2026-03-26 17:09:06,,False,LOW,APP
CBK0002667,TXN00016456,USR42556,MCH5029,,,3977.66,AMOUNT_MISMATCH,IN_PROGRESS,,,False,LOW,CHATBOT
CBK0002668,UNKNOWN_TXN,USR19568,MCH9291,,,4776.3,FRAUD_OR_ATO,REJECTED,,,False,LOW,CHATBOT
CBK0002669,TXN00019872,USR24991,MCH4473,,,2597.87,AMOUNT_MISMATCH,IN_PROGRESS,,,False,MEDIUM,CHATBOT
CBK0002670,TXN00018420,USR34122,MCH3807,,,2274.67,MERCHANT_OR_DELIVERY_ISSUE,IN_PROGRESS,,,False,HIGH,BRANCH
CBK0002671,TXN00018559,USR95364,MCH3979,,2026-02-17 02:27:10,0.94,FRAUD_OR_ATO,REJECTED,2026-03-14 02:27:10,25.0,True,LOW,CALL CENTER
CBK0002672,TXN00014672,USR51854,MCH2993,2026-02-20 00:00:00,,1817.11,FRAUD_OR_ATO,OPEN,,,False,HIGH,EMAIL
CBK0002673,TXN00017755,USR27181,MCH6810,,,3261.84,DUPLICATE_PROCESSING,CLOSED,,,False,MEDIUM,EMAIL
CBK0002674,TXN00007519,USR53527,MCH8779,,,2490.54,MERCHANT_OR_DELIVERY_ISSUE,REJECTED,,,False,LOW,IVR
CBK0002675,TXN00007158,USR38065,MCH6195,2026-02-10 00:00:00,,1520.53,MERCHANT_OR_DELIVERY_ISSUE,IN_PROGRESS,,,False,HIGH,IVR
CBK0002676,TXN00004927,USR19351,MCH3684,,,1530.6,MERCHANT_OR_DELIVERY_ISSUE,RESOLVED,,,False,LOW,APP
CBK0002677,TXN00009096,USR31537,MCH8779,,,6781.52,AMOUNT_MISMATCH,IN_PROGRESS,2026-03-10 08:17:01,,False,MEDIUM,BRANCH
CBK0002678,TXN74852,USR64694,MCH3676,2026-02-11 00:00:00,,1652.05,DUPLICATE_PROCESSING,IN_PROGRESS,2026-03-11 16:25:29,,False,MEDIUM,CALL CENTER
CBK0002679,UNKNOWN_TXN,USR57460,MCH6850,,,0.13,AMOUNT_MISMATCH,REJECTED,,,False,HIGH,CHATBOT
CBK0002680,TXN00009041,USR82433,MCH4594,,,865.19,DUPLICATE_PROCESSING,OPEN,,,False,LOW,EMAIL
CBK0002681,TXN00008227,USR87558,MCH3815,,,2758.76,GENERAL_DISPUTE,REJECTED,,,False,HIGH,EMAIL
CBK0002682,TXN00000762,USR34180,MCH9565,,2026-02-21 00:00:00,1083.4,DUPLICATE_PROCESSING,RESOLVED,,,False,HIGH,IVR
CBK0002683,TXN00004094,USR73891,MCH8154,,,2519.45,AMOUNT_MISMATCH,IN_PROGRESS,,,False,HIGH,IVR
CBK0002684,TXN00018518,USR58335,MCH2058,,,2159.7,FRAUD_OR_ATO,CLOSED,,,False,LOW,CALL CENTER
CBK0002685,TXN00018738,USR32577,MCH5980,,,1179.22,DUPLICATE_PROCESSING,IN_PROGRESS,,,False,LOW,CHATBOT
CBK0002686,TXN00017656,USR69648,MCH9430,,,447.83,FRAUD_OR_ATO,RESOLVED,,,False,MEDIUM,CHATBOT
CBK0002687,TXN00017004,USR22471,MCH2822,,,645.98,GENERAL_DISPUTE,IN_PROGRESS,,,False,CRITICAL,CALL CENTER
CBK0002688,TXN00016086,USR48363,MCH5076,,,756.07,FRAUD_OR_ATO,OPEN,,,False,HIGH,CHATBOT
CBK0002689,TXN00011270,USR88203,MCH3731,,,0.66,FRAUD_OR_ATO,OPEN,2026-03-23 08:07:52,,False,LOW,CHATBOT
CBK0002690,TXN00005810,USR29306,MCH4473,,,2850.55,MERCHANT_OR_DELIVERY_ISSUE,CLOSED,,,False,MEDIUM,IVR
CBK0002691,TXN00002791,USR22598,MCH2822,2026-01-27 20:56:14,,15201.89,MERCHANT_OR_DELIVERY_ISSUE,OPEN,2026-02-23 20:56:14,,False,CRITICAL,IVR
CBK0002692,TXN00011494,USR52887,MCH1757,,,1084.65,FRAUD_OR_ATO,REJECTED,,,False,LOW,IVR
CBK0002693,UNKNOWN_TXN,USR66470,MCH7690,,,1231.18,FRAUD_OR_ATO,OPEN,2026-02-28 15:38:40,,False,MEDIUM,CHATBOT
CBK0002694,TXN00017451,USR11727,MCH6810,2026-03-04 00:00:00,,1007.69,MERCHANT_OR_DELIVERY_ISSUE,IN_PROGRESS,,,False,LOW,IVR
CBK0002695,TXN00009985,USR69511,MCH3100,,,4262.78,FRAUD_OR_ATO,OPEN,,,False,LOW,APP
CBK0002696,TXN00011475,USR20908,MCH7180,,,2769.32,GENERAL_DISPUTE,OPEN,,,False,MEDIUM,IVR
CBK0002697,TXN00004642,USR90463,MCH5765,,,1778.23,FRAUD_OR_ATO,OPEN,,,False,MEDIUM,IVR
CBK0002698,TXN00019768,USR65106,MCH2472,2026-03-29 00:00:00,,537.48,FRAUD_OR_ATO,RESOLVED,,,False,HIGH,BRANCH
CBK0002699,TXN00004968,USR63160,MCH2867,,,686.93,FRAUD_OR_ATO,IN_PROGRESS,,,False,HIGH,IVR
CBK0002700,TXN00018891,USR69797,MCH5713,,2026-01-06 00:00:00,2154.46,FRAUD_OR_ATO,RESOLVED,,,False,HIGH,EMAIL
CBK0002701,TXN00015262,USR47926,MCH5959,,,2260.38,GENERAL_DISPUTE,OPEN,,,False,LOW,IVR
CBK0002702,TXN00010278,USR59665,MCH8977,,2026-03-16 05:57:07,1779.15,FRAUD_OR_ATO,CLOSED,,,False,HIGH,IVR
CBK0002703,TXN00019588,USR14075,MCH4041,2026-01-14 23:39:02,,,GENERAL_DISPUTE,CLOSED,2026-02-10 14:39:02,,False,MEDIUM,CHATBOT
CBK0002704,TXN00013438,USR19231,MCH9625,,,532.41,FRAUD_OR_ATO,CLOSED,,,False,MEDIUM,CHATBOT
CBK0002705,TXN00005717,USR91772,MCH2757,,,2449.38,AMOUNT_MISMATCH,IN_PROGRESS,,,False,LOW,IVR
CBK0002706,TXN00012918,USR27107,MCH6044,,,2316.9,FRAUD_OR_ATO,CLOSED,,,False,MEDIUM,CHATBOT
CBK0002707,TXN00010218,USR11076,MCH7833,,,0.69,MERCHANT_OR_DELIVERY_ISSUE,CLOSED,,,False,MEDIUM,BRANCH
CBK0002708,TXN00018113,USR17556,MCH8377,,,987.42,FRAUD_OR_ATO,REJECTED,2026-03-10 17:45:31,,False,LOW,CHATBOT
CBK0002709,TXN00003581,USR40538,MCH8057,,,3616.02,FRAUD_OR_ATO,IN_PROGRESS,,,False,MEDIUM,IVR
CBK0002710,TXN00004746,USR68670,MCH1335,2026-03-19 00:00:00,,579.06,FRAUD_OR_ATO,IN_PROGRESS,,,False,HIGH,BRANCH
CBK0002711,TXN42233,USR31712,MCH3819,,2026-04-24 16:53:03,,DUPLICATE_PROCESSING,CLOSED,2026-05-09 16:53:03,15.0,True,HIGH,IVR
CBK0002712,TXN00006919,USR19070,MCH8672,,2026-02-28 10:57:53,3151.9,FRAUD_OR_ATO,IN_PROGRESS,,,False,LOW,CHATBOT
CBK0002713,TXN00016837,USR36321,MCH2065,,,,GENERAL_DISPUTE,REJECTED,,,False,HIGH,CHATBOT
CBK0002714,TXN00001631,USR87649,MCH3989,,,1405.08,FRAUD_OR_ATO,RESOLVED,2026-03-25 19:43:59,,False,LOW,IVR
CBK0002715,TXN00004748,USR44569,MCH3100,,,3976.68,MERCHANT_OR_DELIVERY_ISSUE,CLOSED,,,False,LOW,EMAIL
CBK0002716,TXN00003119,USR34955,MCH8691,,2026-02-24 21:58:58,1198.29,GENERAL_DISPUTE,CLOSED,,,False,LOW,EMAIL
CBK0002717,TXN00010611,USR62341,MCH6810,,,1248.48,GENERAL_DISPUTE,REJECTED,,,False,HIGH,CHATBOT
CBK0002718,TXN00013934,USR84084,MCH7370,,2026-03-22 23:15:17,7727.87,FRAUD_OR_ATO,OPEN,,,False,LOW,IVR
CBK0002719,TXN00016715,USR73639,MCH6051,2026-01-09 00:00:00,,1128.27,GENERAL_DISPUTE,REJECTED,,,False,MEDIUM,IVR
CBK0002720,TXN00010672,USR87829,MCH9344,,2026-02-14 00:00:00,0.21,MERCHANT_OR_DELIVERY_ISSUE,CLOSED,,,False,MEDIUM,CHATBOT
CBK0002721,TXN00017658,USR43499,MCH9765,2026-02-09 16:24:25,,845.38,GENERAL_DISPUTE,IN_PROGRESS,,,False,MEDIUM,EMAIL
CBK0002722,TXN00008498,USR48374,MCH8230,2026-02-01 00:00:00,2026-02-16 00:00:00,2342.66,FRAUD_OR_ATO,IN_PROGRESS,,,False,LOW,IVR
CBK0002723,TXN00017184,USR90661,MCH2507,,,3231.22,DUPLICATE_PROCESSING,REJECTED,,,False,MEDIUM,IVR
CBK0002724,TXN00007282,USR52296,MCH8854,2026-01-22 20:50:32,,9729.28,DUPLICATE_PROCESSING,IN_PROGRESS,,,False,MEDIUM,BRANCH
CBK0002725,TXN00008319,USR50664,MCH9581,,,,FRAUD_OR_ATO,CLOSED,,,False,LOW,CHATBOT
CBK0002726,TXN00003733,USR34851,MCH8714,2026-01-10 00:00:00,,,FRAUD_OR_ATO,REJECTED,,,False,LOW,CHATBOT
CBK0002727,TXN00004731,USR24341,MCH1965,,,0.14,FRAUD_OR_ATO,REJECTED,,,False,HIGH,EMAIL
CBK0002728,TXN00014794,USR60133,MCH9291,,,975.44,GENERAL_DISPUTE,IN_PROGRESS,,,False,MEDIUM,CHATBOT
CBK0002729,TXN00000967,USR30147,MCH6792,,,1780.33,FRAUD_OR_ATO,OPEN,,,False,CRITICAL,CHATBOT
CBK0002730,TXN00004070,USR84719,MCH4590,,,3047.23,FRAUD_OR_ATO,IN_PROGRESS,,,False,MEDIUM,CHATBOT
CBK0002731,TXN00000182,USR78938,MCH8953,,,17413.88,GENERAL_DISPUTE,CLOSED,,,False,HIGH,APP
CBK0002732,TXN00007712,USR86991,MCH7765,,,1151.15,MERCHANT_OR_DELIVERY_ISSUE,IN_PROGRESS,2026-02-12 17:09:22,,False,MEDIUM,APP
CBK0002733,TXN00015766,USR87074,MCH6810,2026-03-26 15:10:36,,198.26,FRAUD_OR_ATO,OPEN,,,False,LOW,CHATBOT
CBK0002734,TXN86247,USR30500,MCH9900,,,1425.14,FRAUD_OR_ATO,OPEN,,,False,HIGH,CHATBOT
CBK0002735,TXN00012810,USR90720,MCH4590,,2026-02-24 00:00:00,,FRAUD_OR_ATO,CLOSED,,,False,MEDIUM,CHATBOT
CBK0002736,TXN00017399,USR27913,MCH5980,,2026-01-27 00:00:00,685.65,MERCHANT_OR_DELIVERY_ISSUE,REJECTED,,,False,CRITICAL,CHATBOT
CBK0002737,TXN00005881,USR91565,MCH2757,,,2284.0,AMOUNT_MISMATCH,REJECTED,,,False,MEDIUM,EMAIL
CBK0002738,TXN00000947,USR89588,MCH2960,,2026-02-13 11:30:44,0.21,FRAUD_OR_ATO,RESOLVED,2026-02-18 11:30:44,5.0,False,MEDIUM,EMAIL
CBK0002739,TXN00017191,USR70236,MCH4655,,,0.23,FRAUD_OR_ATO,IN_PROGRESS,,,False,LOW,CHATBOT
CBK0002740,TXN00013424,USR71939,MCH4819,,,3989.1,MERCHANT_OR_DELIVERY_ISSUE,IN_PROGRESS,,,False,LOW,CHATBOT
CBK0002741,TXN00016493,USR97428,MCH9290,,,1664.55,FRAUD_OR_ATO,CLOSED,,,False,LOW,IVR
CBK0002742,TXN00015781,USR70003,MCH5954,,2026-02-20 00:00:00,3126.09,FRAUD_OR_ATO,IN_PROGRESS,2026-03-15 04:14:07,23.0,True,MEDIUM,APP
CBK0002743,TXN53543,USR85742,MCH4473,,,299.18,MERCHANT_OR_DELIVERY_ISSUE,REJECTED,,,False,LOW,EMAIL
CBK0002744,TXN00012832,USR47729,MCH4521,2026-03-05 03:30:57,,,FRAUD_OR_ATO,IN_PROGRESS,2026-04-29 22:30:57,,False,LOW,IVR
CBK0002745,TXN00003727,USR54113,MCH7888,,,1284.94,AMOUNT_MISMATCH,REJECTED,2026-03-29 11:17:03,,False,MEDIUM,IVR
CBK0002746,TXN00015136,USR57117,MCH5167,,,661.74,MERCHANT_OR_DELIVERY_ISSUE,OPEN,,,False,LOW,CALL CENTER
CBK0002747,TXN00010095,USR18347,MCH9442,2026-03-24 00:00:00,,1820.01,DUPLICATE_PROCESSING,RESOLVED,,,False,LOW,EMAIL
CBK0002748,TXN00006778,USR65191,MCH1320,,2026-04-02 00:00:00,1282.1,MERCHANT_OR_DELIVERY_ISSUE,RESOLVED,,,False,MEDIUM,CHATBOT
CBK0002749,TXN00019208,USR22131,MCH6084,,2026-03-10 01:16:17,1146.96,GENERAL_DISPUTE,REJECTED,,,False,MEDIUM,CHATBOT
CBK0002750,TXN00013670,USR26461,MCH9342,,,4375.63,DUPLICATE_PROCESSING,REJECTED,2026-03-18 18:50:28,,False,MEDIUM,BRANCH
CBK0002751,TXN00015657,USR59679,MCH3440,,,1966.13,MERCHANT_OR_DELIVERY_ISSUE,REJECTED,,,False,LOW,IVR
CBK0002752,TXN00009074,USR58639,MCH4181,2026-01-05 07:07:09,2026-01-05 00:00:00,611.73,FRAUD_OR_ATO,OPEN,,,False,MEDIUM,BRANCH
CBK0002753,TXN00006756,USR69271,MCH1635,,,988.98,MERCHANT_OR_DELIVERY_ISSUE,IN_PROGRESS,,,False,MEDIUM,BRANCH
CBK0002754,TXN00014491,USR40425,MCH1768,,,0.38,FRAUD_OR_ATO,IN_PROGRESS,,,False,LOW,IVR
CBK0002755,TXN00002471,USR90893,MCH8779,,,2207.71,FRAUD_OR_ATO,CLOSED,,,False,HIGH,IVR
CBK0002756,TXN00003850,USR52907,MCH1919,,,5978.59,DUPLICATE_PROCESSING,REJECTED,2026-05-12 18:06:08,,False,LOW,IVR
CBK0002757,TXN00002386,USR65855,MCH2446,,,4215.68,MERCHANT_OR_DELIVERY_ISSUE,IN_PROGRESS,,,False,LOW,CALL CENTER
CBK0002758,UNKNOWN_TXN,USR60667,MCH2383,2026-03-23 06:19:08,,1225.29,FRAUD_OR_ATO,IN_PROGRESS,,,False,MEDIUM,BRANCH
CBK0002759,TXN00003778,USR65783,MCH3028,,,0.76,AMOUNT_MISMATCH,IN_PROGRESS,,,False,MEDIUM,CALL CENTER
CBK0002760,TXN00016683,USR85320,MCH2780,2026-03-29 01:37:33,2026-03-31 00:00:00,8248.74,GENERAL_DISPUTE,CLOSED,,,False,MEDIUM,CHATBOT
CBK0002761,TXN00017387,USR73413,MCH2266,,,303.26,FRAUD_OR_ATO,OPEN,,,False,MEDIUM,APP
CBK0002762,TXN00012709,USR87422,MCH2383,,,1866.43,DUPLICATE_PROCESSING,OPEN,,,False,MEDIUM,BRANCH
CBK0002763,TXN00010243,USR96392,MCH8516,,2026-03-29 22:29:48,0.1,AMOUNT_MISMATCH,RESOLVED,,,False,LOW,CALL CENTER
CBK0002764,TXN00014418,USR71468,MCH6403,,,1393.43,MERCHANT_OR_DELIVERY_ISSUE,IN_PROGRESS,,,False,MEDIUM,EMAIL
CBK0002765,TXN00004590,USR58546,MCH8779,,,799.39,FRAUD_OR_ATO,IN_PROGRESS,,,False,HIGH,EMAIL
CBK0002766,TXN00011236,USR61715,MCH4062,,,,FRAUD_OR_ATO,RESOLVED,,,False,LOW,IVR
CBK0002767,TXN00014701,USR79411,MCH8154,,,4452.29,MERCHANT_OR_DELIVERY_ISSUE,OPEN,,,False,HIGH,CHATBOT
CBK0002768,TXN68399,USR40977,MCH2404,,,562.25,FRAUD_OR_ATO,OPEN,2026-02-03 07:38:22,,False,HIGH,CHATBOT
CBK0002769,TXN00003447,USR76233,MCH8735,2026-02-19 00:00:00,,1984.96,AMOUNT_MISMATCH,REJECTED,,,False,MEDIUM,CHATBOT
CBK0002770,TXN00013498,USR24608,MCH3992,2026-01-05 17:13:36,,469.12,FRAUD_OR_ATO,IN_PROGRESS,,,False,LOW,IVR
CBK0002771,TXN00003740,USR43341,MCH4181,,,6434.35,GENERAL_DISPUTE,IN_PROGRESS,,,False,LOW,BRANCH
CBK0002772,TXN00008116,USR80305,MCH3781,,,1863.17,DUPLICATE_PROCESSING,REJECTED,,,False,LOW,IVR
CBK0002773,TXN00003172,USR63475,MCH3441,,,3809.65,AMOUNT_MISMATCH,OPEN,,,False,LOW,CHATBOT
CBK0002774,TXN00007924,USR36664,MCH6959,,2026-01-02 00:00:00,2197.57,FRAUD_OR_ATO,RESOLVED,,,False,MEDIUM,APP
CBK0002775,TXN00018203,USR60939,MCH9570,,,1403.54,FRAUD_OR_ATO,CLOSED,,,False,LOW,APP
CBK0002776,TXN00013127,USR40874,MCH5212,,,1935.98,FRAUD_OR_ATO,OPEN,,,False,HIGH,CHATBOT
CBK0002777,TXN41176,USR83934,MCH9022,2026-02-01 00:00:00,,8162.73,FRAUD_OR_ATO,IN_PROGRESS,,,False,HIGH,IVR
CBK0002778,TXN34155,USR63286,MCH5795,,,736.99,MERCHANT_OR_DELIVERY_ISSUE,IN_PROGRESS,,,False,MEDIUM,CHATBOT
CBK0002779,TXN00001284,USR62254,MCH5430,,,141.27,FRAUD_OR_ATO,CLOSED,,,False,MEDIUM,APP
CBK0002780,TXN40959,USR75376,MCH4293,,,823.15,MERCHANT_OR_DELIVERY_ISSUE,IN_PROGRESS,,,False,HIGH,CHATBOT
CBK0002781,TXN00007463,USR88712,MCH4226,,,0.54,MERCHANT_OR_DELIVERY_ISSUE,IN_PROGRESS,,,False,MEDIUM,IVR
CBK0002782,TXN00004814,USR53828,MCH2822,2026-03-09 04:06:54,,,FRAUD_OR_ATO,REJECTED,,,False,LOW,BRANCH
CBK0002783,TXN00003505,USR92295,MCH3100,,,1516.67,AMOUNT_MISMATCH,IN_PROGRESS,,,False,LOW,IVR
CBK0002784,TXN00003041,USR21253,MCH2118,2026-01-18 17:10:46,,0.41,MERCHANT_OR_DELIVERY_ISSUE,RESOLVED,,,False,MEDIUM,EMAIL
CBK0002785,TXN00013530,USR57016,MCH8577,,,1866.63,AMOUNT_MISMATCH,OPEN,2026-03-04 19:05:58,,False,CRITICAL,CALL CENTER
CBK0002786,TXN00001975,USR44809,MCH9291,,,1823.8,FRAUD_OR_ATO,RESOLVED,2026-03-16 06:59:19,,False,HIGH,IVR
CBK0002787,TXN00005483,USR89278,MCH4006,,,2130.14,MERCHANT_OR_DELIVERY_ISSUE,IN_PROGRESS,,,False,MEDIUM,CALL CENTER
CBK0002788,TXN00007182,USR38163,MCH5980,2026-03-11 00:00:00,,7942.83,GENERAL_DISPUTE,IN_PROGRESS,,,False,LOW,BRANCH
CBK0002789,TXN00000255,USR59679,MCH6985,,,2178.8,DUPLICATE_PROCESSING,IN_PROGRESS,,,False,MEDIUM,CHATBOT
CBK0002790,TXN00005364,USR44424,MCH3678,,,,MERCHANT_OR_DELIVERY_ISSUE,CLOSED,,,False,CRITICAL,EMAIL
CBK0002791,TXN00015597,USR82439,MCH6037,,2026-01-24 00:00:00,5141.83,FRAUD_OR_ATO,CLOSED,,,False,LOW,CALL CENTER
CBK0002792,TXN00005061,USR22154,MCH9022,,2026-03-02 00:00:00,1535.65,FRAUD_OR_ATO,REJECTED,,,False,HIGH,CHATBOT
CBK0002793,TXN00005174,USR39885,MCH8673,,,1679.19,FRAUD_OR_ATO,RESOLVED,,,False,HIGH,CHATBOT
CBK0002794,TXN00018116,USR71316,MCH6194,,,1239.17,DUPLICATE_PROCESSING,IN_PROGRESS,2026-02-07 22:14:43,,False,LOW,IVR
CBK0002795,TXN00013236,USR87506,MCH5811,2026-01-12 00:00:00,2026-01-14 07:15:20,6523.57,MERCHANT_OR_DELIVERY_ISSUE,IN_PROGRESS,,,False,LOW,CHATBOT
CBK0002796,TXN00001679,USR97772,MCH2029,2026-02-27 08:22:56,2026-03-04 14:22:56,705.52,FRAUD_OR_ATO,IN_PROGRESS,,,False,MEDIUM,IVR
CBK0002797,TXN00013910,USR34880,MCH1320,2026-01-21 11:46:59,,877.44,FRAUD_OR_ATO,IN_PROGRESS,,,False,HIGH,CHATBOT
CBK0002798,TXN66039,USR24087,MCH6965,,,0.14,MERCHANT_OR_DELIVERY_ISSUE,RESOLVED,,,False,LOW,CHATBOT
CBK0002799,TXN00003221,USR38263,MCH3031,,2026-01-30 00:00:00,0.57,MERCHANT_OR_DELIVERY_ISSUE,RESOLVED,,,False,MEDIUM,EMAIL
CBK0002800,TXN00003664,USR55718,MCH3777,,,1000.95,MERCHANT_OR_DELIVERY_ISSUE,CLOSED,,,False,MEDIUM,IVR
